url,statut
https://www.google.com/maps/search/etablissement+wellness+Rupt-sur-Moselle%2BFrance/,
https://www.google.com/maps/search/etablissement+wellness+Rupt-sur-Othain%2BFrance/,
https://www.google.com/maps/search/etablissement+wellness+Rupt-sur-Saône%2BFrance/,
https://www.google.com/maps/search/etablissement+wellness+Rurange-lès-Thionville%2BFrance/,
https://www.google.com/maps/search/etablissement+wellness+Rurey%2BFrance/,
https://www.google.com/maps/search/etablissement+wellness+Rusio%2BFrance/,
https://www.google.com/maps/search/etablissement+wellness+Russ%2BFrance/,
https://www.google.com/maps/search/etablissement+wellness+Russange%2BFrance/,
https://www.google.com/maps/search/etablissement+wellness+Le Russey%2BFrance/,
https://www.google.com/maps/search/etablissement+wellness+Russy%2BFrance/,
https://www.google.com/maps/search/etablissement+wellness+Russy-Bémont%2BFrance/,
https://www.google.com/maps/search/etablissement+wellness+Rustenhart%2BFrance/,
https://www.google.com/maps/search/etablissement+wellness+Rustiques%2BFrance/,
https://www.google.com/maps/search/etablissement+wellness+Rustrel%2BFrance/,
https://www.google.com/maps/search/etablissement+wellness+Rustroff%2BFrance/,
https://www.google.com/maps/search/etablissement+wellness+Rutali%2BFrance/,
https://www.google.com/maps/search/etablissement+wellness+Ruvigny%2BFrance/,
https://www.google.com/maps/search/etablissement+wellness+Ruy-Montceau%2BFrance/,
https://www.google.com/maps/search/etablissement+wellness+Ruyaulcourt%2BFrance/,
https://www.google.com/maps/search/etablissement+wellness+Ruynes-en-Margeride%2BFrance/,
https://www.google.com/maps/search/etablissement+wellness+Ry%2BFrance/,
https://www.google.com/maps/search/etablissement+wellness+Rye%2BFrance/,
https://www.google.com/maps/search/etablissement+wellness+Ryes%2BFrance/,
https://www.google.com/maps/search/etablissement+wellness+Saâcy-sur-Marne%2BFrance/,
https://www.google.com/maps/search/etablissement+wellness+Saales%2BFrance/,
https://www.google.com/maps/search/etablissement+wellness+Saâne-Saint-Just%2BFrance/,
https://www.google.com/maps/search/etablissement+wellness+Saasenheim%2BFrance/,
https://www.google.com/maps/search/etablissement+wellness+Sabadel-Latronquière%2BFrance/,
https://www.google.com/maps/search/etablissement+wellness+Sabadel-Lauzès%2BFrance/,
https://www.google.com/maps/search/etablissement+wellness+Sabaillan%2BFrance/,
https://www.google.com/maps/search/etablissement+wellness+Sabalos%2BFrance/,
https://www.google.com/maps/search/etablissement+wellness+Sabarat%2BFrance/,
https://www.google.com/maps/search/etablissement+wellness+Sabarros%2BFrance/,
https://www.google.com/maps/search/etablissement+wellness+Sabazan%2BFrance/,
https://www.google.com/maps/search/etablissement+wellness+Sablé-sur-Sarthe%2BFrance/,
https://www.google.com/maps/search/etablissement+wellness+Les Sables-d'Olonne%2BFrance/,
https://www.google.com/maps/search/etablissement+wellness+Sablet%2BFrance/,
https://www.google.com/maps/search/etablissement+wellness+Sablières%2BFrance/,
https://www.google.com/maps/search/etablissement+wellness+Sablonceaux%2BFrance/,
https://www.google.com/maps/search/etablissement+wellness+Sablonnières%2BFrance/,
https://www.google.com/maps/search/etablissement+wellness+Sablons%2BFrance/,
https://www.google.com/maps/search/etablissement+wellness+Sablons%2BFrance/,
https://www.google.com/maps/search/etablissement+wellness+Sablons sur Huisne%2BFrance/,
https://www.google.com/maps/search/etablissement+wellness+Sabonnères%2BFrance/,
https://www.google.com/maps/search/etablissement+wellness+La Sabotterie%2BFrance/,
https://www.google.com/maps/search/etablissement+wellness+Sabran%2BFrance/,
https://www.google.com/maps/search/etablissement+wellness+Sabres%2BFrance/,
https://www.google.com/maps/search/etablissement+wellness+Saccourvielle%2BFrance/,
https://www.google.com/maps/search/etablissement+wellness+Sacé%2BFrance/,
https://www.google.com/maps/search/etablissement+wellness+Sacey%2BFrance/,
https://www.google.com/maps/search/etablissement+wellness+Saché%2BFrance/,
https://www.google.com/maps/search/etablissement+wellness+Sachin%2BFrance/,
https://www.google.com/maps/search/etablissement+wellness+Sachy%2BFrance/,
https://www.google.com/maps/search/etablissement+wellness+Sacierges-Saint-Martin%2BFrance/,
https://www.google.com/maps/search/etablissement+wellness+Saclas%2BFrance/,
https://www.google.com/maps/search/etablissement+wellness+Saclay%2BFrance/,
https://www.google.com/maps/search/etablissement+wellness+Saconin-et-Breuil%2BFrance/,
https://www.google.com/maps/search/etablissement+wellness+Sacoué%2BFrance/,
https://www.google.com/maps/search/etablissement+wellness+Sacquenay%2BFrance/,
https://www.google.com/maps/search/etablissement+wellness+Sacquenville%2BFrance/,
https://www.google.com/maps/search/etablissement+wellness+Sacy%2BFrance/,
https://www.google.com/maps/search/etablissement+wellness+Sacy-le-Grand%2BFrance/,
https://www.google.com/maps/search/etablissement+wellness+Sacy-le-Petit%2BFrance/,
https://www.google.com/maps/search/etablissement+wellness+Sada%2BFrance/,
https://www.google.com/maps/search/etablissement+wellness+Sadeillan%2BFrance/,
https://www.google.com/maps/search/etablissement+wellness+Sadillac%2BFrance/,
https://www.google.com/maps/search/etablissement+wellness+Sadirac%2BFrance/,
https://www.google.com/maps/search/etablissement+wellness+Sadournin%2BFrance/,
https://www.google.com/maps/search/etablissement+wellness+Sadroc%2BFrance/,
https://www.google.com/maps/search/etablissement+wellness+Saessolsheim%2BFrance/,
https://www.google.com/maps/search/etablissement+wellness+Saffais%2BFrance/,
https://www.google.com/maps/search/etablissement+wellness+Saffloz%2BFrance/,traité (2026-08-22 22:44)
https://www.google.com/maps/search/etablissement+wellness+Saffré%2BFrance/,traité (2026-08-22 22:44)
https://www.google.com/maps/search/etablissement+wellness+Saffres%2BFrance/,traité (2026-08-22 22:44)
https://www.google.com/maps/search/etablissement+wellness+Sagelat%2BFrance/,traité (2026-08-22 22:44)
https://www.google.com/maps/search/etablissement+wellness+Sagnat%2BFrance/,traité (2026-08-22 22:44)
https://www.google.com/maps/search/etablissement+wellness+Sagnes-et-Goudoulet%2BFrance/,traité (2026-08-22 22:44)
https://www.google.com/maps/search/etablissement+wellness+Sagonne%2BFrance/,traité (2026-08-22 22:45)
https://www.google.com/maps/search/etablissement+wellness+Sagy%2BFrance/,traité (2026-08-22 22:46)
https://www.google.com/maps/search/etablissement+wellness+Sagy%2BFrance/,traité (2026-08-22 22:46)
https://www.google.com/maps/search/etablissement+wellness+Sahorre%2BFrance/,traité (2026-08-22 22:46)
https://www.google.com/maps/search/etablissement+wellness+Sahune%2BFrance/,traité (2026-08-22 22:46)
https://www.google.com/maps/search/etablissement+wellness+Sahurs%2BFrance/,traité (2026-08-22 22:47)
https://www.google.com/maps/search/etablissement+wellness+Sai%2BFrance/,traité (2026-08-22 22:49)
https://www.google.com/maps/search/etablissement+wellness+Saignes%2BFrance/,traité (2026-08-22 22:49)
https://www.google.com/maps/search/etablissement+wellness+Saignes%2BFrance/,traité (2026-08-22 22:49)
https://www.google.com/maps/search/etablissement+wellness+Saigneville%2BFrance/,traité (2026-08-22 22:49)
https://www.google.com/maps/search/etablissement+wellness+Saignon%2BFrance/,traité (2026-08-22 22:49)
https://www.google.com/maps/search/etablissement+wellness+Saiguède%2BFrance/,traité (2026-08-22 22:49)
https://www.google.com/maps/search/etablissement+wellness+Sail-les-Bains%2BFrance/,traité (2026-08-22 22:49)
https://www.google.com/maps/search/etablissement+wellness+Sail-sous-Couzan%2BFrance/,
https://www.google.com/maps/search/etablissement+wellness+Sailhan%2BFrance/,
https://www.google.com/maps/search/etablissement+wellness+Saillac%2BFrance/,
https://www.google.com/maps/search/etablissement+wellness+Saillac%2BFrance/,
https://www.google.com/maps/search/etablissement+wellness+Saillagouse%2BFrance/,
https://www.google.com/maps/search/etablissement+wellness+Saillans%2BFrance/,
https://www.google.com/maps/search/etablissement+wellness+Saillans%2BFrance/,
https://www.google.com/maps/search/etablissement+wellness+Saillant%2BFrance/,
https://www.google.com/maps/search/etablissement+wellness+Saillat-sur-Vienne%2BFrance/,
https://www.google.com/maps/search/etablissement+wellness+Saillenard%2BFrance/,
https://www.google.com/maps/search/etablissement+wellness+Sailly%2BFrance/,
https://www.google.com/maps/search/etablissement+wellness+Sailly%2BFrance/,
https://www.google.com/maps/search/etablissement+wellness+Sailly%2BFrance/,
https://www.google.com/maps/search/etablissement+wellness+Sailly%2BFrance/,
https://www.google.com/maps/search/etablissement+wellness+Sailly-Achâtel%2BFrance/,
https://www.google.com/maps/search/etablissement+wellness+Sailly-au-Bois%2BFrance/,
https://www.google.com/maps/search/etablissement+wellness+Sailly-en-Ostrevent%2BFrance/,
https://www.google.com/maps/search/etablissement+wellness+Sailly-Flibeaucourt%2BFrance/,
https://www.google.com/maps/search/etablissement+wellness+Sailly-Labourse%2BFrance/,
https://www.google.com/maps/search/etablissement+wellness+Sailly-Laurette%2BFrance/,
https://www.google.com/maps/search/etablissement+wellness+Sailly-le-Sec%2BFrance/,
https://www.google.com/maps/search/etablissement+wellness+Sailly-lez-Cambrai%2BFrance/,
https://www.google.com/maps/search/etablissement+wellness+Sailly-lez-Lannoy%2BFrance/,
https://www.google.com/maps/search/etablissement+wellness+Sailly-Saillisel%2BFrance/,
https://www.google.com/maps/search/etablissement+wellness+Sailly-sur-la-Lys%2BFrance/,
https://www.google.com/maps/search/etablissement+wellness+Sain-Bel%2BFrance/,
https://www.google.com/maps/search/etablissement+wellness+Saincaize-Meauce%2BFrance/,
https://www.google.com/maps/search/etablissement+wellness+Sainghin-en-Mélantois%2BFrance/,
https://www.google.com/maps/search/etablissement+wellness+Sainghin-en-Weppes%2BFrance/,
https://www.google.com/maps/search/etablissement+wellness+Sainneville%2BFrance/,
https://www.google.com/maps/search/etablissement+wellness+Sainpuits%2BFrance/,
https://www.google.com/maps/search/etablissement+wellness+Sains%2BFrance/,
https://www.google.com/maps/search/etablissement+wellness+Sains-du-Nord%2BFrance/,
https://www.google.com/maps/search/etablissement+wellness+Sains-en-Amiénois%2BFrance/,
https://www.google.com/maps/search/etablissement+wellness+Sains-en-Gohelle%2BFrance/,
https://www.google.com/maps/search/etablissement+wellness+Sains-lès-Fressin%2BFrance/,
https://www.google.com/maps/search/etablissement+wellness+Sains-lès-Marquion%2BFrance/,
https://www.google.com/maps/search/etablissement+wellness+Sains-lès-Pernes%2BFrance/,
https://www.google.com/maps/search/etablissement+wellness+Sains-Morainvillers%2BFrance/,
https://www.google.com/maps/search/etablissement+wellness+Sains-Richaumont%2BFrance/,
https://www.google.com/maps/search/etablissement+wellness+Le Saint%2BFrance/,
https://www.google.com/maps/search/etablissement+wellness+Saint Antoine l'Abbaye%2BFrance/,
https://www.google.com/maps/search/etablissement+wellness+Saint Aulaye-Puymangou%2BFrance/,
https://www.google.com/maps/search/etablissement+wellness+Saint Bonnet-Laval%2BFrance/,
https://www.google.com/maps/search/etablissement+wellness+Saint François Longchamp%2BFrance/,
https://www.google.com/maps/search/etablissement+wellness+Saint Geniez d'Olt et d'Aubrac%2BFrance/,
https://www.google.com/maps/search/etablissement+wellness+Saint Géry-Vers%2BFrance/,
https://www.google.com/maps/search/etablissement+wellness+Saint Martin de l'If%2BFrance/,
https://www.google.com/maps/search/etablissement+wellness+Saint Martin la Pallu%2BFrance/,
https://www.google.com/maps/search/etablissement+wellness+Saint Maurice Étusson%2BFrance/,
https://www.google.com/maps/search/etablissement+wellness+Saint Privat en Périgord%2BFrance/,
https://www.google.com/maps/search/etablissement+wellness+Saint-Abit%2BFrance/,
https://www.google.com/maps/search/etablissement+wellness+Saint-Abraham%2BFrance/,
https://www.google.com/maps/search/etablissement+wellness+Saint-Acheul%2BFrance/,
https://www.google.com/maps/search/etablissement+wellness+Saint-Adjutory%2BFrance/,
https://www.google.com/maps/search/etablissement+wellness+Saint-Adrien%2BFrance/,
https://www.google.com/maps/search/etablissement+wellness+Saint-Affrique%2BFrance/,
https://www.google.com/maps/search/etablissement+wellness+Saint-Affrique-les-Montagnes%2BFrance/,
https://www.google.com/maps/search/etablissement+wellness+Saint-Agathon%2BFrance/,
https://www.google.com/maps/search/etablissement+wellness+Saint-Agil%2BFrance/,
https://www.google.com/maps/search/etablissement+wellness+Saint-Agnan%2BFrance/,
https://www.google.com/maps/search/etablissement+wellness+Saint-Agnan%2BFrance/,
https://www.google.com/maps/search/etablissement+wellness+Saint-Agnan%2BFrance/,
https://www.google.com/maps/search/etablissement+wellness+Saint-Agnan%2BFrance/,
https://www.google.com/maps/search/etablissement+wellness+Saint-Agnan-de-Cernières%2BFrance/,
https://www.google.com/maps/search/etablissement+wellness+Saint-Agnan-en-Vercors%2BFrance/,
https://www.google.com/maps/search/etablissement+wellness+Saint-Agnan-sur-Sarthe%2BFrance/,
https://www.google.com/maps/search/etablissement+wellness+Saint-Agnant%2BFrance/,
https://www.google.com/maps/search/etablissement+wellness+Saint-Agnant-de-Versillat%2BFrance/,
https://www.google.com/maps/search/etablissement+wellness+Saint-Agnant-près-Crocq%2BFrance/,
https://www.google.com/maps/search/etablissement+wellness+Saint-Agne%2BFrance/,
https://www.google.com/maps/search/etablissement+wellness+Saint-Agnet%2BFrance/,
https://www.google.com/maps/search/etablissement+wellness+Saint-Agnin-sur-Bion%2BFrance/,
https://www.google.com/maps/search/etablissement+wellness+Saint-Agoulin%2BFrance/,
https://www.google.com/maps/search/etablissement+wellness+Saint-Agrève%2BFrance/,
https://www.google.com/maps/search/etablissement+wellness+Saint-Aignan%2BFrance/,
https://www.google.com/maps/search/etablissement+wellness+Saint-Aignan%2BFrance/,
https://www.google.com/maps/search/etablissement+wellness+Saint-Aignan%2BFrance/,
https://www.google.com/maps/search/etablissement+wellness+Saint-Aignan%2BFrance/,
https://www.google.com/maps/search/etablissement+wellness+Saint-Aignan%2BFrance/,
https://www.google.com/maps/search/etablissement+wellness+Saint-Aignan%2BFrance/,
https://www.google.com/maps/search/etablissement+wellness+Saint-Aignan-de-Couptrain%2BFrance/,
https://www.google.com/maps/search/etablissement+wellness+Saint-Aignan-de-Cramesnil%2BFrance/,
https://www.google.com/maps/search/etablissement+wellness+Saint-Aignan-des-Gués%2BFrance/,traité (2026-08-22 20:48)
https://www.google.com/maps/search/etablissement+wellness+Saint-Aignan-des-Noyers%2BFrance/,traité (2026-08-22 20:48)
https://www.google.com/maps/search/etablissement+wellness+Saint-Aignan-Grandlieu%2BFrance/,traité (2026-08-22 20:49)
https://www.google.com/maps/search/etablissement+wellness+Saint-Aignan-le-Jaillard%2BFrance/,traité (2026-08-22 20:50)
https://www.google.com/maps/search/etablissement+wellness+Saint-Aignan-sur-Roë%2BFrance/,traité (2026-08-22 20:50)
https://www.google.com/maps/search/etablissement+wellness+Saint-Aignan-sur-Ry%2BFrance/,traité (2026-08-22 20:50)
https://www.google.com/maps/search/etablissement+wellness+Saint-Aigny%2BFrance/,traité (2026-08-22 20:51)
https://www.google.com/maps/search/etablissement+wellness+Saint-Aigulin%2BFrance/,traité (2026-08-22 20:51)
https://www.google.com/maps/search/etablissement+wellness+Saint-Ail%2BFrance/,traité (2026-08-22 20:51)
https://www.google.com/maps/search/etablissement+wellness+Saint-Albain%2BFrance/,traité (2026-08-22 20:52)
https://www.google.com/maps/search/etablissement+wellness+Saint-Alban%2BFrance/,traité (2026-08-22 20:54)
https://www.google.com/maps/search/etablissement+wellness+Saint-Alban%2BFrance/,traité (2026-08-22 20:54)
https://www.google.com/maps/search/etablissement+wellness+Saint-Alban%2BFrance/,traité (2026-08-22 20:54)
https://www.google.com/maps/search/etablissement+wellness+Saint-Alban-Auriolles%2BFrance/,traité (2026-08-22 20:54)
https://www.google.com/maps/search/etablissement+wellness+Saint-Alban-d'Ay%2BFrance/,traité (2026-08-22 20:54)
https://www.google.com/maps/search/etablissement+wellness+Saint-Alban-d'Hurtières%2BFrance/,traité (2026-08-22 20:54)
https://www.google.com/maps/search/etablissement+wellness+Saint-Alban-de-Montbel%2BFrance/,traité (2026-08-22 20:55)
https://www.google.com/maps/search/etablissement+wellness+Saint-Alban-de-Roche%2BFrance/,traité (2026-08-22 20:55)
https://www.google.com/maps/search/etablissement+wellness+Saint-Alban-des-Villards%2BFrance/,traité (2026-08-22 20:55)
https://www.google.com/maps/search/etablissement+wellness+Saint-Alban-du-Rhône%2BFrance/,traité (2026-08-22 20:55)
https://www.google.com/maps/search/etablissement+wellness+Saint-Alban-en-Montagne%2BFrance/,traité (2026-08-22 20:58)
https://www.google.com/maps/search/etablissement+wellness+Saint-Alban-les-Eaux%2BFrance/,traité (2026-08-22 20:58)
https://www.google.com/maps/search/etablissement+wellness+Saint-Alban-Leysse%2BFrance/,traité (2026-08-22 20:58)
https://www.google.com/maps/search/etablissement+wellness+Saint-Alban-sur-Limagnole%2BFrance/,traité (2026-08-22 20:58)
https://www.google.com/maps/search/etablissement+wellness+Saint-Albin-de-Vaulserre%2BFrance/,traité (2026-08-22 20:58)
https://www.google.com/maps/search/etablissement+wellness+Saint-Alexandre%2BFrance/,traité (2026-08-22 20:58)
https://www.google.com/maps/search/etablissement+wellness+Saint-Algis%2BFrance/,traité (2026-08-22 20:58)
https://www.google.com/maps/search/etablissement+wellness+Saint-Allouestre%2BFrance/,traité (2026-08-22 20:58)
https://www.google.com/maps/search/etablissement+wellness+Saint-Alpinien%2BFrance/,traité (2026-08-22 20:58)
https://www.google.com/maps/search/etablissement+wellness+Saint-Alyre-d'Arlanc%2BFrance/,traité (2026-08-22 20:59)
https://www.google.com/maps/search/etablissement+wellness+Saint-Alyre-ès-Montagne%2BFrance/,traité (2026-08-22 21:01)
https://www.google.com/maps/search/etablissement+wellness+Saint-Amadou%2BFrance/,traité (2026-08-22 21:01)
https://www.google.com/maps/search/etablissement+wellness+Saint-Amancet%2BFrance/,traité (2026-08-22 21:01)
https://www.google.com/maps/search/etablissement+wellness+Saint-Amand%2BFrance/,traité (2026-08-22 21:01)
https://www.google.com/maps/search/etablissement+wellness+Saint-Amand%2BFrance/,traité (2026-08-22 21:01)
https://www.google.com/maps/search/etablissement+wellness+Saint-Amand-de-Coly%2BFrance/,traité (2026-08-22 21:01)
https://www.google.com/maps/search/etablissement+wellness+Saint-Amand-de-Vergt%2BFrance/,traité (2026-08-22 21:02)
https://www.google.com/maps/search/etablissement+wellness+Saint-Amand-en-Puisaye%2BFrance/,traité (2026-08-22 21:02)
https://www.google.com/maps/search/etablissement+wellness+Saint-Amand-Jartoudeix%2BFrance/,traité (2026-08-22 21:02)
https://www.google.com/maps/search/etablissement+wellness+Saint-Amand-le-Petit%2BFrance/,traité (2026-08-22 21:03)
https://www.google.com/maps/search/etablissement+wellness+Saint-Amand-les-Eaux%2BFrance/,traité (2026-08-22 21:03)
https://www.google.com/maps/search/etablissement+wellness+Saint-Amand-Longpré%2BFrance/,traité (2026-08-22 21:05)
https://www.google.com/maps/search/etablissement+wellness+Saint-Amand-Magnazeix%2BFrance/,traité (2026-08-22 21:05)
https://www.google.com/maps/search/etablissement+wellness+Saint-Amand-Montrond%2BFrance/,traité (2026-08-22 21:05)
https://www.google.com/maps/search/etablissement+wellness+Saint-Amand-sur-Fion%2BFrance/,traité (2026-08-22 21:05)
https://www.google.com/maps/search/etablissement+wellness+Saint-Amand-sur-Ornain%2BFrance/,traité (2026-08-22 21:05)
https://www.google.com/maps/search/etablissement+wellness+Saint-Amand-sur-Sèvre%2BFrance/,traité (2026-08-22 21:05)
https://www.google.com/maps/search/etablissement+wellness+Saint-Amand-Villages%2BFrance/,traité (2026-08-22 21:06)
https://www.google.com/maps/search/etablissement+wellness+Saint-Amandin%2BFrance/,traité (2026-08-22 21:06)
https://www.google.com/maps/search/etablissement+wellness+Saint-Amans%2BFrance/,traité (2026-08-22 21:09)
https://www.google.com/maps/search/etablissement+wellness+Saint-Amans%2BFrance/,traité (2026-08-22 21:09)
https://www.google.com/maps/search/etablissement+wellness+Saint-Amans%2BFrance/,traité (2026-08-22 21:09)
https://www.google.com/maps/search/etablissement+wellness+Saint-Amans-de-Pellagal%2BFrance/,traité (2026-08-22 21:10)
https://www.google.com/maps/search/etablissement+wellness+Saint-Amans-des-Cots%2BFrance/,traité (2026-08-22 21:10)
https://www.google.com/maps/search/etablissement+wellness+Saint-Amans-du-Pech%2BFrance/,traité (2026-08-22 21:10)
https://www.google.com/maps/search/etablissement+wellness+Saint-Amans-Soult%2BFrance/,traité (2026-08-22 21:10)
https://www.google.com/maps/search/etablissement+wellness+Saint-Amans-Valtoret%2BFrance/,traité (2026-08-22 21:11)
https://www.google.com/maps/search/etablissement+wellness+Saint-Amant-de-Boixe%2BFrance/,traité (2026-08-22 21:11)
https://www.google.com/maps/search/etablissement+wellness+Saint-Amant-de-Bonnieure%2BFrance/,traité (2026-08-22 21:12)
https://www.google.com/maps/search/etablissement+wellness+Saint-Amant-de-Montmoreau%2BFrance/,traité (2026-08-22 21:12)
https://www.google.com/maps/search/etablissement+wellness+Saint-Amant-de-Nouère%2BFrance/,traité (2026-08-22 21:15)
https://www.google.com/maps/search/etablissement+wellness+Saint-Amant-Roche-Savine%2BFrance/,traité (2026-08-22 21:15)
https://www.google.com/maps/search/etablissement+wellness+Saint-Amant-Tallende%2BFrance/,traité (2026-08-22 21:15)
https://www.google.com/maps/search/etablissement+wellness+Saint-Amarin%2BFrance/,traité (2026-08-22 21:15)
https://www.google.com/maps/search/etablissement+wellness+Saint-Ambreuil%2BFrance/,traité (2026-08-22 21:15)
https://www.google.com/maps/search/etablissement+wellness+Saint-Ambroix%2BFrance/,traité (2026-08-22 21:15)
https://www.google.com/maps/search/etablissement+wellness+Saint-Ambroix%2BFrance/,traité (2026-08-22 21:15)
https://www.google.com/maps/search/etablissement+wellness+Saint-Amé%2BFrance/,traité (2026-08-22 21:15)
https://www.google.com/maps/search/etablissement+wellness+Saint-Amour%2BFrance/,traité (2026-08-22 21:15)
https://www.google.com/maps/search/etablissement+wellness+Saint-Amour-Bellevue%2BFrance/,traité (2026-08-22 21:16)
https://www.google.com/maps/search/etablissement+wellness+Saint-Andelain%2BFrance/,traité (2026-08-22 21:18)
https://www.google.com/maps/search/etablissement+wellness+Saint-Andéol%2BFrance/,traité (2026-08-22 21:18)
https://www.google.com/maps/search/etablissement+wellness+Saint-Andéol%2BFrance/,traité (2026-08-22 21:18)
https://www.google.com/maps/search/etablissement+wellness+Saint-Andéol-de-Berg%2BFrance/,traité (2026-08-22 21:18)
https://www.google.com/maps/search/etablissement+wellness+Saint-Andéol-de-Fourchades%2BFrance/,traité (2026-08-22 21:18)
https://www.google.com/maps/search/etablissement+wellness+Saint-Andéol-de-Vals%2BFrance/,traité (2026-08-22 21:18)
https://www.google.com/maps/search/etablissement+wellness+Saint-Andeux%2BFrance/,échec (2026-08-22 21:18)
https://www.google.com/maps/search/etablissement+wellness+Saint-Andiol%2BFrance/,traité (2026-08-22 21:18)
https://www.google.com/maps/search/etablissement+wellness+Saint-André%2BFrance/,traité (2026-08-22 21:21)
https://www.google.com/maps/search/etablissement+wellness+Saint-André%2BFrance/,traité (2026-08-22 21:21)
https://www.google.com/maps/search/etablissement+wellness+Saint-André%2BFrance/,traité (2026-08-22 21:21)
https://www.google.com/maps/search/etablissement+wellness+Saint-André%2BFrance/,traité (2026-08-22 21:21)
https://www.google.com/maps/search/etablissement+wellness+Saint-André%2BFrance/,traité (2026-08-22 21:21)
https://www.google.com/maps/search/etablissement+wellness+Saint-André%2BFrance/,traité (2026-08-22 21:21)
https://www.google.com/maps/search/etablissement+wellness+Saint-André-Capcèze%2BFrance/,
https://www.google.com/maps/search/etablissement+wellness+Saint-André-d'Allas%2BFrance/,traité (2026-08-22 21:21)
https://www.google.com/maps/search/etablissement+wellness+Saint-André-d'Apchon%2BFrance/,traité (2026-08-22 21:21)
https://www.google.com/maps/search/etablissement+wellness+Saint-André-d'Embrun%2BFrance/,traité (2026-08-22 21:21)
https://www.google.com/maps/search/etablissement+wellness+Saint-André-d'Hébertot%2BFrance/,traité (2026-08-22 21:21)
https://www.google.com/maps/search/etablissement+wellness+Saint-André-d'Huiriat%2BFrance/,traité (2026-08-22 21:21)
https://www.google.com/maps/search/etablissement+wellness+Saint-André-d'Olérargues%2BFrance/,traité (2026-08-22 21:22)
https://www.google.com/maps/search/etablissement+wellness+Saint-André-de-Bâgé%2BFrance/,traité (2026-08-22 21:22)
https://www.google.com/maps/search/etablissement+wellness+Saint-André-de-Boëge%2BFrance/,traité (2026-08-22 21:23)
https://www.google.com/maps/search/etablissement+wellness+Saint-André-de-Bohon%2BFrance/,traité (2026-08-22 21:25)
https://www.google.com/maps/search/etablissement+wellness+Saint-André-de-Briouze%2BFrance/,traité (2026-08-22 21:25)
https://www.google.com/maps/search/etablissement+wellness+Saint-André-de-Buèges%2BFrance/,traité (2026-08-22 21:25)
https://www.google.com/maps/search/etablissement+wellness+Saint-André-de-Chalencon%2BFrance/,traité (2026-08-22 21:25)
https://www.google.com/maps/search/etablissement+wellness+Saint-André-de-Corcy%2BFrance/,traité (2026-08-22 21:25)
https://www.google.com/maps/search/etablissement+wellness+Saint-André-de-Cruzières%2BFrance/,traité (2026-08-22 21:25)
https://www.google.com/maps/search/etablissement+wellness+Saint-André-de-Cubzac%2BFrance/,traité (2026-08-22 21:25)
https://www.google.com/maps/search/etablissement+wellness+Saint-André-de-Double%2BFrance/,traité (2026-08-22 21:26)
https://www.google.com/maps/search/etablissement+wellness+Saint-André-de-l'Épine%2BFrance/,traité (2026-08-22 21:26)
https://www.google.com/maps/search/etablissement+wellness+Saint-André-de-l'Eure%2BFrance/,traité (2026-08-22 21:26)
https://www.google.com/maps/search/etablissement+wellness+Saint-André-de-la-Roche%2BFrance/,traité (2026-08-22 21:27)
https://www.google.com/maps/search/etablissement+wellness+Saint-André-de-Lancize%2BFrance/,traité (2026-08-22 21:29)
https://www.google.com/maps/search/etablissement+wellness+Saint-André-de-Lidon%2BFrance/,
https://www.google.com/maps/search/etablissement+wellness+Saint-André-de-Majencoules%2BFrance/,
https://www.google.com/maps/search/etablissement+wellness+Saint-André-de-Messei%2BFrance/,
https://www.google.com/maps/search/etablissement+wellness+Saint-André-de-Najac%2BFrance/,
https://www.google.com/maps/search/etablissement+wellness+Saint-André-de-Roquelongue%2BFrance/,
https://www.google.com/maps/search/etablissement+wellness+Saint-André-de-Roquepertuis%2BFrance/,
https://www.google.com/maps/search/etablissement+wellness+Saint-André-de-Rosans%2BFrance/,
https://www.google.com/maps/search/etablissement+wellness+Saint-André-de-Sangonis%2BFrance/,
https://www.google.com/maps/search/etablissement+wellness+Saint-André-de-Seignanx%2BFrance/,
https://www.google.com/maps/search/etablissement+wellness+Saint-André-de-Valborgne%2BFrance/,
https://www.google.com/maps/search/etablissement+wellness+Saint-André-de-Vézines%2BFrance/,
https://www.google.com/maps/search/etablissement+wellness+Saint-André-des-Eaux%2BFrance/,
https://www.google.com/maps/search/etablissement+wellness+Saint-André-des-Eaux%2BFrance/,
https://www.google.com/maps/search/etablissement+wellness+Saint-André-du-Bois%2BFrance/,
https://www.google.com/maps/search/etablissement+wellness+Saint-André-en-Barrois%2BFrance/,
https://www.google.com/maps/search/etablissement+wellness+Saint-André-en-Bresse%2BFrance/,
https://www.google.com/maps/search/etablissement+wellness+Saint-André-en-Morvan%2BFrance/,
https://www.google.com/maps/search/etablissement+wellness+Saint-André-en-Royans%2BFrance/,
https://www.google.com/maps/search/etablissement+wellness+Saint-André-en-Terre-Plaine%2BFrance/,
https://www.google.com/maps/search/etablissement+wellness+Saint-André-en-Vivarais%2BFrance/,
https://www.google.com/maps/search/etablissement+wellness+Saint-André-et-Appelles%2BFrance/,
https://www.google.com/maps/search/etablissement+wellness+Saint-André-Farivillers%2BFrance/,
https://www.google.com/maps/search/etablissement+wellness+Saint-André-Goule-d'Oie%2BFrance/,
https://www.google.com/maps/search/etablissement+wellness+Saint-André-la-Côte%2BFrance/,
https://www.google.com/maps/search/etablissement+wellness+Saint-André-Lachamp%2BFrance/,
https://www.google.com/maps/search/etablissement+wellness+Saint-André-le-Bouchoux%2BFrance/,
https://www.google.com/maps/search/etablissement+wellness+Saint-André-le-Coq%2BFrance/,
https://www.google.com/maps/search/etablissement+wellness+Saint-André-le-Désert%2BFrance/,
https://www.google.com/maps/search/etablissement+wellness+Saint-André-le-Gaz%2BFrance/,
https://www.google.com/maps/search/etablissement+wellness+Saint-André-le-Puy%2BFrance/,
https://www.google.com/maps/search/etablissement+wellness+Saint-André-les-Alpes%2BFrance/,
https://www.google.com/maps/search/etablissement+wellness+Saint-André-les-Vergers%2BFrance/,
https://www.google.com/maps/search/etablissement+wellness+Saint-André-lez-Lille%2BFrance/,
https://www.google.com/maps/search/etablissement+wellness+Saint-André-sur-Cailly%2BFrance/,
https://www.google.com/maps/search/etablissement+wellness+Saint-André-sur-Orne%2BFrance/,
https://www.google.com/maps/search/etablissement+wellness+Saint-André-sur-Sèvre%2BFrance/,
https://www.google.com/maps/search/etablissement+wellness+Saint-André-sur-Vieux-Jonc%2BFrance/,
https://www.google.com/maps/search/etablissement+wellness+Saint-Androny%2BFrance/,
https://www.google.com/maps/search/etablissement+wellness+Saint-Ange-et-Torçay%2BFrance/,
https://www.google.com/maps/search/etablissement+wellness+Saint-Ange-le-Viel%2BFrance/,
https://www.google.com/maps/search/etablissement+wellness+Saint-Angel%2BFrance/,
https://www.google.com/maps/search/etablissement+wellness+Saint-Angel%2BFrance/,
https://www.google.com/maps/search/etablissement+wellness+Saint-Angel%2BFrance/,
https://www.google.com/maps/search/etablissement+wellness+Saint-Anthème%2BFrance/,
https://www.google.com/maps/search/etablissement+wellness+Saint-Anthot%2BFrance/,
https://www.google.com/maps/search/etablissement+wellness+Saint-Antoine%2BFrance/,
https://www.google.com/maps/search/etablissement+wellness+Saint-Antoine%2BFrance/,
https://www.google.com/maps/search/etablissement+wellness+Saint-Antoine%2BFrance/,
https://www.google.com/maps/search/etablissement+wellness+Saint-Antoine-Cumond%2BFrance/,
https://www.google.com/maps/search/etablissement+wellness+Saint-Antoine-d'Auberoche%2BFrance/,
https://www.google.com/maps/search/etablissement+wellness+Saint-Antoine-de-Breuilh%2BFrance/,
https://www.google.com/maps/search/etablissement+wellness+Saint-Antoine-de-Ficalba%2BFrance/,traité (2026-08-22 21:29)
https://www.google.com/maps/search/etablissement+wellness+Saint-Antoine-du-Queyret%2BFrance/,traité (2026-08-22 21:29)
https://www.google.com/maps/search/etablissement+wellness+Saint-Antoine-du-Rocher%2BFrance/,traité (2026-08-22 21:29)
https://www.google.com/maps/search/etablissement+wellness+Saint-Antoine-la-Forêt%2BFrance/,traité (2026-08-22 21:29)
https://www.google.com/maps/search/etablissement+wellness+Saint-Antoine-sur-l'Isle%2BFrance/,traité (2026-08-22 21:29)
https://www.google.com/maps/search/etablissement+wellness+Saint-Antonin%2BFrance/,traité (2026-08-22 21:29)
https://www.google.com/maps/search/etablissement+wellness+Saint-Antonin%2BFrance/,traité (2026-08-22 21:29)
https://www.google.com/maps/search/etablissement+wellness+Saint-Antonin-de-Lacalm%2BFrance/,traité (2026-08-22 21:30)
https://www.google.com/maps/search/etablissement+wellness+Saint-Antonin-de-Sommaire%2BFrance/,traité (2026-08-22 21:32)
https://www.google.com/maps/search/etablissement+wellness+Saint-Antonin-du-Var%2BFrance/,traité (2026-08-22 21:32)
https://www.google.com/maps/search/etablissement+wellness+Saint-Antonin-Noble-Val%2BFrance/,traité (2026-08-22 21:32)
https://www.google.com/maps/search/etablissement+wellness+Saint-Antonin-sur-Bayon%2BFrance/,traité (2026-08-22 21:32)
https://www.google.com/maps/search/etablissement+wellness+Saint-Aoustrille%2BFrance/,traité (2026-08-22 21:32)
https://www.google.com/maps/search/etablissement+wellness+Saint-Août%2BFrance/,traité (2026-08-22 21:32)
https://www.google.com/maps/search/etablissement+wellness+Saint-Apollinaire%2BFrance/,traité (2026-08-22 21:33)
https://www.google.com/maps/search/etablissement+wellness+Saint-Apollinaire%2BFrance/,traité (2026-08-22 21:33)
https://www.google.com/maps/search/etablissement+wellness+Saint-Apollinaire-de-Rias%2BFrance/,traité (2026-08-22 21:33)
https://www.google.com/maps/search/etablissement+wellness+Saint-Appolinaire%2BFrance/,traité (2026-08-22 21:34)
https://www.google.com/maps/search/etablissement+wellness+Saint-Appolinard%2BFrance/,traité (2026-08-22 21:36)
https://www.google.com/maps/search/etablissement+wellness+Saint-Appolinard%2BFrance/,traité (2026-08-22 21:36)
https://www.google.com/maps/search/etablissement+wellness+Saint-Aquilin%2BFrance/,traité (2026-08-22 21:36)
https://www.google.com/maps/search/etablissement+wellness+Saint-Aquilin-de-Corbion%2BFrance/,traité (2026-08-22 21:36)
https://www.google.com/maps/search/etablissement+wellness+Saint-Aquilin-de-Pacy%2BFrance/,traité (2026-08-22 21:36)
https://www.google.com/maps/search/etablissement+wellness+Saint-Araille%2BFrance/,traité (2026-08-22 21:36)
https://www.google.com/maps/search/etablissement+wellness+Saint-Arailles%2BFrance/,traité (2026-08-22 21:36)
https://www.google.com/maps/search/etablissement+wellness+Saint-Arcons-d'Allier%2BFrance/,traité (2026-08-22 21:37)
https://www.google.com/maps/search/etablissement+wellness+Saint-Arcons-de-Barges%2BFrance/,traité (2026-08-22 21:37)
https://www.google.com/maps/search/etablissement+wellness+Saint-Arey%2BFrance/,traité (2026-08-22 21:38)
https://www.google.com/maps/search/etablissement+wellness+Saint-Armel%2BFrance/,traité (2026-08-22 21:40)
https://www.google.com/maps/search/etablissement+wellness+Saint-Armel%2BFrance/,traité (2026-08-22 21:40)
https://www.google.com/maps/search/etablissement+wellness+Saint-Armou%2BFrance/,traité (2026-08-22 21:40)
https://www.google.com/maps/search/etablissement+wellness+Saint-Arnac%2BFrance/,traité (2026-08-22 21:40)
https://www.google.com/maps/search/etablissement+wellness+Saint-Arnoult%2BFrance/,traité (2026-08-22 21:41)
https://www.google.com/maps/search/etablissement+wellness+Saint-Arnoult%2BFrance/,traité (2026-08-22 21:41)
https://www.google.com/maps/search/etablissement+wellness+Saint-Arnoult%2BFrance/,traité (2026-08-22 21:41)
https://www.google.com/maps/search/etablissement+wellness+Saint-Arnoult%2BFrance/,traité (2026-08-22 21:41)
https://www.google.com/maps/search/etablissement+wellness+Saint-Arnoult-des-Bois%2BFrance/,traité (2026-08-22 21:41)
https://www.google.com/maps/search/etablissement+wellness+Saint-Arnoult-en-Yvelines%2BFrance/,traité (2026-08-22 21:42)
https://www.google.com/maps/search/etablissement+wellness+Saint-Arroman%2BFrance/,traité (2026-08-22 21:44)
https://www.google.com/maps/search/etablissement+wellness+Saint-Arroman%2BFrance/,traité (2026-08-22 21:44)
https://www.google.com/maps/search/etablissement+wellness+Saint-Arroumex%2BFrance/,traité (2026-08-22 21:44)
https://www.google.com/maps/search/etablissement+wellness+Saint-Astier%2BFrance/,traité (2026-08-22 21:44)
https://www.google.com/maps/search/etablissement+wellness+Saint-Astier%2BFrance/,traité (2026-08-22 21:44)
https://www.google.com/maps/search/etablissement+wellness+Saint-Auban%2BFrance/,traité (2026-08-22 21:44)
https://www.google.com/maps/search/etablissement+wellness+Saint-Auban-d'Oze%2BFrance/,traité (2026-08-22 21:44)
https://www.google.com/maps/search/etablissement+wellness+Saint-Auban-sur-l'Ouvèze%2BFrance/,traité (2026-08-22 21:45)
https://www.google.com/maps/search/etablissement+wellness+Saint-Aubert%2BFrance/,traité (2026-08-22 21:45)
https://www.google.com/maps/search/etablissement+wellness+Saint-Aubin%2BFrance/,traité (2026-08-22 21:48)
https://www.google.com/maps/search/etablissement+wellness+Saint-Aubin%2BFrance/,traité (2026-08-22 21:48)
https://www.google.com/maps/search/etablissement+wellness+Saint-Aubin%2BFrance/,traité (2026-08-22 21:48)
https://www.google.com/maps/search/etablissement+wellness+Saint-Aubin%2BFrance/,traité (2026-08-22 21:48)
https://www.google.com/maps/search/etablissement+wellness+Saint-Aubin%2BFrance/,traité (2026-08-22 21:48)
https://www.google.com/maps/search/etablissement+wellness+Saint-Aubin%2BFrance/,traité (2026-08-22 21:48)
https://www.google.com/maps/search/etablissement+wellness+Saint-Aubin%2BFrance/,traité (2026-08-22 21:48)
https://www.google.com/maps/search/etablissement+wellness+Saint-Aubin%2BFrance/,traité (2026-08-22 21:48)
https://www.google.com/maps/search/etablissement+wellness+Saint-Aubin%2BFrance/,traité (2026-08-22 21:48)
https://www.google.com/maps/search/etablissement+wellness+Saint-Aubin%2BFrance/,traité (2026-08-22 21:48)
https://www.google.com/maps/search/etablissement+wellness+Saint-Aubin-Celloville%2BFrance/,traité (2026-08-22 21:48)
https://www.google.com/maps/search/etablissement+wellness+Saint-Aubin-d'Appenai%2BFrance/,traité (2026-08-22 21:50)
https://www.google.com/maps/search/etablissement+wellness+Saint-Aubin-d'Arquenay%2BFrance/,traité (2026-08-22 21:50)
https://www.google.com/maps/search/etablissement+wellness+Saint-Aubin-d'Aubigné%2BFrance/,traité (2026-08-22 21:50)
https://www.google.com/maps/search/etablissement+wellness+Saint-Aubin-d'Écrosville%2BFrance/,traité (2026-08-22 21:50)
https://www.google.com/maps/search/etablissement+wellness+Saint-Aubin-de-Blaye%2BFrance/,traité (2026-08-22 21:50)
https://www.google.com/maps/search/etablissement+wellness+Saint-Aubin-de-Bonneval%2BFrance/,traité (2026-08-22 21:50)
https://www.google.com/maps/search/etablissement+wellness+Saint-Aubin-de-Branne%2BFrance/,traité (2026-08-22 21:50)
https://www.google.com/maps/search/etablissement+wellness+Saint-Aubin-de-Cadelech%2BFrance/,traité (2026-08-22 21:51)
https://www.google.com/maps/search/etablissement+wellness+Saint-Aubin-de-Courteraie%2BFrance/,traité (2026-08-22 21:51)
https://www.google.com/maps/search/etablissement+wellness+Saint-Aubin-de-Crétot%2BFrance/,traité (2026-08-22 21:52)
https://www.google.com/maps/search/etablissement+wellness+Saint-Aubin-de-Lanquais%2BFrance/,traité (2026-08-22 21:54)
https://www.google.com/maps/search/etablissement+wellness+Saint-Aubin-de-Locquenay%2BFrance/,traité (2026-08-22 21:54)
https://www.google.com/maps/search/etablissement+wellness+Saint-Aubin-de-Médoc%2BFrance/,traité (2026-08-22 21:54)
https://www.google.com/maps/search/etablissement+wellness+Saint-Aubin-de-Nabirat%2BFrance/,traité (2026-08-22 21:54)
https://www.google.com/maps/search/etablissement+wellness+Saint-Aubin-de-Scellon%2BFrance/,traité (2026-08-22 21:54)
https://www.google.com/maps/search/etablissement+wellness+Saint-Aubin-de-Terregatte%2BFrance/,traité (2026-08-22 21:54)
https://www.google.com/maps/search/etablissement+wellness+Saint-Aubin-des-Bois%2BFrance/,traité (2026-08-22 21:54)
https://www.google.com/maps/search/etablissement+wellness+Saint-Aubin-des-Bois%2BFrance/,traité (2026-08-22 21:54)
https://www.google.com/maps/search/etablissement+wellness+Saint-Aubin-des-Châteaux%2BFrance/,traité (2026-08-22 21:54)
https://www.google.com/maps/search/etablissement+wellness+Saint-Aubin-des-Chaumes%2BFrance/,traité (2026-08-22 21:55)
https://www.google.com/maps/search/etablissement+wellness+Saint-Aubin-des-Coudrais%2BFrance/,traité (2026-08-22 21:55)
https://www.google.com/maps/search/etablissement+wellness+Saint-Aubin-des-Landes%2BFrance/,traité (2026-08-22 21:57)
https://www.google.com/maps/search/etablissement+wellness+Saint-Aubin-des-Ormeaux%2BFrance/,traité (2026-08-22 21:57)
https://www.google.com/maps/search/etablissement+wellness+Saint-Aubin-des-Préaux%2BFrance/,traité (2026-08-22 21:57)
https://www.google.com/maps/search/etablissement+wellness+Saint-Aubin-du-Cormier%2BFrance/,traité (2026-08-22 21:57)
https://www.google.com/maps/search/etablissement+wellness+Saint-Aubin-du-Désert%2BFrance/,traité (2026-08-22 21:58)
https://www.google.com/maps/search/etablissement+wellness+Saint-Aubin-du-Pavail%2BFrance/,traité (2026-08-22 21:58)
https://www.google.com/maps/search/etablissement+wellness+Saint-Aubin-du-Perron%2BFrance/,traité (2026-08-22 21:58)
https://www.google.com/maps/search/etablissement+wellness+Saint-Aubin-du-Plain%2BFrance/,traité (2026-08-22 21:59)
https://www.google.com/maps/search/etablissement+wellness+Saint-Aubin-du-Thenney%2BFrance/,traité (2026-08-22 21:59)
https://www.google.com/maps/search/etablissement+wellness+Saint-Aubin-en-Bray%2BFrance/,traité (2026-08-22 22:00)
https://www.google.com/maps/search/etablissement+wellness+Saint-Aubin-en-Charollais%2BFrance/,traité (2026-08-22 22:02)
https://www.google.com/maps/search/etablissement+wellness+Saint-Aubin-Épinay%2BFrance/,traité (2026-08-22 22:02)
https://www.google.com/maps/search/etablissement+wellness+Saint-Aubin-Fosse-Louvain%2BFrance/,traité (2026-08-22 22:02)
https://www.google.com/maps/search/etablissement+wellness+Saint-Aubin-la-Plaine%2BFrance/,traité (2026-08-22 22:02)
https://www.google.com/maps/search/etablissement+wellness+Saint-Aubin-le-Cauf%2BFrance/,traité (2026-08-22 22:02)
https://www.google.com/maps/search/etablissement+wellness+Saint-Aubin-le-Cloud%2BFrance/,traité (2026-08-22 22:02)
https://www.google.com/maps/search/etablissement+wellness+Saint-Aubin-le-Dépeint%2BFrance/,traité (2026-08-22 22:03)
https://www.google.com/maps/search/etablissement+wellness+Saint-Aubin-le-Monial%2BFrance/,traité (2026-08-22 22:03)
https://www.google.com/maps/search/etablissement+wellness+Saint-Aubin-le-Vertueux%2BFrance/,traité (2026-08-22 22:04)
https://www.google.com/maps/search/etablissement+wellness+Saint-Aubin-lès-Elbeuf%2BFrance/,traité (2026-08-22 22:06)
https://www.google.com/maps/search/etablissement+wellness+Saint-Aubin-les-Forges%2BFrance/,traité (2026-08-22 22:06)
https://www.google.com/maps/search/etablissement+wellness+Saint-Aubin-Montenoy%2BFrance/,traité (2026-08-22 22:06)
https://www.google.com/maps/search/etablissement+wellness+Saint-Aubin-Rivière%2BFrance/,traité (2026-08-22 22:06)
https://www.google.com/maps/search/etablissement+wellness+Saint-Aubin-Routot%2BFrance/,traité (2026-08-22 22:06)
https://www.google.com/maps/search/etablissement+wellness+Saint-Aubin-sous-Erquery%2BFrance/,traité (2026-08-22 22:06)
https://www.google.com/maps/search/etablissement+wellness+Saint-Aubin-sur-Aire%2BFrance/,traité (2026-08-22 22:06)
https://www.google.com/maps/search/etablissement+wellness+Saint-Aubin-sur-Gaillon%2BFrance/,traité (2026-08-22 22:07)
https://www.google.com/maps/search/etablissement+wellness+Saint-Aubin-sur-Loire%2BFrance/,traité (2026-08-22 22:07)
https://www.google.com/maps/search/etablissement+wellness+Saint-Aubin-sur-Mer%2BFrance/,traité (2026-08-22 22:08)
https://www.google.com/maps/search/etablissement+wellness+Saint-Aubin-sur-Mer%2BFrance/,traité (2026-08-22 22:08)
https://www.google.com/maps/search/etablissement+wellness+Saint-Aubin-sur-Quillebeuf%2BFrance/,traité (2026-08-22 22:10)
https://www.google.com/maps/search/etablissement+wellness+Saint-Aubin-sur-Scie%2BFrance/,traité (2026-08-22 22:10)
https://www.google.com/maps/search/etablissement+wellness+Saint-Aubin-sur-Yonne%2BFrance/,traité (2026-08-22 22:10)
https://www.google.com/maps/search/etablissement+wellness+Saint-Augustin%2BFrance/,traité (2026-08-22 22:11)
https://www.google.com/maps/search/etablissement+wellness+Saint-Augustin%2BFrance/,traité (2026-08-22 22:11)
https://www.google.com/maps/search/etablissement+wellness+Saint-Augustin%2BFrance/,traité (2026-08-22 22:11)
https://www.google.com/maps/search/etablissement+wellness+Saint-Augustin%2BFrance/,traité (2026-08-22 22:11)
https://www.google.com/maps/search/etablissement+wellness+Saint-Augustin-des-Bois%2BFrance/,traité (2026-08-22 22:11)
https://www.google.com/maps/search/etablissement+wellness+Saint-Aulaire%2BFrance/,traité (2026-08-22 22:11)
https://www.google.com/maps/search/etablissement+wellness+Saint-Aulais-la-Chapelle%2BFrance/,traité (2026-08-22 22:14)
https://www.google.com/maps/search/etablissement+wellness+Saint-Aunès%2BFrance/,traité (2026-08-22 22:14)
https://www.google.com/maps/search/etablissement+wellness+Saint-Aunix-Lengros%2BFrance/,traité (2026-08-22 22:14)
https://www.google.com/maps/search/etablissement+wellness+Saint-Aupre%2BFrance/,traité (2026-08-22 22:14)
https://www.google.com/maps/search/etablissement+wellness+Saint-Austremoine%2BFrance/,traité (2026-08-22 22:14)
https://www.google.com/maps/search/etablissement+wellness+Saint-Auvent%2BFrance/,traité (2026-08-22 22:14)
https://www.google.com/maps/search/etablissement+wellness+Saint-Avaugourd-des-Landes%2BFrance/,traité (2026-08-22 22:15)
https://www.google.com/maps/search/etablissement+wellness+Saint-Avé%2BFrance/,traité (2026-08-22 22:15)
https://www.google.com/maps/search/etablissement+wellness+Saint-Aventin%2BFrance/,traité (2026-08-22 22:15)
https://www.google.com/maps/search/etablissement+wellness+Saint-Avertin%2BFrance/,traité (2026-08-22 22:16)
https://www.google.com/maps/search/etablissement+wellness+Saint-Avit%2BFrance/,
https://www.google.com/maps/search/etablissement+wellness+Saint-Avit%2BFrance/,
https://www.google.com/maps/search/etablissement+wellness+Saint-Avit%2BFrance/,
https://www.google.com/maps/search/etablissement+wellness+Saint-Avit%2BFrance/,
https://www.google.com/maps/search/etablissement+wellness+Saint-Avit%2BFrance/,
https://www.google.com/maps/search/etablissement+wellness+Saint-Avit%2BFrance/,
https://www.google.com/maps/search/etablissement+wellness+Saint-Avit%2BFrance/,
https://www.google.com/maps/search/etablissement+wellness+Saint-Avit-de-Soulège%2BFrance/,
https://www.google.com/maps/search/etablissement+wellness+Saint-Avit-de-Tardes%2BFrance/,
https://www.google.com/maps/search/etablissement+wellness+Saint-Avit-de-Vialard%2BFrance/,
https://www.google.com/maps/search/etablissement+wellness+Saint-Avit-Frandat%2BFrance/,
https://www.google.com/maps/search/etablissement+wellness+Saint-Avit-le-Pauvre%2BFrance/,
https://www.google.com/maps/search/etablissement+wellness+Saint-Avit-les-Guespières%2BFrance/,
https://www.google.com/maps/search/etablissement+wellness+Saint-Avit-Rivière%2BFrance/,
https://www.google.com/maps/search/etablissement+wellness+Saint-Avit-Saint-Nazaire%2BFrance/,
https://www.google.com/maps/search/etablissement+wellness+Saint-Avit-Sénieur%2BFrance/,
https://www.google.com/maps/search/etablissement+wellness+Saint-Avold%2BFrance/,
https://www.google.com/maps/search/etablissement+wellness+Saint-Avre%2BFrance/,
https://www.google.com/maps/search/etablissement+wellness+Saint-Ay%2BFrance/,
https://www.google.com/maps/search/etablissement+wellness+Saint-Aybert%2BFrance/,
https://www.google.com/maps/search/etablissement+wellness+Saint-Babel%2BFrance/,
https://www.google.com/maps/search/etablissement+wellness+Saint-Baldoph%2BFrance/,
https://www.google.com/maps/search/etablissement+wellness+Saint-Bandry%2BFrance/,
https://www.google.com/maps/search/etablissement+wellness+Saint-Baraing%2BFrance/,
https://www.google.com/maps/search/etablissement+wellness+Saint-Barbant%2BFrance/,
https://www.google.com/maps/search/etablissement+wellness+Saint-Bard%2BFrance/,
https://www.google.com/maps/search/etablissement+wellness+Saint-Bardoux%2BFrance/,
https://www.google.com/maps/search/etablissement+wellness+Saint-Barnabé%2BFrance/,
https://www.google.com/maps/search/etablissement+wellness+Saint-Barthélemy%2BFrance/,
https://www.google.com/maps/search/etablissement+wellness+Saint-Barthélemy%2BFrance/,
https://www.google.com/maps/search/etablissement+wellness+Saint-Barthélemy%2BFrance/,
https://www.google.com/maps/search/etablissement+wellness+Saint-Barthélemy%2BFrance/,
https://www.google.com/maps/search/etablissement+wellness+Saint-Barthélemy%2BFrance/,
https://www.google.com/maps/search/etablissement+wellness+Saint-Barthélemy%2BFrance/,
https://www.google.com/maps/search/etablissement+wellness+Saint-Barthélemy-d'Agenais%2BFrance/,
https://www.google.com/maps/search/etablissement+wellness+Saint-Barthélemy-d'Anjou%2BFrance/,
https://www.google.com/maps/search/etablissement+wellness+Saint-Barthélemy-de-Bellegarde%2BFrance/,
https://www.google.com/maps/search/etablissement+wellness+Saint-Barthélemy-de-Bussière%2BFrance/,
https://www.google.com/maps/search/etablissement+wellness+Saint-Barthélemy-de-Séchilienne%2BFrance/,
https://www.google.com/maps/search/etablissement+wellness+Saint-Barthélemy-de-Vals%2BFrance/,
https://www.google.com/maps/search/etablissement+wellness+Saint-Barthélemy-Grozon%2BFrance/,
https://www.google.com/maps/search/etablissement+wellness+Saint-Barthélemy-le-Meil%2BFrance/,
https://www.google.com/maps/search/etablissement+wellness+Saint-Barthélemy-le-Plain%2BFrance/,
https://www.google.com/maps/search/etablissement+wellness+Saint-Barthélemy-Lestra%2BFrance/,
https://www.google.com/maps/search/etablissement+wellness+Saint-Basile%2BFrance/,
https://www.google.com/maps/search/etablissement+wellness+Saint-Baslemont%2BFrance/,
https://www.google.com/maps/search/etablissement+wellness+Saint-Baudel%2BFrance/,
https://www.google.com/maps/search/etablissement+wellness+Saint-Baudelle%2BFrance/,
https://www.google.com/maps/search/etablissement+wellness+Saint-Baudille-de-la-Tour%2BFrance/,
https://www.google.com/maps/search/etablissement+wellness+Saint-Baudille-et-Pipet%2BFrance/,
https://www.google.com/maps/search/etablissement+wellness+Saint-Bauld%2BFrance/,
https://www.google.com/maps/search/etablissement+wellness+Saint-Baussant%2BFrance/,
https://www.google.com/maps/search/etablissement+wellness+Saint-Bauzeil%2BFrance/,
https://www.google.com/maps/search/etablissement+wellness+Saint-Bauzély%2BFrance/,
https://www.google.com/maps/search/etablissement+wellness+Saint-Bauzile%2BFrance/,
https://www.google.com/maps/search/etablissement+wellness+Saint-Bauzile%2BFrance/,
https://www.google.com/maps/search/etablissement+wellness+Saint-Bauzille-de-la-Sylve%2BFrance/,
https://www.google.com/maps/search/etablissement+wellness+Saint-Bauzille-de-Montmel%2BFrance/,
https://www.google.com/maps/search/etablissement+wellness+Saint-Bauzille-de-Putois%2BFrance/,
https://www.google.com/maps/search/etablissement+wellness+Saint-Bazile%2BFrance/,
https://www.google.com/maps/search/etablissement+wellness+Saint-Bazile-de-la-Roche%2BFrance/,
https://www.google.com/maps/search/etablissement+wellness+Saint-Bazile-de-Meyssac%2BFrance/,
https://www.google.com/maps/search/etablissement+wellness+Saint-Béat%2BFrance/,
https://www.google.com/maps/search/etablissement+wellness+Saint-Beaulize%2BFrance/,
https://www.google.com/maps/search/etablissement+wellness+Saint-Beauzeil%2BFrance/,
https://www.google.com/maps/search/etablissement+wellness+Saint-Beauzély%2BFrance/,
https://www.google.com/maps/search/etablissement+wellness+Saint-Beauzile%2BFrance/,
https://www.google.com/maps/search/etablissement+wellness+Saint-Beauzire%2BFrance/,
https://www.google.com/maps/search/etablissement+wellness+Saint-Beauzire%2BFrance/,
https://www.google.com/maps/search/etablissement+wellness+Saint-Bénézet%2BFrance/,
https://www.google.com/maps/search/etablissement+wellness+Saint-Bénigne%2BFrance/,
https://www.google.com/maps/search/etablissement+wellness+Saint-Benin%2BFrance/,
https://www.google.com/maps/search/etablissement+wellness+Saint-Benin-d'Azy%2BFrance/,
https://www.google.com/maps/search/etablissement+wellness+Saint-Benin-des-Bois%2BFrance/,
https://www.google.com/maps/search/etablissement+wellness+Saint-Benoist-sur-Mer%2BFrance/,
https://www.google.com/maps/search/etablissement+wellness+Saint-Benoist-sur-Vanne%2BFrance/,
https://www.google.com/maps/search/etablissement+wellness+Saint-Benoît%2BFrance/,
https://www.google.com/maps/search/etablissement+wellness+Saint-Benoît%2BFrance/,
https://www.google.com/maps/search/etablissement+wellness+Saint-Benoît%2BFrance/,
https://www.google.com/maps/search/etablissement+wellness+Saint-Benoît%2BFrance/,
https://www.google.com/maps/search/etablissement+wellness+Saint-Benoît-d'Hébertot%2BFrance/,
https://www.google.com/maps/search/etablissement+wellness+Saint-Benoît-de-Carmaux%2BFrance/,
https://www.google.com/maps/search/etablissement+wellness+Saint-Benoît-des-Ombres%2BFrance/,
https://www.google.com/maps/search/etablissement+wellness+Saint-Benoît-des-Ondes%2BFrance/,
https://www.google.com/maps/search/etablissement+wellness+Saint-Benoît-du-Sault%2BFrance/,
https://www.google.com/maps/search/etablissement+wellness+Saint-Benoit-en-Diois%2BFrance/,
https://www.google.com/maps/search/etablissement+wellness+Saint-Benoît-la-Chipotte%2BFrance/,
https://www.google.com/maps/search/etablissement+wellness+Saint-Benoît-la-Forêt%2BFrance/,
https://www.google.com/maps/search/etablissement+wellness+Saint-Benoît-sur-Loire%2BFrance/,
https://www.google.com/maps/search/etablissement+wellness+Saint-Benoît-sur-Seine%2BFrance/,
https://www.google.com/maps/search/etablissement+wellness+Saint-Bérain%2BFrance/,
https://www.google.com/maps/search/etablissement+wellness+Saint-Berain-sous-Sanvignes%2BFrance/,
https://www.google.com/maps/search/etablissement+wellness+Saint-Bérain-sur-Dheune%2BFrance/,
https://www.google.com/maps/search/etablissement+wellness+Saint-Bernard%2BFrance/,
https://www.google.com/maps/search/etablissement+wellness+Saint-Bernard%2BFrance/,
https://www.google.com/maps/search/etablissement+wellness+Saint-Bernard%2BFrance/,
https://www.google.com/maps/search/etablissement+wellness+Saint-Bernard%2BFrance/,
https://www.google.com/maps/search/etablissement+wellness+Saint-Béron%2BFrance/,
https://www.google.com/maps/search/etablissement+wellness+Saint-Berthevin%2BFrance/,
https://www.google.com/maps/search/etablissement+wellness+Saint-Berthevin-la-Tannière%2BFrance/,
https://www.google.com/maps/search/etablissement+wellness+Saint-Bertrand-de-Comminges%2BFrance/,
https://www.google.com/maps/search/etablissement+wellness+Saint-Biez-en-Belin%2BFrance/,
https://www.google.com/maps/search/etablissement+wellness+Saint-Bihy%2BFrance/,
https://www.google.com/maps/search/etablissement+wellness+Saint-Blaise%2BFrance/,
https://www.google.com/maps/search/etablissement+wellness+Saint-Blaise%2BFrance/,
https://www.google.com/maps/search/etablissement+wellness+Saint-Blaise-du-Buis%2BFrance/,
https://www.google.com/maps/search/etablissement+wellness+Saint-Blaise-la-Roche%2BFrance/,
https://www.google.com/maps/search/etablissement+wellness+Saint-Blancard%2BFrance/,
https://www.google.com/maps/search/etablissement+wellness+Saint-Blimont%2BFrance/,
https://www.google.com/maps/search/etablissement+wellness+Saint-Blin%2BFrance/,
https://www.google.com/maps/search/etablissement+wellness+Saint-Boès%2BFrance/,
https://www.google.com/maps/search/etablissement+wellness+Saint-Bohaire%2BFrance/,
https://www.google.com/maps/search/etablissement+wellness+Saint-Boil%2BFrance/,
https://www.google.com/maps/search/etablissement+wellness+Saint-Boingt%2BFrance/,
https://www.google.com/maps/search/etablissement+wellness+Saint-Bomer%2BFrance/,
https://www.google.com/maps/search/etablissement+wellness+Saint-Bômer-les-Forges%2BFrance/,
https://www.google.com/maps/search/etablissement+wellness+Saint-Bon%2BFrance/,
https://www.google.com/maps/search/etablissement+wellness+Saint-Bonnet%2BFrance/,
https://www.google.com/maps/search/etablissement+wellness+Saint-Bonnet-Avalouze%2BFrance/,
https://www.google.com/maps/search/etablissement+wellness+Saint-Bonnet-Briance%2BFrance/,
https://www.google.com/maps/search/etablissement+wellness+Saint-Bonnet-de-Bellac%2BFrance/,
https://www.google.com/maps/search/etablissement+wellness+Saint-Bonnet-de-Chavagne%2BFrance/,
https://www.google.com/maps/search/etablissement+wellness+Saint-Bonnet-de-Chirac%2BFrance/,
https://www.google.com/maps/search/etablissement+wellness+Saint-Bonnet-de-Condat%2BFrance/,
https://www.google.com/maps/search/etablissement+wellness+Saint-Bonnet-de-Cray%2BFrance/,
https://www.google.com/maps/search/etablissement+wellness+Saint-Bonnet-de-Four%2BFrance/,
https://www.google.com/maps/search/etablissement+wellness+Saint-Bonnet-de-Joux%2BFrance/,
https://www.google.com/maps/search/etablissement+wellness+Saint-Bonnet-de-Mure%2BFrance/,
https://www.google.com/maps/search/etablissement+wellness+Saint-Bonnet-de-Rochefort%2BFrance/,
https://www.google.com/maps/search/etablissement+wellness+Saint-Bonnet-de-Salendrinque%2BFrance/,
https://www.google.com/maps/search/etablissement+wellness+Saint-Bonnet-de-Salers%2BFrance/,
https://www.google.com/maps/search/etablissement+wellness+Saint-Bonnet-de-Valclérieux%2BFrance/,
https://www.google.com/maps/search/etablissement+wellness+Saint-Bonnet-de-Vieille-Vigne%2BFrance/,
https://www.google.com/maps/search/etablissement+wellness+Saint-Bonnet-des-Bruyères%2BFrance/,
https://www.google.com/maps/search/etablissement+wellness+Saint-Bonnet-des-Quarts%2BFrance/,
https://www.google.com/maps/search/etablissement+wellness+Saint-Bonnet-du-Gard%2BFrance/,
https://www.google.com/maps/search/etablissement+wellness+Saint-Bonnet-Elvert%2BFrance/,
https://www.google.com/maps/search/etablissement+wellness+Saint-Bonnet-en-Bresse%2BFrance/,
https://www.google.com/maps/search/etablissement+wellness+Saint-Bonnet-en-Champsaur%2BFrance/,
https://www.google.com/maps/search/etablissement+wellness+Saint-Bonnet-l'Enfantier%2BFrance/,
https://www.google.com/maps/search/etablissement+wellness+Saint-Bonnet-la-Rivière%2BFrance/,
https://www.google.com/maps/search/etablissement+wellness+Saint-Bonnet-le-Bourg%2BFrance/,
https://www.google.com/maps/search/etablissement+wellness+Saint-Bonnet-le-Chastel%2BFrance/,
https://www.google.com/maps/search/etablissement+wellness+Saint-Bonnet-le-Château%2BFrance/,
https://www.google.com/maps/search/etablissement+wellness+Saint-Bonnet-le-Courreau%2BFrance/,
https://www.google.com/maps/search/etablissement+wellness+Saint-Bonnet-le-Froid%2BFrance/,
https://www.google.com/maps/search/etablissement+wellness+Saint-Bonnet-le-Troncy%2BFrance/,
https://www.google.com/maps/search/etablissement+wellness+Saint-Bonnet-lès-Allier%2BFrance/,
https://www.google.com/maps/search/etablissement+wellness+Saint-Bonnet-les-Oules%2BFrance/,
https://www.google.com/maps/search/etablissement+wellness+Saint-Bonnet-les-Tours-de-Merle%2BFrance/,
https://www.google.com/maps/search/etablissement+wellness+Saint-Bonnet-près-Bort%2BFrance/,
https://www.google.com/maps/search/etablissement+wellness+Saint-Bonnet-près-Orcival%2BFrance/,
https://www.google.com/maps/search/etablissement+wellness+Saint-Bonnet-près-Riom%2BFrance/,
https://www.google.com/maps/search/etablissement+wellness+Saint-Bonnet-sur-Gironde%2BFrance/,
https://www.google.com/maps/search/etablissement+wellness+Saint-Bonnet-Tronçais%2BFrance/,
https://www.google.com/maps/search/etablissement+wellness+Saint-Bonnot%2BFrance/,
https://www.google.com/maps/search/etablissement+wellness+Saint-Bouize%2BFrance/,
https://www.google.com/maps/search/etablissement+wellness+Saint-Brancher%2BFrance/,
https://www.google.com/maps/search/etablissement+wellness+Saint-Branchs%2BFrance/,
https://www.google.com/maps/search/etablissement+wellness+Saint-Brandan%2BFrance/,
https://www.google.com/maps/search/etablissement+wellness+Saint-Brès%2BFrance/,
https://www.google.com/maps/search/etablissement+wellness+Saint-Brès%2BFrance/,
https://www.google.com/maps/search/etablissement+wellness+Saint-Brès%2BFrance/,
https://www.google.com/maps/search/etablissement+wellness+Saint-Bresson%2BFrance/,
https://www.google.com/maps/search/etablissement+wellness+Saint-Bresson%2BFrance/,
https://www.google.com/maps/search/etablissement+wellness+Saint-Bressou%2BFrance/,
https://www.google.com/maps/search/etablissement+wellness+Saint-Brevin-les-Pins%2BFrance/,
https://www.google.com/maps/search/etablissement+wellness+Saint-Briac-sur-Mer%2BFrance/,
https://www.google.com/maps/search/etablissement+wellness+Saint-Brice%2BFrance/,
https://www.google.com/maps/search/etablissement+wellness+Saint-Brice%2BFrance/,
https://www.google.com/maps/search/etablissement+wellness+Saint-Brice%2BFrance/,
https://www.google.com/maps/search/etablissement+wellness+Saint-Brice%2BFrance/,
https://www.google.com/maps/search/etablissement+wellness+Saint-Brice%2BFrance/,
https://www.google.com/maps/search/etablissement+wellness+Saint-Brice%2BFrance/,
https://www.google.com/maps/search/etablissement+wellness+Saint-Brice-Courcelles%2BFrance/,
https://www.google.com/maps/search/etablissement+wellness+Saint-Brice-de-Landelles%2BFrance/,
https://www.google.com/maps/search/etablissement+wellness+Saint-Brice-sous-Forêt%2BFrance/,
https://www.google.com/maps/search/etablissement+wellness+Saint-Brice-sous-Rânes%2BFrance/,
https://www.google.com/maps/search/etablissement+wellness+Saint-Brice-sur-Vienne%2BFrance/,
https://www.google.com/maps/search/etablissement+wellness+Saint-Brieuc%2BFrance/,traité (2026-08-22 19:17)
https://www.google.com/maps/search/etablissement+wellness+Saint-Brieuc-de-Mauron%2BFrance/,traité (2026-08-22 19:18)
https://www.google.com/maps/search/etablissement+wellness+Saint-Brieuc-des-Iffs%2BFrance/,traité (2026-08-22 19:18)
https://www.google.com/maps/search/etablissement+wellness+Saint-Bris-des-Bois%2BFrance/,traité (2026-08-22 19:19)
https://www.google.com/maps/search/etablissement+wellness+Saint-Bris-le-Vineux%2BFrance/,traité (2026-08-22 19:19)
https://www.google.com/maps/search/etablissement+wellness+Saint-Brisson%2BFrance/,traité (2026-08-22 19:19)
https://www.google.com/maps/search/etablissement+wellness+Saint-Brisson-sur-Loire%2BFrance/,traité (2026-08-22 19:20)
https://www.google.com/maps/search/etablissement+wellness+Saint-Broing%2BFrance/,traité (2026-08-22 19:20)
https://www.google.com/maps/search/etablissement+wellness+Saint-Broing-les-Moines%2BFrance/,traité (2026-08-22 19:21)
https://www.google.com/maps/search/etablissement+wellness+Saint-Broingt-le-Bois%2BFrance/,traité (2026-08-22 19:21)
https://www.google.com/maps/search/etablissement+wellness+Saint-Broingt-les-Fosses%2BFrance/,traité (2026-08-22 19:21)
https://www.google.com/maps/search/etablissement+wellness+Saint-Broladre%2BFrance/,traité (2026-08-22 19:23)
https://www.google.com/maps/search/etablissement+wellness+Saint-Bueil%2BFrance/,traité (2026-08-22 19:23)
https://www.google.com/maps/search/etablissement+wellness+Saint-Calais%2BFrance/,traité (2026-08-22 19:24)
https://www.google.com/maps/search/etablissement+wellness+Saint-Calais-du-Désert%2BFrance/,traité (2026-08-22 19:24)
https://www.google.com/maps/search/etablissement+wellness+Saint-Calez-en-Saosnois%2BFrance/,traité (2026-08-22 19:24)
https://www.google.com/maps/search/etablissement+wellness+Saint-Cannat%2BFrance/,traité (2026-08-22 19:24)
https://www.google.com/maps/search/etablissement+wellness+Saint-Caprais%2BFrance/,traité (2026-08-22 19:25)
https://www.google.com/maps/search/etablissement+wellness+Saint-Caprais%2BFrance/,traité (2026-08-22 19:25)
https://www.google.com/maps/search/etablissement+wellness+Saint-Caprais%2BFrance/,traité (2026-08-22 19:25)
https://www.google.com/maps/search/etablissement+wellness+Saint-Caprais%2BFrance/,traité (2026-08-22 19:25)
https://www.google.com/maps/search/etablissement+wellness+Saint-Caprais-de-Blaye%2BFrance/,traité (2026-08-22 19:27)
https://www.google.com/maps/search/etablissement+wellness+Saint-Caprais-de-Bordeaux%2BFrance/,traité (2026-08-22 19:27)
https://www.google.com/maps/search/etablissement+wellness+Saint-Caprais-de-Lerm%2BFrance/,traité (2026-08-22 19:27)
https://www.google.com/maps/search/etablissement+wellness+Saint-Capraise-d'Eymet%2BFrance/,traité (2026-08-22 19:27)
https://www.google.com/maps/search/etablissement+wellness+Saint-Capraise-de-Lalinde%2BFrance/,traité (2026-08-22 19:27)
https://www.google.com/maps/search/etablissement+wellness+Saint-Caradec%2BFrance/,traité (2026-08-22 19:28)
https://www.google.com/maps/search/etablissement+wellness+Saint-Caradec-Trégomel%2BFrance/,traité (2026-08-22 19:28)
https://www.google.com/maps/search/etablissement+wellness+Saint-Carné%2BFrance/,traité (2026-08-22 19:29)
https://www.google.com/maps/search/etablissement+wellness+Saint-Carreuc%2BFrance/,traité (2026-08-22 19:29)
https://www.google.com/maps/search/etablissement+wellness+Saint-Cassien%2BFrance/,traité (2026-08-22 19:31)
https://www.google.com/maps/search/etablissement+wellness+Saint-Cassien%2BFrance/,traité (2026-08-22 19:31)
https://www.google.com/maps/search/etablissement+wellness+Saint-Cassin%2BFrance/,traité (2026-08-22 19:31)
https://www.google.com/maps/search/etablissement+wellness+Saint-Cast-le-Guildo%2BFrance/,traité (2026-08-22 19:31)
https://www.google.com/maps/search/etablissement+wellness+Saint-Castin%2BFrance/,traité (2026-08-22 19:31)
https://www.google.com/maps/search/etablissement+wellness+Saint-Célerin%2BFrance/,traité (2026-08-22 19:32)
https://www.google.com/maps/search/etablissement+wellness+Saint-Céneré%2BFrance/,traité (2026-08-22 19:32)
https://www.google.com/maps/search/etablissement+wellness+Saint-Céneri-le-Gérei%2BFrance/,traité (2026-08-22 19:32)
https://www.google.com/maps/search/etablissement+wellness+Saint-Céols%2BFrance/,traité (2026-08-22 19:33)
https://www.google.com/maps/search/etablissement+wellness+Saint-Céré%2BFrance/,traité (2026-08-22 19:33)
https://www.google.com/maps/search/etablissement+wellness+Saint-Cergues%2BFrance/,traité (2026-08-22 19:35)
https://www.google.com/maps/search/etablissement+wellness+Saint-Cernin%2BFrance/,traité (2026-08-22 19:35)
https://www.google.com/maps/search/etablissement+wellness+Saint-Cernin-de-l'Herm%2BFrance/,traité (2026-08-22 19:35)
https://www.google.com/maps/search/etablissement+wellness+Saint-Cernin-de-Labarde%2BFrance/,traité (2026-08-22 19:35)
https://www.google.com/maps/search/etablissement+wellness+Saint-Cernin-de-Larche%2BFrance/,traité (2026-08-22 19:36)
https://www.google.com/maps/search/etablissement+wellness+Saint-Césaire%2BFrance/,traité (2026-08-22 19:36)
https://www.google.com/maps/search/etablissement+wellness+Saint-Césaire-de-Gauzignan%2BFrance/,traité (2026-08-22 19:36)
https://www.google.com/maps/search/etablissement+wellness+Saint-Cézaire-sur-Siagne%2BFrance/,traité (2026-08-22 19:36)
https://www.google.com/maps/search/etablissement+wellness+Saint-Cézert%2BFrance/,traité (2026-08-22 19:37)
https://www.google.com/maps/search/etablissement+wellness+Saint-Chabrais%2BFrance/,traité (2026-08-22 19:37)
https://www.google.com/maps/search/etablissement+wellness+Saint-Chaffrey%2BFrance/,traité (2026-08-22 19:38)
https://www.google.com/maps/search/etablissement+wellness+Saint-Chamant%2BFrance/,traité (2026-08-22 19:40)
https://www.google.com/maps/search/etablissement+wellness+Saint-Chamant%2BFrance/,traité (2026-08-22 19:40)
https://www.google.com/maps/search/etablissement+wellness+Saint-Chamarand%2BFrance/,traité (2026-08-22 19:40)
https://www.google.com/maps/search/etablissement+wellness+Saint-Chamas%2BFrance/,traité (2026-08-22 19:40)
https://www.google.com/maps/search/etablissement+wellness+Saint-Chamassy%2BFrance/,traité (2026-08-22 19:40)
https://www.google.com/maps/search/etablissement+wellness+Saint-Chamond%2BFrance/,traité (2026-08-22 19:40)
https://www.google.com/maps/search/etablissement+wellness+Saint-Champ%2BFrance/,traité (2026-08-22 19:40)
https://www.google.com/maps/search/etablissement+wellness+Saint-Chaptes%2BFrance/,traité (2026-08-22 19:41)
https://www.google.com/maps/search/etablissement+wellness+Saint-Charles-la-Forêt%2BFrance/,traité (2026-08-22 19:41)
https://www.google.com/maps/search/etablissement+wellness+Saint-Chartier%2BFrance/,traité (2026-08-22 19:43)
https://www.google.com/maps/search/etablissement+wellness+Saint-Chef%2BFrance/,traité (2026-08-22 19:43)
https://www.google.com/maps/search/etablissement+wellness+Saint-Chels%2BFrance/,traité (2026-08-22 19:43)
https://www.google.com/maps/search/etablissement+wellness+Saint-Chély-d'Apcher%2BFrance/,traité (2026-08-22 19:43)
https://www.google.com/maps/search/etablissement+wellness+Saint-Chély-d'Aubrac%2BFrance/,traité (2026-08-22 19:43)
https://www.google.com/maps/search/etablissement+wellness+Saint-Chéron%2BFrance/,traité (2026-08-22 19:43)
https://www.google.com/maps/search/etablissement+wellness+Saint-Chéron%2BFrance/,traité (2026-08-22 19:43)
https://www.google.com/maps/search/etablissement+wellness+Saint-Chinian%2BFrance/,traité (2026-08-22 19:44)
https://www.google.com/maps/search/etablissement+wellness+Saint-Christ-Briost%2BFrance/,traité (2026-08-22 19:44)
https://www.google.com/maps/search/etablissement+wellness+Saint-Christaud%2BFrance/,traité (2026-08-22 19:45)
https://www.google.com/maps/search/etablissement+wellness+Saint-Christaud%2BFrance/,traité (2026-08-22 19:45)
https://www.google.com/maps/search/etablissement+wellness+Saint-Christo-en-Jarez%2BFrance/,traité (2026-08-22 19:47)
https://www.google.com/maps/search/etablissement+wellness+Saint-Christol%2BFrance/,traité (2026-08-22 19:47)
https://www.google.com/maps/search/etablissement+wellness+Saint-Christol%2BFrance/,traité (2026-08-22 19:47)
https://www.google.com/maps/search/etablissement+wellness+Saint-Christol%2BFrance/,traité (2026-08-22 19:47)
https://www.google.com/maps/search/etablissement+wellness+Saint-Christol-de-Rodières%2BFrance/,traité (2026-08-22 19:47)
https://www.google.com/maps/search/etablissement+wellness+Saint-Christol-lès-Alès%2BFrance/,traité (2026-08-22 19:47)
https://www.google.com/maps/search/etablissement+wellness+Saint-Christoly-de-Blaye%2BFrance/,traité (2026-08-22 19:47)
https://www.google.com/maps/search/etablissement+wellness+Saint-Christoly-Médoc%2BFrance/,traité (2026-08-22 19:48)
https://www.google.com/maps/search/etablissement+wellness+Saint-Christophe%2BFrance/,échec (2026-08-22 19:52)
https://www.google.com/maps/search/etablissement+wellness+Saint-Christophe%2BFrance/,échec (2026-08-22 19:52)
https://www.google.com/maps/search/etablissement+wellness+Saint-Christophe%2BFrance/,échec (2026-08-22 19:52)
https://www.google.com/maps/search/etablissement+wellness+Saint-Christophe%2BFrance/,échec (2026-08-22 19:52)
https://www.google.com/maps/search/etablissement+wellness+Saint-Christophe%2BFrance/,échec (2026-08-22 19:52)
https://www.google.com/maps/search/etablissement+wellness+Saint-Christophe%2BFrance/,échec (2026-08-22 19:52)
https://www.google.com/maps/search/etablissement+wellness+Saint-Christophe%2BFrance/,échec (2026-08-22 19:52)
https://www.google.com/maps/search/etablissement+wellness+Saint-Christophe%2BFrance/,échec (2026-08-22 19:52)
https://www.google.com/maps/search/etablissement+wellness+Saint-Christophe%2BFrance/,échec (2026-08-22 19:52)
https://www.google.com/maps/search/etablissement+wellness+Saint-Christophe-à-Berry%2BFrance/,traité (2026-08-22 19:52)
https://www.google.com/maps/search/etablissement+wellness+Saint-Christophe-d'Allier%2BFrance/,traité (2026-08-22 19:53)
https://www.google.com/maps/search/etablissement+wellness+Saint-Christophe-de-Chaulieu%2BFrance/,traité (2026-08-22 19:55)
https://www.google.com/maps/search/etablissement+wellness+Saint-Christophe-de-Double%2BFrance/,traité (2026-08-22 19:55)
https://www.google.com/maps/search/etablissement+wellness+Saint-Christophe-de-Valains%2BFrance/,traité (2026-08-22 19:55)
https://www.google.com/maps/search/etablissement+wellness+Saint-Christophe-des-Bardes%2BFrance/,traité (2026-08-22 19:55)
https://www.google.com/maps/search/etablissement+wellness+Saint-Christophe-des-Bois%2BFrance/,traité (2026-08-22 19:55)
https://www.google.com/maps/search/etablissement+wellness+Saint-Christophe-Dodinicourt%2BFrance/,traité (2026-08-22 19:55)
https://www.google.com/maps/search/etablissement+wellness+Saint-Christophe-du-Bois%2BFrance/,traité (2026-08-22 19:55)
https://www.google.com/maps/search/etablissement+wellness+Saint-Christophe-du-Foc%2BFrance/,traité (2026-08-22 19:55)
https://www.google.com/maps/search/etablissement+wellness+Saint-Christophe-du-Jambet%2BFrance/,traité (2026-08-22 19:55)
https://www.google.com/maps/search/etablissement+wellness+Saint-Christophe-du-Ligneron%2BFrance/,traité (2026-08-22 19:56)
https://www.google.com/maps/search/etablissement+wellness+Saint-Christophe-du-Luat%2BFrance/,traité (2026-08-22 19:58)
https://www.google.com/maps/search/etablissement+wellness+Saint-Christophe-en-Bazelle%2BFrance/,traité (2026-08-22 19:58)
https://www.google.com/maps/search/etablissement+wellness+Saint-Christophe-en-Boucherie%2BFrance/,traité (2026-08-22 19:58)
https://www.google.com/maps/search/etablissement+wellness+Saint-Christophe-en-Bresse%2BFrance/,traité (2026-08-22 19:58)
https://www.google.com/maps/search/etablissement+wellness+Saint-Christophe-en-Brionnais%2BFrance/,traité (2026-08-22 19:58)
https://www.google.com/maps/search/etablissement+wellness+Saint-Christophe-en-Champagne%2BFrance/,traité (2026-08-22 19:59)
https://www.google.com/maps/search/etablissement+wellness+Saint-Christophe-en-Oisans%2BFrance/,traité (2026-08-22 19:59)
https://www.google.com/maps/search/etablissement+wellness+Saint-Christophe-et-le-Laris%2BFrance/,traité (2026-08-22 19:59)
https://www.google.com/maps/search/etablissement+wellness+Saint-Christophe-le-Chaudry%2BFrance/,traité (2026-08-22 20:00)
https://www.google.com/maps/search/etablissement+wellness+Saint-Christophe-sur-Avre%2BFrance/,traité (2026-08-22 20:00)
https://www.google.com/maps/search/etablissement+wellness+Saint-Christophe-sur-Condé%2BFrance/,traité (2026-08-22 20:02)
https://www.google.com/maps/search/etablissement+wellness+Saint-Christophe-sur-Dolaison%2BFrance/,traité (2026-08-22 20:02)
https://www.google.com/maps/search/etablissement+wellness+Saint-Christophe-sur-Guiers%2BFrance/,traité (2026-08-22 20:03)
https://www.google.com/maps/search/etablissement+wellness+Saint-Christophe-sur-le-Nais%2BFrance/,traité (2026-08-22 20:03)
https://www.google.com/maps/search/etablissement+wellness+Saint-Christophe-sur-Roc%2BFrance/,traité (2026-08-22 20:03)
https://www.google.com/maps/search/etablissement+wellness+Saint-Christophe-Vallon%2BFrance/,traité (2026-08-22 20:03)
https://www.google.com/maps/search/etablissement+wellness+Saint-Cibard%2BFrance/,traité (2026-08-22 20:03)
https://www.google.com/maps/search/etablissement+wellness+Saint-Cierge-la-Serre%2BFrance/,traité (2026-08-22 20:04)
https://www.google.com/maps/search/etablissement+wellness+Saint-Cierge-sous-le-Cheylard%2BFrance/,traité (2026-08-22 20:04)
https://www.google.com/maps/search/etablissement+wellness+Saint-Ciergues%2BFrance/,traité (2026-08-22 20:04)
https://www.google.com/maps/search/etablissement+wellness+Saint-Ciers-Champagne%2BFrance/,traité (2026-08-22 20:06)
https://www.google.com/maps/search/etablissement+wellness+Saint-Ciers-d'Abzac%2BFrance/,traité (2026-08-22 20:07)
https://www.google.com/maps/search/etablissement+wellness+Saint-Ciers-de-Canesse%2BFrance/,traité (2026-08-22 20:07)
https://www.google.com/maps/search/etablissement+wellness+Saint-Ciers-du-Taillon%2BFrance/,traité (2026-08-22 20:07)
https://www.google.com/maps/search/etablissement+wellness+Saint-Ciers-sur-Bonnieure%2BFrance/,traité (2026-08-22 20:07)
https://www.google.com/maps/search/etablissement+wellness+Saint-Ciers-sur-Gironde%2BFrance/,traité (2026-08-22 20:07)
https://www.google.com/maps/search/etablissement+wellness+Saint-Cirgue%2BFrance/,traité (2026-08-22 20:07)
https://www.google.com/maps/search/etablissement+wellness+Saint-Cirgues%2BFrance/,traité (2026-08-22 20:07)
https://www.google.com/maps/search/etablissement+wellness+Saint-Cirgues%2BFrance/,traité (2026-08-22 20:07)
https://www.google.com/maps/search/etablissement+wellness+Saint-Cirgues-de-Jordanne%2BFrance/,traité (2026-08-22 20:08)
https://www.google.com/maps/search/etablissement+wellness+Saint-Cirgues-de-Malbert%2BFrance/,traité (2026-08-22 20:10)
https://www.google.com/maps/search/etablissement+wellness+Saint-Cirgues-de-Prades%2BFrance/,traité (2026-08-22 20:10)
https://www.google.com/maps/search/etablissement+wellness+Saint-Cirgues-en-Montagne%2BFrance/,traité (2026-08-22 20:10)
https://www.google.com/maps/search/etablissement+wellness+Saint-Cirgues-la-Loutre%2BFrance/,traité (2026-08-22 20:10)
https://www.google.com/maps/search/etablissement+wellness+Saint-Cirgues-sur-Couze%2BFrance/,traité (2026-08-22 20:10)
https://www.google.com/maps/search/etablissement+wellness+Saint-Cirice%2BFrance/,traité (2026-08-22 20:10)
https://www.google.com/maps/search/etablissement+wellness+Saint-Cirq%2BFrance/,traité (2026-08-22 20:11)
https://www.google.com/maps/search/etablissement+wellness+Saint-Cirq%2BFrance/,traité (2026-08-22 20:11)
https://www.google.com/maps/search/etablissement+wellness+Saint-Cirq-Lapopie%2BFrance/,traité (2026-08-22 20:11)
https://www.google.com/maps/search/etablissement+wellness+Saint-Cirq-Madelon%2BFrance/,traité (2026-08-22 20:12)
https://www.google.com/maps/search/etablissement+wellness+Saint-Cirq-Souillaguet%2BFrance/,traité (2026-08-22 20:14)
https://www.google.com/maps/search/etablissement+wellness+Saint-Civran%2BFrance/,traité (2026-08-22 20:14)
https://www.google.com/maps/search/etablissement+wellness+Saint-Clair%2BFrance/,traité (2026-08-22 20:14)
https://www.google.com/maps/search/etablissement+wellness+Saint-Clair%2BFrance/,traité (2026-08-22 20:14)
https://www.google.com/maps/search/etablissement+wellness+Saint-Clair%2BFrance/,traité (2026-08-22 20:14)
https://www.google.com/maps/search/etablissement+wellness+Saint-Clair%2BFrance/,traité (2026-08-22 20:14)
https://www.google.com/maps/search/etablissement+wellness+Saint-Clair-d'Arcey%2BFrance/,traité (2026-08-22 20:15)
https://www.google.com/maps/search/etablissement+wellness+Saint-Clair-de-Halouze%2BFrance/,traité (2026-08-22 20:15)
https://www.google.com/maps/search/etablissement+wellness+Saint-Clair-de-la-Tour%2BFrance/,traité (2026-08-22 20:15)
https://www.google.com/maps/search/etablissement+wellness+Saint-Clair-du-Rhône%2BFrance/,traité (2026-08-22 20:16)
https://www.google.com/maps/search/etablissement+wellness+Saint-Clair-sur-Epte%2BFrance/,traité (2026-08-22 20:18)
https://www.google.com/maps/search/etablissement+wellness+Saint-Clair-sur-Galaure%2BFrance/,traité (2026-08-22 20:18)
https://www.google.com/maps/search/etablissement+wellness+Saint-Clair-sur-l'Elle%2BFrance/,traité (2026-08-22 20:18)
https://www.google.com/maps/search/etablissement+wellness+Saint-Clair-sur-les-Monts%2BFrance/,traité (2026-08-22 20:18)
https://www.google.com/maps/search/etablissement+wellness+Saint-Clar%2BFrance/,traité (2026-08-22 20:18)
https://www.google.com/maps/search/etablissement+wellness+Saint-Clar-de-Rivière%2BFrance/,traité (2026-08-22 20:18)
https://www.google.com/maps/search/etablissement+wellness+Saint-Claud%2BFrance/,traité (2026-08-22 20:18)
https://www.google.com/maps/search/etablissement+wellness+Saint-Claude%2BFrance/,traité (2026-08-22 20:19)
https://www.google.com/maps/search/etablissement+wellness+Saint-Claude%2BFrance/,traité (2026-08-22 20:19)
https://www.google.com/maps/search/etablissement+wellness+Saint-Claude-de-Diray%2BFrance/,traité (2026-08-22 20:19)
https://www.google.com/maps/search/etablissement+wellness+Saint-Clément%2BFrance/,traité (2026-08-22 20:23)
https://www.google.com/maps/search/etablissement+wellness+Saint-Clément%2BFrance/,traité (2026-08-22 20:23)
https://www.google.com/maps/search/etablissement+wellness+Saint-Clément%2BFrance/,traité (2026-08-22 20:23)
https://www.google.com/maps/search/etablissement+wellness+Saint-Clément%2BFrance/,traité (2026-08-22 20:23)
https://www.google.com/maps/search/etablissement+wellness+Saint-Clément%2BFrance/,traité (2026-08-22 20:23)
https://www.google.com/maps/search/etablissement+wellness+Saint-Clément%2BFrance/,traité (2026-08-22 20:23)
https://www.google.com/maps/search/etablissement+wellness+Saint-Clément%2BFrance/,traité (2026-08-22 20:23)
https://www.google.com/maps/search/etablissement+wellness+Saint-Clément%2BFrance/,traité (2026-08-22 20:23)
https://www.google.com/maps/search/etablissement+wellness+Saint-Clément-à-Arnes%2BFrance/,traité (2026-08-22 20:24)
https://www.google.com/maps/search/etablissement+wellness+Saint-Clément-de-la-Place%2BFrance/,traité (2026-08-22 20:24)
https://www.google.com/maps/search/etablissement+wellness+Saint-Clément-de-Régnat%2BFrance/,traité (2026-08-22 20:24)
https://www.google.com/maps/search/etablissement+wellness+Saint-Clément-de-Rivière%2BFrance/,traité (2026-08-22 20:26)
https://www.google.com/maps/search/etablissement+wellness+Saint-Clément-de-Valorgue%2BFrance/,traité (2026-08-22 20:26)
https://www.google.com/maps/search/etablissement+wellness+Saint-Clément-de-Vers%2BFrance/,traité (2026-08-22 20:26)
https://www.google.com/maps/search/etablissement+wellness+Saint-Clément-des-Baleines%2BFrance/,traité (2026-08-22 20:26)
https://www.google.com/maps/search/etablissement+wellness+Saint-Clément-des-Levées%2BFrance/,traité (2026-08-22 20:26)
https://www.google.com/maps/search/etablissement+wellness+Saint-Clément-les-Places%2BFrance/,traité (2026-08-22 20:26)
https://www.google.com/maps/search/etablissement+wellness+Saint-Clément-Rancoudray%2BFrance/,traité (2026-08-22 20:27)
https://www.google.com/maps/search/etablissement+wellness+Saint-Clément-sur-Durance%2BFrance/,traité (2026-08-22 20:27)
https://www.google.com/maps/search/etablissement+wellness+Saint-Clément-sur-Guye%2BFrance/,traité (2026-08-22 20:28)
https://www.google.com/maps/search/etablissement+wellness+Saint-Clément-sur-Valsonne%2BFrance/,traité (2026-08-22 20:30)
https://www.google.com/maps/search/etablissement+wellness+Saint-Clet%2BFrance/,traité (2026-08-22 20:30)
https://www.google.com/maps/search/etablissement+wellness+Saint-Cloud%2BFrance/,traité (2026-08-22 20:30)
https://www.google.com/maps/search/etablissement+wellness+Saint-Colomb-de-Lauzun%2BFrance/,traité (2026-08-22 20:30)
https://www.google.com/maps/search/etablissement+wellness+Saint-Colomban%2BFrance/,traité (2026-08-22 20:30)
https://www.google.com/maps/search/etablissement+wellness+Saint-Colomban-des-Villards%2BFrance/,traité (2026-08-22 20:30)
https://www.google.com/maps/search/etablissement+wellness+Saint-Côme%2BFrance/,traité (2026-08-22 20:30)
https://www.google.com/maps/search/etablissement+wellness+Saint-Côme-d'Olt%2BFrance/,traité (2026-08-22 20:30)
https://www.google.com/maps/search/etablissement+wellness+Saint-Côme-de-Fresné%2BFrance/,traité (2026-08-22 20:31)
https://www.google.com/maps/search/etablissement+wellness+Saint-Côme-et-Maruéjols%2BFrance/,traité (2026-08-22 20:31)
https://www.google.com/maps/search/etablissement+wellness+Saint-Congard%2BFrance/,traité (2026-08-22 20:33)
https://www.google.com/maps/search/etablissement+wellness+Saint-Connan%2BFrance/,traité (2026-08-22 20:33)
https://www.google.com/maps/search/etablissement+wellness+Saint-Connec%2BFrance/,traité (2026-08-22 20:34)
https://www.google.com/maps/search/etablissement+wellness+Saint-Constant-Fournoulès%2BFrance/,traité (2026-08-22 20:34)
https://www.google.com/maps/search/etablissement+wellness+Saint-Contest%2BFrance/,traité (2026-08-22 20:34)
https://www.google.com/maps/search/etablissement+wellness+Saint-Corneille%2BFrance/,traité (2026-08-22 20:34)
https://www.google.com/maps/search/etablissement+wellness+Saint-Cosme%2BFrance/,traité (2026-08-22 20:34)
https://www.google.com/maps/search/etablissement+wellness+Saint-Cosme-en-Vairais%2BFrance/,traité (2026-08-22 20:34)
https://www.google.com/maps/search/etablissement+wellness+Saint-Couat-d'Aude%2BFrance/,traité (2026-08-22 20:35)
https://www.google.com/maps/search/etablissement+wellness+Saint-Couat-du-Razès%2BFrance/,traité (2026-08-22 20:35)
https://www.google.com/maps/search/etablissement+wellness+Saint-Coulitz%2BFrance/,traité (2026-08-22 20:35)
https://www.google.com/maps/search/etablissement+wellness+Saint-Coulomb%2BFrance/,traité (2026-08-22 20:37)
https://www.google.com/maps/search/etablissement+wellness+Saint-Coutant%2BFrance/,traité (2026-08-22 17:48)
https://www.google.com/maps/search/etablissement+wellness+Saint-Coutant%2BFrance/,traité (2026-08-22 17:48)
https://www.google.com/maps/search/etablissement+wellness+Saint-Coutant-le-Grand%2BFrance/,traité (2026-08-22 17:48)
https://www.google.com/maps/search/etablissement+wellness+Saint-Créac%2BFrance/,traité (2026-08-22 17:49)
https://www.google.com/maps/search/etablissement+wellness+Saint-Créac%2BFrance/,traité (2026-08-22 17:49)
https://www.google.com/maps/search/etablissement+wellness+Saint-Crépin%2BFrance/,traité (2026-08-22 17:50)
https://www.google.com/maps/search/etablissement+wellness+Saint-Crépin%2BFrance/,traité (2026-08-22 17:50)
https://www.google.com/maps/search/etablissement+wellness+Saint-Crépin-aux-Bois%2BFrance/,traité (2026-08-22 17:50)
https://www.google.com/maps/search/etablissement+wellness+Saint-Crépin-d'Auberoche%2BFrance/,traité (2026-08-22 17:53)
https://www.google.com/maps/search/etablissement+wellness+Saint-Crépin-de-Richemont%2BFrance/,traité (2026-08-22 17:53)
https://www.google.com/maps/search/etablissement+wellness+Saint-Crépin-et-Carlucet%2BFrance/,traité (2026-08-22 17:53)
https://www.google.com/maps/search/etablissement+wellness+Saint-Crépin-Ibouvillers%2BFrance/,traité (2026-08-22 17:53)
https://www.google.com/maps/search/etablissement+wellness+Saint-Crespin%2BFrance/,traité (2026-08-22 17:53)
https://www.google.com/maps/search/etablissement+wellness+Saint-Cricq%2BFrance/,traité (2026-08-22 17:53)
https://www.google.com/maps/search/etablissement+wellness+Saint-Cricq-Chalosse%2BFrance/,traité (2026-08-22 17:54)
https://www.google.com/maps/search/etablissement+wellness+Saint-Cricq-du-Gave%2BFrance/,traité (2026-08-22 17:54)
https://www.google.com/maps/search/etablissement+wellness+Saint-Cricq-Villeneuve%2BFrance/,traité (2026-08-22 17:54)
https://www.google.com/maps/search/etablissement+wellness+Saint-Cybardeaux%2BFrance/,traité (2026-08-22 17:56)
https://www.google.com/maps/search/etablissement+wellness+Saint-Cybranet%2BFrance/,traité (2026-08-22 17:56)
https://www.google.com/maps/search/etablissement+wellness+Saint-Cyprien%2BFrance/,traité (2026-08-22 17:57)
https://www.google.com/maps/search/etablissement+wellness+Saint-Cyprien%2BFrance/,traité (2026-08-22 17:57)
https://www.google.com/maps/search/etablissement+wellness+Saint-Cyprien%2BFrance/,traité (2026-08-22 17:57)
https://www.google.com/maps/search/etablissement+wellness+Saint-Cyprien%2BFrance/,traité (2026-08-22 17:57)
https://www.google.com/maps/search/etablissement+wellness+Saint-Cyr%2BFrance/,traité (2026-08-22 18:00)
https://www.google.com/maps/search/etablissement+wellness+Saint-Cyr%2BFrance/,traité (2026-08-22 18:00)
https://www.google.com/maps/search/etablissement+wellness+Saint-Cyr%2BFrance/,traité (2026-08-22 18:00)
https://www.google.com/maps/search/etablissement+wellness+Saint-Cyr%2BFrance/,traité (2026-08-22 18:00)
https://www.google.com/maps/search/etablissement+wellness+Saint-Cyr%2BFrance/,traité (2026-08-22 18:00)
https://www.google.com/maps/search/etablissement+wellness+Saint-Cyr-au-Mont-d'Or%2BFrance/,traité (2026-08-22 18:00)
https://www.google.com/maps/search/etablissement+wellness+Saint-Cyr-de-Favières%2BFrance/,traité (2026-08-22 18:00)
https://www.google.com/maps/search/etablissement+wellness+Saint-Cyr-de-Salerne%2BFrance/,traité (2026-08-22 18:00)
https://www.google.com/maps/search/etablissement+wellness+Saint-Cyr-de-Valorges%2BFrance/,traité (2026-08-22 18:00)
https://www.google.com/maps/search/etablissement+wellness+Saint-Cyr-des-Gâts%2BFrance/,traité (2026-08-22 18:01)
https://www.google.com/maps/search/etablissement+wellness+Saint-Cyr-du-Bailleul%2BFrance/,traité (2026-08-22 18:01)
https://www.google.com/maps/search/etablissement+wellness+Saint-Cyr-du-Doret%2BFrance/,traité (2026-08-22 18:03)
https://www.google.com/maps/search/etablissement+wellness+Saint-Cyr-du-Gault%2BFrance/,traité (2026-08-22 18:03)
https://www.google.com/maps/search/etablissement+wellness+Saint-Cyr-en-Arthies%2BFrance/,traité (2026-08-22 18:03)
https://www.google.com/maps/search/etablissement+wellness+Saint-Cyr-en-Bourg%2BFrance/,traité (2026-08-22 18:04)
https://www.google.com/maps/search/etablissement+wellness+Saint-Cyr-en-Pail%2BFrance/,traité (2026-08-22 18:04)
https://www.google.com/maps/search/etablissement+wellness+Saint-Cyr-en-Talmondais%2BFrance/,traité (2026-08-22 18:04)
https://www.google.com/maps/search/etablissement+wellness+Saint-Cyr-en-Val%2BFrance/,traité (2026-08-22 18:04)
https://www.google.com/maps/search/etablissement+wellness+Saint-Cyr-l'École%2BFrance/,traité (2026-08-22 18:05)
https://www.google.com/maps/search/etablissement+wellness+Saint-Cyr-la-Campagne%2BFrance/,traité (2026-08-22 18:07)
https://www.google.com/maps/search/etablissement+wellness+Saint-Cyr-la-Lande%2BFrance/,traité (2026-08-22 18:07)
https://www.google.com/maps/search/etablissement+wellness+Saint-Cyr-la-Rivière%2BFrance/,traité (2026-08-22 18:07)
https://www.google.com/maps/search/etablissement+wellness+Saint-Cyr-la-Roche%2BFrance/,traité (2026-08-22 18:07)
https://www.google.com/maps/search/etablissement+wellness+Saint-Cyr-la-Rosière%2BFrance/,traité (2026-08-22 18:07)
https://www.google.com/maps/search/etablissement+wellness+Saint-Cyr-le-Chatoux%2BFrance/,traité (2026-08-22 18:07)
https://www.google.com/maps/search/etablissement+wellness+Saint-Cyr-le-Gravelais%2BFrance/,traité (2026-08-22 18:07)
https://www.google.com/maps/search/etablissement+wellness+Saint-Cyr-les-Champagnes%2BFrance/,traité (2026-08-22 18:08)
https://www.google.com/maps/search/etablissement+wellness+Saint-Cyr-les-Colons%2BFrance/,traité (2026-08-22 18:10)
https://www.google.com/maps/search/etablissement+wellness+Saint-Cyr-les-Vignes%2BFrance/,traité (2026-08-22 18:10)
https://www.google.com/maps/search/etablissement+wellness+Saint-Cyr-Montmalin%2BFrance/,traité (2026-08-22 18:10)
https://www.google.com/maps/search/etablissement+wellness+Saint-Cyr-sous-Dourdan%2BFrance/,traité (2026-08-22 18:10)
https://www.google.com/maps/search/etablissement+wellness+Saint-Cyr-sur-le-Rhône%2BFrance/,traité (2026-08-22 18:10)
https://www.google.com/maps/search/etablissement+wellness+Saint-Cyr-sur-Loire%2BFrance/,traité (2026-08-22 18:10)
https://www.google.com/maps/search/etablissement+wellness+Saint-Cyr-sur-Menthon%2BFrance/,traité (2026-08-22 18:11)
https://www.google.com/maps/search/etablissement+wellness+Saint-Cyr-sur-Mer%2BFrance/,traité (2026-08-22 18:11)
https://www.google.com/maps/search/etablissement+wellness+Saint-Cyr-sur-Morin%2BFrance/,traité (2026-08-22 18:12)
https://www.google.com/maps/search/etablissement+wellness+Saint-Cyran-du-Jambot%2BFrance/,traité (2026-08-22 18:14)
https://www.google.com/maps/search/etablissement+wellness+Saint-Dalmas-le-Selvage%2BFrance/,traité (2026-08-22 18:14)
https://www.google.com/maps/search/etablissement+wellness+Saint-Daunès%2BFrance/,traité (2026-08-22 18:14)
https://www.google.com/maps/search/etablissement+wellness+Saint-Denis%2BFrance/,traité (2026-08-22 18:15)
https://www.google.com/maps/search/etablissement+wellness+Saint-Denis%2BFrance/,traité (2026-08-22 18:15)
https://www.google.com/maps/search/etablissement+wellness+Saint-Denis%2BFrance/,traité (2026-08-22 18:15)
https://www.google.com/maps/search/etablissement+wellness+Saint-Denis%2BFrance/,traité (2026-08-22 18:15)
https://www.google.com/maps/search/etablissement+wellness+Saint-Denis-Catus%2BFrance/,traité (2026-08-22 18:15)
https://www.google.com/maps/search/etablissement+wellness+Saint-Denis-Combarnazat%2BFrance/,traité (2026-08-22 18:18)
https://www.google.com/maps/search/etablissement+wellness+Saint-Denis-d'Aclon%2BFrance/,traité (2026-08-22 18:18)
https://www.google.com/maps/search/etablissement+wellness+Saint-Denis-d'Anjou%2BFrance/,traité (2026-08-22 18:18)
https://www.google.com/maps/search/etablissement+wellness+Saint-Denis-d'Augerons%2BFrance/,traité (2026-08-22 18:18)
https://www.google.com/maps/search/etablissement+wellness+Saint-Denis-d'Authou%2BFrance/,traité (2026-08-22 18:18)
https://www.google.com/maps/search/etablissement+wellness+Saint-Denis-d'Oléron%2BFrance/,traité (2026-08-22 18:18)
https://www.google.com/maps/search/etablissement+wellness+Saint-Denis-d'Orques%2BFrance/,traité (2026-08-22 18:19)
https://www.google.com/maps/search/etablissement+wellness+Saint-Denis-de-Cabanne%2BFrance/,traité (2026-08-22 18:19)
https://www.google.com/maps/search/etablissement+wellness+Saint-Denis-de-Gastines%2BFrance/,traité (2026-08-22 18:22)
https://www.google.com/maps/search/etablissement+wellness+Saint-Denis-de-Jouhet%2BFrance/,traité (2026-08-22 18:22)
https://www.google.com/maps/search/etablissement+wellness+Saint-Denis-de-l'Hôtel%2BFrance/,traité (2026-08-22 18:22)
https://www.google.com/maps/search/etablissement+wellness+Saint-Denis-de-Mailloc%2BFrance/,traité (2026-08-22 18:22)
https://www.google.com/maps/search/etablissement+wellness+Saint-Denis-de-Méré%2BFrance/,traité (2026-08-22 18:22)
https://www.google.com/maps/search/etablissement+wellness+Saint-Denis-de-Palin%2BFrance/,traité (2026-08-22 18:23)
https://www.google.com/maps/search/etablissement+wellness+Saint-Denis-de-Pile%2BFrance/,traité (2026-08-22 18:23)
https://www.google.com/maps/search/etablissement+wellness+Saint-Denis-de-Vaux%2BFrance/,traité (2026-08-22 18:23)
https://www.google.com/maps/search/etablissement+wellness+Saint-Denis-des-Coudrais%2BFrance/,traité (2026-08-22 18:24)
https://www.google.com/maps/search/etablissement+wellness+Saint-Denis-des-Monts%2BFrance/,traité (2026-08-22 18:26)
https://www.google.com/maps/search/etablissement+wellness+Saint-Denis-des-Murs%2BFrance/,traité (2026-08-22 18:26)
https://www.google.com/maps/search/etablissement+wellness+Saint-Denis-des-Puits%2BFrance/,traité (2026-08-22 18:26)
https://www.google.com/maps/search/etablissement+wellness+Saint-Denis-du-Maine%2BFrance/,traité (2026-08-22 18:26)
https://www.google.com/maps/search/etablissement+wellness+Saint-Denis-du-Payré%2BFrance/,traité (2026-08-22 18:26)
https://www.google.com/maps/search/etablissement+wellness+Saint-Denis-en-Bugey%2BFrance/,traité (2026-08-22 18:26)
https://www.google.com/maps/search/etablissement+wellness+Saint-Denis-en-Margeride%2BFrance/,traité (2026-08-22 18:26)
https://www.google.com/maps/search/etablissement+wellness+Saint-Denis-en-Val%2BFrance/,traité (2026-08-22 18:26)
https://www.google.com/maps/search/etablissement+wellness+Saint-Denis-la-Chevasse%2BFrance/,traité (2026-08-22 18:29)
https://www.google.com/maps/search/etablissement+wellness+Saint-Denis-le-Ferment%2BFrance/,traité (2026-08-22 18:29)
https://www.google.com/maps/search/etablissement+wellness+Saint-Denis-le-Gast%2BFrance/,traité (2026-08-22 18:29)
https://www.google.com/maps/search/etablissement+wellness+Saint-Denis-le-Thiboult%2BFrance/,traité (2026-08-22 18:29)
https://www.google.com/maps/search/etablissement+wellness+Saint-Denis-le-Vêtu%2BFrance/,traité (2026-08-22 18:29)
https://www.google.com/maps/search/etablissement+wellness+Saint-Denis-lès-Bourg%2BFrance/,traité (2026-08-22 18:29)
https://www.google.com/maps/search/etablissement+wellness+Saint-Denis-lès-Martel%2BFrance/,traité (2026-08-22 18:30)
https://www.google.com/maps/search/etablissement+wellness+Saint-Denis-les-Ponts%2BFrance/,traité (2026-08-22 18:31)
https://www.google.com/maps/search/etablissement+wellness+Saint-Denis-lès-Rebais%2BFrance/,traité (2026-08-22 18:33)
https://www.google.com/maps/search/etablissement+wellness+Saint-Denis-lès-Sens%2BFrance/,traité (2026-08-22 18:33)
https://www.google.com/maps/search/etablissement+wellness+Saint-Denis-sur-Coise%2BFrance/,traité (2026-08-22 18:33)
https://www.google.com/maps/search/etablissement+wellness+Saint-Denis-sur-Huisne%2BFrance/,traité (2026-08-22 18:33)
https://www.google.com/maps/search/etablissement+wellness+Saint-Denis-sur-Loire%2BFrance/,traité (2026-08-22 18:33)
https://www.google.com/maps/search/etablissement+wellness+Saint-Denis-sur-Sarthon%2BFrance/,traité (2026-08-22 18:33)
https://www.google.com/maps/search/etablissement+wellness+Saint-Denis-sur-Scie%2BFrance/,traité (2026-08-22 18:34)
https://www.google.com/maps/search/etablissement+wellness+Saint-Deniscourt%2BFrance/,traité (2026-08-22 18:34)
https://www.google.com/maps/search/etablissement+wellness+Saint-Denœux%2BFrance/,traité (2026-08-22 18:35)
https://www.google.com/maps/search/etablissement+wellness+Saint-Denoual%2BFrance/,traité (2026-08-22 18:37)
https://www.google.com/maps/search/etablissement+wellness+Saint-Derrien%2BFrance/,traité (2026-08-22 18:37)
https://www.google.com/maps/search/etablissement+wellness+Saint-Désert%2BFrance/,traité (2026-08-22 18:37)
https://www.google.com/maps/search/etablissement+wellness+Saint-Désir%2BFrance/,traité (2026-08-22 18:37)
https://www.google.com/maps/search/etablissement+wellness+Saint-Désirat%2BFrance/,traité (2026-08-22 18:38)
https://www.google.com/maps/search/etablissement+wellness+Saint-Désiré%2BFrance/,traité (2026-08-22 18:38)
https://www.google.com/maps/search/etablissement+wellness+Saint-Dézéry%2BFrance/,traité (2026-08-22 18:38)
https://www.google.com/maps/search/etablissement+wellness+Saint-Didier%2BFrance/,traité (2026-08-22 18:41)
https://www.google.com/maps/search/etablissement+wellness+Saint-Didier%2BFrance/,traité (2026-08-22 18:41)
https://www.google.com/maps/search/etablissement+wellness+Saint-Didier%2BFrance/,traité (2026-08-22 18:41)
https://www.google.com/maps/search/etablissement+wellness+Saint-Didier%2BFrance/,traité (2026-08-22 18:41)
https://www.google.com/maps/search/etablissement+wellness+Saint-Didier%2BFrance/,traité (2026-08-22 18:41)
https://www.google.com/maps/search/etablissement+wellness+Saint-Didier-au-Mont-d'Or%2BFrance/,traité (2026-08-22 18:41)
https://www.google.com/maps/search/etablissement+wellness+Saint-Didier-d'Allier%2BFrance/,traité (2026-08-22 18:42)
https://www.google.com/maps/search/etablissement+wellness+Saint-Didier-d'Aussiat%2BFrance/,traité (2026-08-22 18:42)
https://www.google.com/maps/search/etablissement+wellness+Saint-Didier-de-Bizonnes%2BFrance/,traité (2026-08-22 18:43)
https://www.google.com/maps/search/etablissement+wellness+Saint-Didier-de-Formans%2BFrance/,traité (2026-08-22 18:45)
https://www.google.com/maps/search/etablissement+wellness+Saint-Didier-de-la-Tour%2BFrance/,traité (2026-08-22 18:45)
https://www.google.com/maps/search/etablissement+wellness+Saint-Didier-des-Bois%2BFrance/,traité (2026-08-22 18:45)
https://www.google.com/maps/search/etablissement+wellness+Saint-Didier-en-Bresse%2BFrance/,traité (2026-08-22 18:45)
https://www.google.com/maps/search/etablissement+wellness+Saint-Didier-en-Brionnais%2BFrance/,traité (2026-08-22 18:45)
https://www.google.com/maps/search/etablissement+wellness+Saint-Didier-en-Donjon%2BFrance/,traité (2026-08-22 18:46)
https://www.google.com/maps/search/etablissement+wellness+Saint-Didier-en-Velay%2BFrance/,traité (2026-08-22 18:46)
https://www.google.com/maps/search/etablissement+wellness+Saint-Didier-la-Forêt%2BFrance/,traité (2026-08-22 18:47)
https://www.google.com/maps/search/etablissement+wellness+Saint-Didier-sous-Aubenas%2BFrance/,traité (2026-08-22 18:47)
https://www.google.com/maps/search/etablissement+wellness+Saint-Didier-sous-Écouves%2BFrance/,traité (2026-08-22 18:49)
https://www.google.com/maps/search/etablissement+wellness+Saint-Didier-sous-Riverie%2BFrance/,traité (2026-08-22 18:49)
https://www.google.com/maps/search/etablissement+wellness+Saint-Didier-sur-Arroux%2BFrance/,traité (2026-08-22 18:49)
https://www.google.com/maps/search/etablissement+wellness+Saint-Didier-sur-Beaujeu%2BFrance/,traité (2026-08-22 18:49)
https://www.google.com/maps/search/etablissement+wellness+Saint-Didier-sur-Chalaronne%2BFrance/,traité (2026-08-22 18:49)
https://www.google.com/maps/search/etablissement+wellness+Saint-Didier-sur-Doulon%2BFrance/,traité (2026-08-22 18:49)
https://www.google.com/maps/search/etablissement+wellness+Saint-Didier-sur-Rochefort%2BFrance/,traité (2026-08-22 18:50)
https://www.google.com/maps/search/etablissement+wellness+Saint-Dié-des-Vosges%2BFrance/,traité (2026-08-22 18:50)
https://www.google.com/maps/search/etablissement+wellness+Saint-Dier-d'Auvergne%2BFrance/,traité (2026-08-22 18:53)
https://www.google.com/maps/search/etablissement+wellness+Saint-Diéry%2BFrance/,traité (2026-08-22 18:53)
https://www.google.com/maps/search/etablissement+wellness+Saint-Dionisy%2BFrance/,traité (2026-08-22 18:53)
https://www.google.com/maps/search/etablissement+wellness+Saint-Divy%2BFrance/,traité (2026-08-22 18:53)
https://www.google.com/maps/search/etablissement+wellness+Saint-Dizant-du-Bois%2BFrance/,traité (2026-08-22 18:53)
https://www.google.com/maps/search/etablissement+wellness+Saint-Dizant-du-Gua%2BFrance/,traité (2026-08-22 18:53)
https://www.google.com/maps/search/etablissement+wellness+Saint-Dizier%2BFrance/,traité (2026-08-22 18:53)
https://www.google.com/maps/search/etablissement+wellness+Saint-Dizier-en-Diois%2BFrance/,traité (2026-08-22 18:54)
https://www.google.com/maps/search/etablissement+wellness+Saint-Dizier-l'Évêque%2BFrance/,traité (2026-08-22 18:56)
https://www.google.com/maps/search/etablissement+wellness+Saint-Dizier-la-Tour%2BFrance/,traité (2026-08-22 18:56)
https://www.google.com/maps/search/etablissement+wellness+Saint-Dizier-les-Domaines%2BFrance/,traité (2026-08-22 18:56)
https://www.google.com/maps/search/etablissement+wellness+Saint-Dizier-Leyrenne%2BFrance/,traité (2026-08-22 18:56)
https://www.google.com/maps/search/etablissement+wellness+Saint-Dolay%2BFrance/,traité (2026-08-22 18:56)
https://www.google.com/maps/search/etablissement+wellness+Saint-Domet%2BFrance/,traité (2026-08-22 18:57)
https://www.google.com/maps/search/etablissement+wellness+Saint-Domineuc%2BFrance/,traité (2026-08-22 18:57)
https://www.google.com/maps/search/etablissement+wellness+Saint-Donan%2BFrance/,traité (2026-08-22 18:58)
https://www.google.com/maps/search/etablissement+wellness+Saint-Donat%2BFrance/,traité (2026-08-22 19:00)
https://www.google.com/maps/search/etablissement+wellness+Saint-Donat-sur-l'Herbasse%2BFrance/,traité (2026-08-22 19:00)
https://www.google.com/maps/search/etablissement+wellness+Saint-Dos%2BFrance/,traité (2026-08-22 19:00)
https://www.google.com/maps/search/etablissement+wellness+Saint-Doulchard%2BFrance/,traité (2026-08-22 19:00)
https://www.google.com/maps/search/etablissement+wellness+Saint-Drézéry%2BFrance/,traité (2026-08-22 19:00)
https://www.google.com/maps/search/etablissement+wellness+Saint-Dyé-sur-Loire%2BFrance/,traité (2026-08-22 19:01)
https://www.google.com/maps/search/etablissement+wellness+Saint-Ébremond-de-Bonfossé%2BFrance/,traité (2026-08-22 19:01)
https://www.google.com/maps/search/etablissement+wellness+Saint-Edmond%2BFrance/,traité (2026-08-22 19:02)
https://www.google.com/maps/search/etablissement+wellness+Saint-Égrève%2BFrance/,traité (2026-08-22 19:02)
https://www.google.com/maps/search/etablissement+wellness+Saint-Élie%2BFrance/,traité (2026-08-22 19:04)
https://www.google.com/maps/search/etablissement+wellness+Saint-Élier%2BFrance/,traité (2026-08-22 19:04)
https://www.google.com/maps/search/etablissement+wellness+Saint-Éliph%2BFrance/,traité (2026-08-22 19:04)
https://www.google.com/maps/search/etablissement+wellness+Saint-Élix-d'Astarac%2BFrance/,traité (2026-08-22 19:04)
https://www.google.com/maps/search/etablissement+wellness+Saint-Élix-le-Château%2BFrance/,traité (2026-08-22 19:05)
https://www.google.com/maps/search/etablissement+wellness+Saint-Élix-Séglan%2BFrance/,traité (2026-08-22 19:05)
https://www.google.com/maps/search/etablissement+wellness+Saint-Élix-Theux%2BFrance/,traité (2026-08-22 19:06)
https://www.google.com/maps/search/etablissement+wellness+Saint-Ellier-du-Maine%2BFrance/,traité (2026-08-22 19:06)
https://www.google.com/maps/search/etablissement+wellness+Saint-Ellier-les-Bois%2BFrance/,traité (2026-08-22 19:09)
https://www.google.com/maps/search/etablissement+wellness+Saint-Éloi%2BFrance/,traité (2026-08-22 19:09)
https://www.google.com/maps/search/etablissement+wellness+Saint-Éloi%2BFrance/,traité (2026-08-22 19:09)
https://www.google.com/maps/search/etablissement+wellness+Saint-Éloi%2BFrance/,traité (2026-08-22 19:09)
https://www.google.com/maps/search/etablissement+wellness+Saint-Éloi-de-Fourques%2BFrance/,traité (2026-08-22 19:09)
https://www.google.com/maps/search/etablissement+wellness+Saint-Eloy%2BFrance/,traité (2026-08-22 19:10)
https://www.google.com/maps/search/etablissement+wellness+Saint-Éloy-d'Allier%2BFrance/,traité (2026-08-22 19:10)
https://www.google.com/maps/search/etablissement+wellness+Saint-Éloy-de-Gy%2BFrance/,traité (2026-08-22 19:10)
https://www.google.com/maps/search/etablissement+wellness+Saint-Éloy-la-Glacière%2BFrance/,traité (2026-08-22 19:13)
https://www.google.com/maps/search/etablissement+wellness+Saint-Éloy-les-Mines%2BFrance/,traité (2026-08-22 19:13)
https://www.google.com/maps/search/etablissement+wellness+Saint-Éloy-les-Tuileries%2BFrance/,traité (2026-08-22 19:13)
https://www.google.com/maps/search/etablissement+wellness+Saint-Éman%2BFrance/,traité (2026-08-22 19:13)
https://www.google.com/maps/search/etablissement+wellness+Saint-Émiland%2BFrance/,traité (2026-08-22 19:13)
https://www.google.com/maps/search/etablissement+wellness+Saint-Émilion%2BFrance/,traité (2026-08-22 19:13)
https://www.google.com/maps/search/etablissement+wellness+Saint-Ennemond%2BFrance/,traité (2026-08-22 19:13)
https://www.google.com/maps/search/etablissement+wellness+Saint-Épain%2BFrance/,traité (2026-08-22 19:14)
https://www.google.com/maps/search/etablissement+wellness+Saint-Epvre%2BFrance/,traité (2026-08-22 19:14)
https://www.google.com/maps/search/etablissement+wellness+Saint-Erblon%2BFrance/,traité (2026-08-22 19:16)
https://www.google.com/maps/search/etablissement+wellness+Saint-Erblon%2BFrance/,traité (2026-08-22 19:16)
https://www.google.com/maps/search/etablissement+wellness+Saint-Erme-Outre-et-Ramecourt%2BFrance/,traité (2026-08-22 19:16)
https://www.google.com/maps/search/etablissement+wellness+Saint-Escobille%2BFrance/,traité (2026-08-22 19:16)
https://www.google.com/maps/search/etablissement+wellness+Saint-Esprit%2BFrance/,traité (2026-08-22 19:17)
https://www.google.com/maps/search/etablissement+wellness+Saint-Esteben%2BFrance/,traité (2026-08-22 20:37)
https://www.google.com/maps/search/etablissement+wellness+Saint-Estèphe%2BFrance/,traité (2026-08-22 20:37)
https://www.google.com/maps/search/etablissement+wellness+Saint-Estèphe%2BFrance/,traité (2026-08-22 20:37)
https://www.google.com/maps/search/etablissement+wellness+Saint-Estève%2BFrance/,traité (2026-08-22 20:37)
https://www.google.com/maps/search/etablissement+wellness+Saint-Estève-Janson%2BFrance/,traité (2026-08-22 20:38)
https://www.google.com/maps/search/etablissement+wellness+Saint-Étienne%2BFrance/,traité (2026-08-22 20:38)
https://www.google.com/maps/search/etablissement+wellness+Saint-Étienne-à-Arnes%2BFrance/,échec (2026-08-22 20:39)
https://www.google.com/maps/search/etablissement+wellness+Saint-Étienne-au-Mont%2BFrance/,traité (2026-08-22 20:39)
https://www.google.com/maps/search/etablissement+wellness+Saint-Étienne-au-Temple%2BFrance/,traité (2026-08-22 20:41)
https://www.google.com/maps/search/etablissement+wellness+Saint-Étienne-aux-Clos%2BFrance/,traité (2026-08-22 20:41)
https://www.google.com/maps/search/etablissement+wellness+Saint-Étienne-Cantalès%2BFrance/,traité (2026-08-22 20:41)
https://www.google.com/maps/search/etablissement+wellness+Saint-Étienne-d'Albagnan%2BFrance/,traité (2026-08-22 20:41)
https://www.google.com/maps/search/etablissement+wellness+Saint-Étienne-d'Orthe%2BFrance/,traité (2026-08-22 20:41)
https://www.google.com/maps/search/etablissement+wellness+Saint-Étienne-de-Baïgorry%2BFrance/,traité (2026-08-22 20:41)
https://www.google.com/maps/search/etablissement+wellness+Saint-Étienne-de-Boulogne%2BFrance/,traité (2026-08-22 20:42)
https://www.google.com/maps/search/etablissement+wellness+Saint-Étienne-de-Brillouet%2BFrance/,échec (2026-08-22 20:42)
https://www.google.com/maps/search/etablissement+wellness+Saint-Étienne-de-Carlat%2BFrance/,traité (2026-08-22 20:42)
https://www.google.com/maps/search/etablissement+wellness+Saint-Étienne-de-Chigny%2BFrance/,traité (2026-08-22 20:43)
https://www.google.com/maps/search/etablissement+wellness+Saint-Étienne-de-Chomeil%2BFrance/,traité (2026-08-22 20:45)
https://www.google.com/maps/search/etablissement+wellness+Saint-Étienne-de-Crossey%2BFrance/,traité (2026-08-22 20:45)
https://www.google.com/maps/search/etablissement+wellness+Saint-Étienne-de-Cuines%2BFrance/,traité (2026-08-22 20:45)
https://www.google.com/maps/search/etablissement+wellness+Saint-Étienne-de-Fontbellon%2BFrance/,traité (2026-08-22 20:45)
https://www.google.com/maps/search/etablissement+wellness+Saint-Étienne-de-Fougères%2BFrance/,traité (2026-08-22 20:45)
https://www.google.com/maps/search/etablissement+wellness+Saint-Étienne-de-Gourgas%2BFrance/,traité (2026-08-22 20:46)
https://www.google.com/maps/search/etablissement+wellness+Saint-Étienne-de-l'Olm%2BFrance/,échec (2026-08-22 20:46)
https://www.google.com/maps/search/etablissement+wellness+Saint-Étienne-de-Lisse%2BFrance/,traité (2026-08-22 20:46)
https://www.google.com/maps/search/etablissement+wellness+Saint-Étienne-de-Lugdarès%2BFrance/,traité (2026-08-22 20:47)
https://www.google.com/maps/search/etablissement+wellness+Saint-Étienne-de-Maurs%2BFrance/,traité (2026-08-22 20:47)
https://www.google.com/maps/search/etablissement+wellness+Saint-Étienne-de-Mer-Morte%2BFrance/,
https://www.google.com/maps/search/etablissement+wellness+Saint-Étienne-de-Montluc%2BFrance/,
https://www.google.com/maps/search/etablissement+wellness+Saint-Étienne-de-Puycorbier%2BFrance/,
https://www.google.com/maps/search/etablissement+wellness+Saint-Étienne-de-Saint-Geoirs%2BFrance/,
https://www.google.com/maps/search/etablissement+wellness+Saint-Étienne-de-Serre%2BFrance/,
https://www.google.com/maps/search/etablissement+wellness+Saint-Étienne-de-Tinée%2BFrance/,
https://www.google.com/maps/search/etablissement+wellness+Saint-Étienne-de-Tulmont%2BFrance/,
https://www.google.com/maps/search/etablissement+wellness+Saint-Étienne-de-Valoux%2BFrance/,
https://www.google.com/maps/search/etablissement+wellness+Saint-Étienne-de-Vicq%2BFrance/,
https://www.google.com/maps/search/etablissement+wellness+Saint-Étienne-de-Villeréal%2BFrance/,
https://www.google.com/maps/search/etablissement+wellness+Saint-Étienne-des-Champs%2BFrance/,
https://www.google.com/maps/search/etablissement+wellness+Saint-Étienne-des-Guérets%2BFrance/,
https://www.google.com/maps/search/etablissement+wellness+Saint-Étienne-des-Oullières%2BFrance/,
https://www.google.com/maps/search/etablissement+wellness+Saint-Étienne-des-Sorts%2BFrance/,
https://www.google.com/maps/search/etablissement+wellness+Saint-Étienne-du-Bois%2BFrance/,
https://www.google.com/maps/search/etablissement+wellness+Saint-Étienne-du-Bois%2BFrance/,
https://www.google.com/maps/search/etablissement+wellness+Saint-Étienne-du-Grès%2BFrance/,
https://www.google.com/maps/search/etablissement+wellness+Saint-Étienne-du-Gué-de-l'Isle%2BFrance/,
https://www.google.com/maps/search/etablissement+wellness+Saint-Étienne-du-Rouvray%2BFrance/,
https://www.google.com/maps/search/etablissement+wellness+Saint-Étienne-du-Valdonnez%2BFrance/,
https://www.google.com/maps/search/etablissement+wellness+Saint-Étienne-du-Vauvray%2BFrance/,
https://www.google.com/maps/search/etablissement+wellness+Saint-Étienne-du-Vigan%2BFrance/,
https://www.google.com/maps/search/etablissement+wellness+Saint-Étienne-en-Bresse%2BFrance/,
https://www.google.com/maps/search/etablissement+wellness+Saint-Étienne-en-Coglès%2BFrance/,
https://www.google.com/maps/search/etablissement+wellness+Saint-Étienne-Estréchoux%2BFrance/,
https://www.google.com/maps/search/etablissement+wellness+Saint-Étienne-l'Allier%2BFrance/,
https://www.google.com/maps/search/etablissement+wellness+Saint-Étienne-la-Cigogne%2BFrance/,
https://www.google.com/maps/search/etablissement+wellness+Saint-Étienne-la-Geneste%2BFrance/,
https://www.google.com/maps/search/etablissement+wellness+Saint-Étienne-la-Thillaye%2BFrance/,
https://www.google.com/maps/search/etablissement+wellness+Saint-Étienne-la-Varenne%2BFrance/,
https://www.google.com/maps/search/etablissement+wellness+Saint-Étienne-Lardeyrol%2BFrance/,
https://www.google.com/maps/search/etablissement+wellness+Saint-Étienne-le-Laus%2BFrance/,
https://www.google.com/maps/search/etablissement+wellness+Saint-Étienne-le-Molard%2BFrance/,
https://www.google.com/maps/search/etablissement+wellness+Saint-Étienne-les-Orgues%2BFrance/,
https://www.google.com/maps/search/etablissement+wellness+Saint-Étienne-lès-Remiremont%2BFrance/,
https://www.google.com/maps/search/etablissement+wellness+Saint-Étienne-Roilaye%2BFrance/,
https://www.google.com/maps/search/etablissement+wellness+Saint-Étienne-sous-Bailleul%2BFrance/,
https://www.google.com/maps/search/etablissement+wellness+Saint-Étienne-sous-Barbuise%2BFrance/,
https://www.google.com/maps/search/etablissement+wellness+Saint-Étienne-sur-Blesle%2BFrance/,
https://www.google.com/maps/search/etablissement+wellness+Saint-Étienne-sur-Chalaronne%2BFrance/,
https://www.google.com/maps/search/etablissement+wellness+Saint-Étienne-sur-Reyssouze%2BFrance/,
https://www.google.com/maps/search/etablissement+wellness+Saint-Étienne-sur-Suippe%2BFrance/,
https://www.google.com/maps/search/etablissement+wellness+Saint-Étienne-sur-Usson%2BFrance/,
https://www.google.com/maps/search/etablissement+wellness+Saint-Étienne-Vallée-Française%2BFrance/,
https://www.google.com/maps/search/etablissement+wellness+Saint-Eugène%2BFrance/,
https://www.google.com/maps/search/etablissement+wellness+Saint-Eugène%2BFrance/,
https://www.google.com/maps/search/etablissement+wellness+Saint-Eugène%2BFrance/,
https://www.google.com/maps/search/etablissement+wellness+Saint-Eulien%2BFrance/,
https://www.google.com/maps/search/etablissement+wellness+Saint-Euphraise-et-Clairizet%2BFrance/,
https://www.google.com/maps/search/etablissement+wellness+Saint-Euphrône%2BFrance/,
https://www.google.com/maps/search/etablissement+wellness+Saint-Eusèbe%2BFrance/,
https://www.google.com/maps/search/etablissement+wellness+Saint-Eusèbe%2BFrance/,
https://www.google.com/maps/search/etablissement+wellness+Saint-Eusèbe-en-Champsaur%2BFrance/,
https://www.google.com/maps/search/etablissement+wellness+Saint-Eustache%2BFrance/,
https://www.google.com/maps/search/etablissement+wellness+Saint-Eustache-la-Forêt%2BFrance/,
https://www.google.com/maps/search/etablissement+wellness+Saint-Eutrope%2BFrance/,
https://www.google.com/maps/search/etablissement+wellness+Saint-Eutrope-de-Born%2BFrance/,
https://www.google.com/maps/search/etablissement+wellness+Saint-Évarzec%2BFrance/,
https://www.google.com/maps/search/etablissement+wellness+Saint-Evroult-de-Montfort%2BFrance/,
https://www.google.com/maps/search/etablissement+wellness+Saint-Evroult-Notre-Dame-du-Bois%2BFrance/,
https://www.google.com/maps/search/etablissement+wellness+Saint-Exupéry%2BFrance/,
https://www.google.com/maps/search/etablissement+wellness+Saint-Exupéry-les-Roches%2BFrance/,
https://www.google.com/maps/search/etablissement+wellness+Saint-Fargeau%2BFrance/,
https://www.google.com/maps/search/etablissement+wellness+Saint-Fargeau-Ponthierry%2BFrance/,
https://www.google.com/maps/search/etablissement+wellness+Saint-Fargeol%2BFrance/,
https://www.google.com/maps/search/etablissement+wellness+Saint-Faust%2BFrance/,
https://www.google.com/maps/search/etablissement+wellness+Saint-Félicien%2BFrance/,
https://www.google.com/maps/search/etablissement+wellness+Saint-Féliu-d'Amont%2BFrance/,
https://www.google.com/maps/search/etablissement+wellness+Saint-Féliu-d'Avall%2BFrance/,
https://www.google.com/maps/search/etablissement+wellness+Saint-Félix%2BFrance/,
https://www.google.com/maps/search/etablissement+wellness+Saint-Félix%2BFrance/,
https://www.google.com/maps/search/etablissement+wellness+Saint-Félix%2BFrance/,
https://www.google.com/maps/search/etablissement+wellness+Saint-Félix%2BFrance/,
https://www.google.com/maps/search/etablissement+wellness+Saint-Félix%2BFrance/,
https://www.google.com/maps/search/etablissement+wellness+Saint-Félix%2BFrance/,
https://www.google.com/maps/search/etablissement+wellness+Saint-Félix-de-Bourdeilles%2BFrance/,
https://www.google.com/maps/search/etablissement+wellness+Saint-Félix-de-Foncaude%2BFrance/,
https://www.google.com/maps/search/etablissement+wellness+Saint-Félix-de-l'Héras%2BFrance/,
https://www.google.com/maps/search/etablissement+wellness+Saint-Félix-de-Lodez%2BFrance/,
https://www.google.com/maps/search/etablissement+wellness+Saint-Félix-de-Lunel%2BFrance/,
https://www.google.com/maps/search/etablissement+wellness+Saint-Félix-de-Pallières%2BFrance/,
https://www.google.com/maps/search/etablissement+wellness+Saint-Félix-de-Reillac-et-Mortemart%2BFrance/,
https://www.google.com/maps/search/etablissement+wellness+Saint-Félix-de-Rieutord%2BFrance/,
https://www.google.com/maps/search/etablissement+wellness+Saint-Félix-de-Sorgues%2BFrance/,
https://www.google.com/maps/search/etablissement+wellness+Saint-Félix-de-Tournegat%2BFrance/,
https://www.google.com/maps/search/etablissement+wellness+Saint-Félix-de-Villadeix%2BFrance/,
https://www.google.com/maps/search/etablissement+wellness+Saint-Félix-Lauragais%2BFrance/,
https://www.google.com/maps/search/etablissement+wellness+Saint-Fergeux%2BFrance/,
https://www.google.com/maps/search/etablissement+wellness+Saint-Ferjeux%2BFrance/,
https://www.google.com/maps/search/etablissement+wellness+Saint-Ferme%2BFrance/,
https://www.google.com/maps/search/etablissement+wellness+Saint-Ferréol%2BFrance/,
https://www.google.com/maps/search/etablissement+wellness+Saint-Ferréol-d'Auroure%2BFrance/,
https://www.google.com/maps/search/etablissement+wellness+Saint-Ferréol-de-Comminges%2BFrance/,
https://www.google.com/maps/search/etablissement+wellness+Saint-Ferréol-des-Côtes%2BFrance/,
https://www.google.com/maps/search/etablissement+wellness+Saint-Ferréol-Trente-Pas%2BFrance/,
https://www.google.com/maps/search/etablissement+wellness+Saint-Ferriol%2BFrance/,
https://www.google.com/maps/search/etablissement+wellness+Saint-Fiacre%2BFrance/,
https://www.google.com/maps/search/etablissement+wellness+Saint-Fiacre%2BFrance/,
https://www.google.com/maps/search/etablissement+wellness+Saint-Fiacre-sur-Maine%2BFrance/,
https://www.google.com/maps/search/etablissement+wellness+Saint-Fiel%2BFrance/,
https://www.google.com/maps/search/etablissement+wellness+Saint-Firmin%2BFrance/,
https://www.google.com/maps/search/etablissement+wellness+Saint-Firmin%2BFrance/,
https://www.google.com/maps/search/etablissement+wellness+Saint-Firmin%2BFrance/,
https://www.google.com/maps/search/etablissement+wellness+Saint-Firmin%2BFrance/,
https://www.google.com/maps/search/etablissement+wellness+Saint-Firmin-des-Bois%2BFrance/,
https://www.google.com/maps/search/etablissement+wellness+Saint-Firmin-des-Prés%2BFrance/,
https://www.google.com/maps/search/etablissement+wellness+Saint-Firmin-sur-Loire%2BFrance/,
https://www.google.com/maps/search/etablissement+wellness+Saint-Flavy%2BFrance/,
https://www.google.com/maps/search/etablissement+wellness+Saint-Florent%2BFrance/,
https://www.google.com/maps/search/etablissement+wellness+Saint-Florent%2BFrance/,
https://www.google.com/maps/search/etablissement+wellness+Saint-Florent-sur-Auzonnet%2BFrance/,
https://www.google.com/maps/search/etablissement+wellness+Saint-Florent-sur-Cher%2BFrance/,
https://www.google.com/maps/search/etablissement+wellness+Saint-Florentin%2BFrance/,
https://www.google.com/maps/search/etablissement+wellness+Saint-Florentin%2BFrance/,
https://www.google.com/maps/search/etablissement+wellness+Saint-Floret%2BFrance/,
https://www.google.com/maps/search/etablissement+wellness+Saint-Floris%2BFrance/,
https://www.google.com/maps/search/etablissement+wellness+Saint-Flour%2BFrance/,
https://www.google.com/maps/search/etablissement+wellness+Saint-Flour%2BFrance/,
https://www.google.com/maps/search/etablissement+wellness+Saint-Flour-de-Mercoire%2BFrance/,
https://www.google.com/maps/search/etablissement+wellness+Saint-Flovier%2BFrance/,
https://www.google.com/maps/search/etablissement+wellness+Saint-Floxel%2BFrance/,
https://www.google.com/maps/search/etablissement+wellness+Saint-Folquin%2BFrance/,
https://www.google.com/maps/search/etablissement+wellness+Saint-Fons%2BFrance/,
https://www.google.com/maps/search/etablissement+wellness+Saint-Forgeot%2BFrance/,
https://www.google.com/maps/search/etablissement+wellness+Saint-Forget%2BFrance/,
https://www.google.com/maps/search/etablissement+wellness+Saint-Forgeux%2BFrance/,
https://www.google.com/maps/search/etablissement+wellness+Saint-Forgeux-Lespinasse%2BFrance/,
https://www.google.com/maps/search/etablissement+wellness+Saint-Fort%2BFrance/,
https://www.google.com/maps/search/etablissement+wellness+Saint-Fort-sur-Gironde%2BFrance/,
https://www.google.com/maps/search/etablissement+wellness+Saint-Fort-sur-le-Né%2BFrance/,
https://www.google.com/maps/search/etablissement+wellness+Saint-Fortunat-sur-Eyrieux%2BFrance/,
https://www.google.com/maps/search/etablissement+wellness+Saint-Fraigne%2BFrance/,
https://www.google.com/maps/search/etablissement+wellness+Saint-Fraimbault%2BFrance/,
https://www.google.com/maps/search/etablissement+wellness+Saint-Fraimbault-de-Prières%2BFrance/,
https://www.google.com/maps/search/etablissement+wellness+Saint-Frajou%2BFrance/,
https://www.google.com/maps/search/etablissement+wellness+Saint-Franc%2BFrance/,
https://www.google.com/maps/search/etablissement+wellness+Saint-Franchy%2BFrance/,
https://www.google.com/maps/search/etablissement+wellness+Saint-François%2BFrance/,
https://www.google.com/maps/search/etablissement+wellness+Saint-François-de-Sales%2BFrance/,
https://www.google.com/maps/search/etablissement+wellness+Saint-François-Lacroix%2BFrance/,
https://www.google.com/maps/search/etablissement+wellness+Saint-Frégant%2BFrance/,
https://www.google.com/maps/search/etablissement+wellness+Saint-Fréjoux%2BFrance/,
https://www.google.com/maps/search/etablissement+wellness+Saint-Frézal-d'Albuges%2BFrance/,
https://www.google.com/maps/search/etablissement+wellness+Saint-Frichoux%2BFrance/,
https://www.google.com/maps/search/etablissement+wellness+Saint-Frion%2BFrance/,
https://www.google.com/maps/search/etablissement+wellness+Saint-Fromond%2BFrance/,
https://www.google.com/maps/search/etablissement+wellness+Saint-Front%2BFrance/,
https://www.google.com/maps/search/etablissement+wellness+Saint-Front%2BFrance/,
https://www.google.com/maps/search/etablissement+wellness+Saint-Front-d'Alemps%2BFrance/,
https://www.google.com/maps/search/etablissement+wellness+Saint-Front-de-Pradoux%2BFrance/,
https://www.google.com/maps/search/etablissement+wellness+Saint-Front-la-Rivière%2BFrance/,
https://www.google.com/maps/search/etablissement+wellness+Saint-Front-sur-Lémance%2BFrance/,
https://www.google.com/maps/search/etablissement+wellness+Saint-Front-sur-Nizonne%2BFrance/,
https://www.google.com/maps/search/etablissement+wellness+Saint-Froult%2BFrance/,
https://www.google.com/maps/search/etablissement+wellness+Saint-Fulgent%2BFrance/,
https://www.google.com/maps/search/etablissement+wellness+Saint-Fulgent-des-Ormes%2BFrance/,
https://www.google.com/maps/search/etablissement+wellness+Saint-Fuscien%2BFrance/,
https://www.google.com/maps/search/etablissement+wellness+Saint-Gabriel-Brécy%2BFrance/,
https://www.google.com/maps/search/etablissement+wellness+Saint-Gal%2BFrance/,
https://www.google.com/maps/search/etablissement+wellness+Saint-Gal-sur-Sioule%2BFrance/,
https://www.google.com/maps/search/etablissement+wellness+Saint-Galmier%2BFrance/,
https://www.google.com/maps/search/etablissement+wellness+Saint-Gand%2BFrance/,
https://www.google.com/maps/search/etablissement+wellness+Saint-Ganton%2BFrance/,
https://www.google.com/maps/search/etablissement+wellness+Saint-Gatien-des-Bois%2BFrance/,
https://www.google.com/maps/search/etablissement+wellness+Saint-Gaudens%2BFrance/,
https://www.google.com/maps/search/etablissement+wellness+Saint-Gaudent%2BFrance/,
https://www.google.com/maps/search/etablissement+wellness+Saint-Gaudéric%2BFrance/,
https://www.google.com/maps/search/etablissement+wellness+Saint-Gaultier%2BFrance/,
https://www.google.com/maps/search/etablissement+wellness+Saint-Gauzens%2BFrance/,
https://www.google.com/maps/search/etablissement+wellness+Saint-Gein%2BFrance/,
https://www.google.com/maps/search/etablissement+wellness+Saint-Gelais%2BFrance/,
https://www.google.com/maps/search/etablissement+wellness+Saint-Gelven%2BFrance/,
https://www.google.com/maps/search/etablissement+wellness+Saint-Gély-du-Fesc%2BFrance/,
https://www.google.com/maps/search/etablissement+wellness+Saint-Génard%2BFrance/,
https://www.google.com/maps/search/etablissement+wellness+Saint-Gence%2BFrance/,
https://www.google.com/maps/search/etablissement+wellness+Saint-Généroux%2BFrance/,
https://www.google.com/maps/search/etablissement+wellness+Saint-Genès-Champanelle%2BFrance/,
https://www.google.com/maps/search/etablissement+wellness+Saint-Genès-Champespe%2BFrance/,
https://www.google.com/maps/search/etablissement+wellness+Saint-Genès-de-Blaye%2BFrance/,
https://www.google.com/maps/search/etablissement+wellness+Saint-Genès-de-Castillon%2BFrance/,
https://www.google.com/maps/search/etablissement+wellness+Saint-Genès-de-Fronsac%2BFrance/,
https://www.google.com/maps/search/etablissement+wellness+Saint-Genès-de-Lombaud%2BFrance/,
https://www.google.com/maps/search/etablissement+wellness+Saint-Genès-du-Retz%2BFrance/,
https://www.google.com/maps/search/etablissement+wellness+Saint-Genès-la-Tourette%2BFrance/,
https://www.google.com/maps/search/etablissement+wellness+Saint-Genest%2BFrance/,
https://www.google.com/maps/search/etablissement+wellness+Saint-Genest%2BFrance/,
https://www.google.com/maps/search/etablissement+wellness+Saint-Genest-d'Ambière%2BFrance/,
https://www.google.com/maps/search/etablissement+wellness+Saint-Genest-de-Beauzon%2BFrance/,
https://www.google.com/maps/search/etablissement+wellness+Saint-Genest-de-Contest%2BFrance/,
https://www.google.com/maps/search/etablissement+wellness+Saint-Genest-Lachamp%2BFrance/,
https://www.google.com/maps/search/etablissement+wellness+Saint-Genest-Lerpt%2BFrance/,
https://www.google.com/maps/search/etablissement+wellness+Saint-Genest-Malifaux%2BFrance/,
https://www.google.com/maps/search/etablissement+wellness+Saint-Genest-sur-Roselle%2BFrance/,
https://www.google.com/maps/search/etablissement+wellness+Saint-Geneys-près-Saint-Paulien%2BFrance/,
https://www.google.com/maps/search/etablissement+wellness+Saint-Gengoulph%2BFrance/,
https://www.google.com/maps/search/etablissement+wellness+Saint-Gengoux-de-Scissé%2BFrance/,
https://www.google.com/maps/search/etablissement+wellness+Saint-Gengoux-le-National%2BFrance/,
https://www.google.com/maps/search/etablissement+wellness+Saint-Geniès%2BFrance/,
https://www.google.com/maps/search/etablissement+wellness+Saint-Geniès-Bellevue%2BFrance/,
https://www.google.com/maps/search/etablissement+wellness+Saint-Geniès-de-Comolas%2BFrance/,
https://www.google.com/maps/search/etablissement+wellness+Saint-Geniès-de-Fontedit%2BFrance/,
https://www.google.com/maps/search/etablissement+wellness+Saint-Geniès-de-Malgoirès%2BFrance/,
https://www.google.com/maps/search/etablissement+wellness+Saint-Geniès-de-Varensal%2BFrance/,
https://www.google.com/maps/search/etablissement+wellness+Saint-Geniès-des-Mourgues%2BFrance/,
https://www.google.com/maps/search/etablissement+wellness+Saint-Geniez%2BFrance/,
https://www.google.com/maps/search/etablissement+wellness+Saint-Geniez-ô-Merle%2BFrance/,
https://www.google.com/maps/search/etablissement+wellness+Saint-Genis-d'Hiersac%2BFrance/,
https://www.google.com/maps/search/etablissement+wellness+Saint-Genis-de-Saintonge%2BFrance/,
https://www.google.com/maps/search/etablissement+wellness+Saint-Génis-des-Fontaines%2BFrance/,
https://www.google.com/maps/search/etablissement+wellness+Saint-Genis-du-Bois%2BFrance/,
https://www.google.com/maps/search/etablissement+wellness+Saint-Genis-l'Argentière%2BFrance/,
https://www.google.com/maps/search/etablissement+wellness+Saint-Genis-Laval%2BFrance/,
https://www.google.com/maps/search/etablissement+wellness+Saint-Genis-les-Ollières%2BFrance/,
https://www.google.com/maps/search/etablissement+wellness+Saint-Genis-Pouilly%2BFrance/,
https://www.google.com/maps/search/etablissement+wellness+Saint-Genis-sur-Menthon%2BFrance/,
https://www.google.com/maps/search/etablissement+wellness+Saint-Genix-sur-Guiers%2BFrance/,
https://www.google.com/maps/search/etablissement+wellness+Saint-Genou%2BFrance/,
https://www.google.com/maps/search/etablissement+wellness+Saint-Genouph%2BFrance/,
https://www.google.com/maps/search/etablissement+wellness+Saint-Geoire-en-Valdaine%2BFrance/,
https://www.google.com/maps/search/etablissement+wellness+Saint-Geoirs%2BFrance/,
https://www.google.com/maps/search/etablissement+wellness+Saint-Georges%2BFrance/,
https://www.google.com/maps/search/etablissement+wellness+Saint-Georges%2BFrance/,
https://www.google.com/maps/search/etablissement+wellness+Saint-Georges%2BFrance/,
https://www.google.com/maps/search/etablissement+wellness+Saint-Georges%2BFrance/,
https://www.google.com/maps/search/etablissement+wellness+Saint-Georges%2BFrance/,
https://www.google.com/maps/search/etablissement+wellness+Saint-Georges%2BFrance/,
https://www.google.com/maps/search/etablissement+wellness+Saint-Georges%2BFrance/,
https://www.google.com/maps/search/etablissement+wellness+Saint-Georges%2BFrance/,
https://www.google.com/maps/search/etablissement+wellness+Saint-Georges-Antignac%2BFrance/,
https://www.google.com/maps/search/etablissement+wellness+Saint-Georges-Armont%2BFrance/,
https://www.google.com/maps/search/etablissement+wellness+Saint-Georges-Blancaneix%2BFrance/,
https://www.google.com/maps/search/etablissement+wellness+Saint-Georges-Buttavent%2BFrance/,
https://www.google.com/maps/search/etablissement+wellness+Saint-Georges-d'Annebecq%2BFrance/,
https://www.google.com/maps/search/etablissement+wellness+Saint-Georges-d'Aurac%2BFrance/,
https://www.google.com/maps/search/etablissement+wellness+Saint-Georges-d'Elle%2BFrance/,
https://www.google.com/maps/search/etablissement+wellness+Saint-Georges-d'Espéranche%2BFrance/,
https://www.google.com/maps/search/etablissement+wellness+Saint-Georges-d'Hurtières%2BFrance/,
https://www.google.com/maps/search/etablissement+wellness+Saint-Georges-d'Oléron%2BFrance/,
https://www.google.com/maps/search/etablissement+wellness+Saint-Georges-d'Orques%2BFrance/,
https://www.google.com/maps/search/etablissement+wellness+Saint-Georges-de-Baroille%2BFrance/,
https://www.google.com/maps/search/etablissement+wellness+Saint-Georges-de-Chesné%2BFrance/,
https://www.google.com/maps/search/etablissement+wellness+Saint-Georges-de-Commiers%2BFrance/,
https://www.google.com/maps/search/etablissement+wellness+Saint-Georges-de-Didonne%2BFrance/,
https://www.google.com/maps/search/etablissement+wellness+Saint-Georges-de-Gréhaigne%2BFrance/,
https://www.google.com/maps/search/etablissement+wellness+Saint-Georges-de-la-Couée%2BFrance/,
https://www.google.com/maps/search/etablissement+wellness+Saint-Georges-de-la-Rivière%2BFrance/,
https://www.google.com/maps/search/etablissement+wellness+Saint-Georges-de-Lévéjac%2BFrance/,
https://www.google.com/maps/search/etablissement+wellness+Saint-Georges-de-Livoye%2BFrance/,
https://www.google.com/maps/search/etablissement+wellness+Saint-Georges-de-Longuepierre%2BFrance/,
https://www.google.com/maps/search/etablissement+wellness+Saint-Georges-de-Luzençon%2BFrance/,
https://www.google.com/maps/search/etablissement+wellness+Saint-Georges-de-Mons%2BFrance/,
https://www.google.com/maps/search/etablissement+wellness+Saint-Georges-de-Montaigu%2BFrance/,
https://www.google.com/maps/search/etablissement+wellness+Saint-Georges-de-Montclard%2BFrance/,
https://www.google.com/maps/search/etablissement+wellness+Saint-Georges-de-Noisné%2BFrance/,
https://www.google.com/maps/search/etablissement+wellness+Saint-Georges-de-Pointindoux%2BFrance/,
https://www.google.com/maps/search/etablissement+wellness+Saint-Georges-de-Poisieux%2BFrance/,
https://www.google.com/maps/search/etablissement+wellness+Saint-Georges-de-Reintembault%2BFrance/,
https://www.google.com/maps/search/etablissement+wellness+Saint-Georges-de-Reneins%2BFrance/,
https://www.google.com/maps/search/etablissement+wellness+Saint-Georges-de-Rex%2BFrance/,
https://www.google.com/maps/search/etablissement+wellness+Saint-Georges-de-Rouelley%2BFrance/,
https://www.google.com/maps/search/etablissement+wellness+Saint-Georges-des-Agoûts%2BFrance/,
https://www.google.com/maps/search/etablissement+wellness+Saint-Georges-des-Coteaux%2BFrance/,
https://www.google.com/maps/search/etablissement+wellness+Saint-Georges-des-Groseillers%2BFrance/,
https://www.google.com/maps/search/etablissement+wellness+Saint-Georges-du-Bois%2BFrance/,
https://www.google.com/maps/search/etablissement+wellness+Saint-Georges-du-Bois%2BFrance/,
https://www.google.com/maps/search/etablissement+wellness+Saint-Georges-du-Mesnil%2BFrance/,
https://www.google.com/maps/search/etablissement+wellness+Saint-Georges-du-Rosay%2BFrance/,
https://www.google.com/maps/search/etablissement+wellness+Saint-Georges-du-Vièvre%2BFrance/,
https://www.google.com/maps/search/etablissement+wellness+Saint-Georges-en-Auge%2BFrance/,
https://www.google.com/maps/search/etablissement+wellness+Saint-Georges-en-Couzan%2BFrance/,
https://www.google.com/maps/search/etablissement+wellness+Saint-Georges-Haute-Ville%2BFrance/,
https://www.google.com/maps/search/etablissement+wellness+Saint-Georges-la-Pouge%2BFrance/,
https://www.google.com/maps/search/etablissement+wellness+Saint-Georges-Lagricol%2BFrance/,
https://www.google.com/maps/search/etablissement+wellness+Saint-Georges-le-Fléchard%2BFrance/,
https://www.google.com/maps/search/etablissement+wellness+Saint-Georges-le-Gaultier%2BFrance/,
https://www.google.com/maps/search/etablissement+wellness+Saint-Georges-lès-Baillargeaux%2BFrance/,
https://www.google.com/maps/search/etablissement+wellness+Saint-Georges-les-Bains%2BFrance/,
https://www.google.com/maps/search/etablissement+wellness+Saint-Georges-les-Landes%2BFrance/,
https://www.google.com/maps/search/etablissement+wellness+Saint-Georges-Montcocq%2BFrance/,
https://www.google.com/maps/search/etablissement+wellness+Saint-Georges-Motel%2BFrance/,
https://www.google.com/maps/search/etablissement+wellness+Saint-Georges-Nigremont%2BFrance/,
https://www.google.com/maps/search/etablissement+wellness+Saint-Georges-sur-Allier%2BFrance/,
https://www.google.com/maps/search/etablissement+wellness+Saint-Georges-sur-Arnon%2BFrance/,
https://www.google.com/maps/search/etablissement+wellness+Saint-Georges-sur-Baulche%2BFrance/,
https://www.google.com/maps/search/etablissement+wellness+Saint-Georges-sur-Cher%2BFrance/,
https://www.google.com/maps/search/etablissement+wellness+Saint-Georges-sur-Erve%2BFrance/,
https://www.google.com/maps/search/etablissement+wellness+Saint-Georges-sur-Eure%2BFrance/,
https://www.google.com/maps/search/etablissement+wellness+Saint-Georges-sur-Fontaine%2BFrance/,
https://www.google.com/maps/search/etablissement+wellness+Saint-Georges-sur-l'Aa%2BFrance/,
https://www.google.com/maps/search/etablissement+wellness+Saint-Georges-sur-la-Prée%2BFrance/,
https://www.google.com/maps/search/etablissement+wellness+Saint-Georges-sur-Layon%2BFrance/,
https://www.google.com/maps/search/etablissement+wellness+Saint-Georges-sur-Loire%2BFrance/,
https://www.google.com/maps/search/etablissement+wellness+Saint-Georges-sur-Moulon%2BFrance/,
https://www.google.com/maps/search/etablissement+wellness+Saint-Georges-sur-Renon%2BFrance/,
https://www.google.com/maps/search/etablissement+wellness+Saint-Geours-d'Auribat%2BFrance/,
https://www.google.com/maps/search/etablissement+wellness+Saint-Geours-de-Maremne%2BFrance/,
https://www.google.com/maps/search/etablissement+wellness+Saint-Gérand%2BFrance/,
https://www.google.com/maps/search/etablissement+wellness+Saint-Gérand-de-Vaux%2BFrance/,
https://www.google.com/maps/search/etablissement+wellness+Saint-Gérand-le-Puy%2BFrance/,
https://www.google.com/maps/search/etablissement+wellness+Saint-Géraud%2BFrance/,
https://www.google.com/maps/search/etablissement+wellness+Saint-Géraud-de-Corps%2BFrance/,
https://www.google.com/maps/search/etablissement+wellness+Saint-Géréon%2BFrance/,
https://www.google.com/maps/search/etablissement+wellness+Saint-Germain%2BFrance/,
https://www.google.com/maps/search/etablissement+wellness+Saint-Germain%2BFrance/,
https://www.google.com/maps/search/etablissement+wellness+Saint-Germain%2BFrance/,
https://www.google.com/maps/search/etablissement+wellness+Saint-Germain%2BFrance/,
https://www.google.com/maps/search/etablissement+wellness+Saint-Germain%2BFrance/,
https://www.google.com/maps/search/etablissement+wellness+Saint-Germain-au-Mont-d'Or%2BFrance/,
https://www.google.com/maps/search/etablissement+wellness+Saint-Germain-Beaupré%2BFrance/,
https://www.google.com/maps/search/etablissement+wellness+Saint-Germain-Chassenay%2BFrance/,
https://www.google.com/maps/search/etablissement+wellness+Saint-Germain-d'Anxure%2BFrance/,
https://www.google.com/maps/search/etablissement+wellness+Saint-Germain-d'Arcé%2BFrance/,
https://www.google.com/maps/search/etablissement+wellness+Saint-Germain-d'Aunay%2BFrance/,
https://www.google.com/maps/search/etablissement+wellness+Saint-Germain-d'Ectot%2BFrance/,
https://www.google.com/maps/search/etablissement+wellness+Saint-Germain-d'Elle%2BFrance/,
https://www.google.com/maps/search/etablissement+wellness+Saint-Germain-d'Esteuil%2BFrance/,
https://www.google.com/maps/search/etablissement+wellness+Saint-Germain-d'Étables%2BFrance/,
https://www.google.com/maps/search/etablissement+wellness+Saint-Germain-de-Belvès%2BFrance/,
https://www.google.com/maps/search/etablissement+wellness+Saint-Germain-de-Calberte%2BFrance/,
https://www.google.com/maps/search/etablissement+wellness+Saint-Germain-de-Clairefeuille%2BFrance/,
https://www.google.com/maps/search/etablissement+wellness+Saint-Germain-de-Coulamer%2BFrance/,
https://www.google.com/maps/search/etablissement+wellness+Saint-Germain-de-Fresney%2BFrance/,
https://www.google.com/maps/search/etablissement+wellness+Saint-Germain-de-Grave%2BFrance/,
https://www.google.com/maps/search/etablissement+wellness+Saint-Germain-de-Joux%2BFrance/,
https://www.google.com/maps/search/etablissement+wellness+Saint-Germain-de-la-Coudre%2BFrance/,
https://www.google.com/maps/search/etablissement+wellness+Saint-Germain-de-la-Grange%2BFrance/,
https://www.google.com/maps/search/etablissement+wellness+Saint-Germain-de-la-Rivière%2BFrance/,
https://www.google.com/maps/search/etablissement+wellness+Saint-Germain-de-Livet%2BFrance/,
https://www.google.com/maps/search/etablissement+wellness+Saint-Germain-de-Longue-Chaume%2BFrance/,
https://www.google.com/maps/search/etablissement+wellness+Saint-Germain-de-Lusignan%2BFrance/,
https://www.google.com/maps/search/etablissement+wellness+Saint-Germain-de-Marencennes%2BFrance/,
https://www.google.com/maps/search/etablissement+wellness+Saint-Germain-de-Martigny%2BFrance/,
https://www.google.com/maps/search/etablissement+wellness+Saint-Germain-de-Modéon%2BFrance/,
https://www.google.com/maps/search/etablissement+wellness+Saint-Germain-de-Montbron%2BFrance/,
https://www.google.com/maps/search/etablissement+wellness+Saint-Germain-de-Pasquier%2BFrance/,
https://www.google.com/maps/search/etablissement+wellness+Saint-Germain-de-Prinçay%2BFrance/,
https://www.google.com/maps/search/etablissement+wellness+Saint-Germain-de-Salles%2BFrance/,
https://www.google.com/maps/search/etablissement+wellness+Saint-Germain-de-Tournebut%2BFrance/,
https://www.google.com/maps/search/etablissement+wellness+Saint-Germain-de-Varreville%2BFrance/,
https://www.google.com/maps/search/etablissement+wellness+Saint-Germain-de-Vibrac%2BFrance/,
https://www.google.com/maps/search/etablissement+wellness+Saint-Germain-des-Angles%2BFrance/,
https://www.google.com/maps/search/etablissement+wellness+Saint-Germain-des-Bois%2BFrance/,
https://www.google.com/maps/search/etablissement+wellness+Saint-Germain-des-Bois%2BFrance/,
https://www.google.com/maps/search/etablissement+wellness+Saint-Germain-des-Champs%2BFrance/,
https://www.google.com/maps/search/etablissement+wellness+Saint-Germain-des-Essourts%2BFrance/,
https://www.google.com/maps/search/etablissement+wellness+Saint-Germain-des-Fossés%2BFrance/,
https://www.google.com/maps/search/etablissement+wellness+Saint-Germain-des-Grois%2BFrance/,
https://www.google.com/maps/search/etablissement+wellness+Saint-Germain-des-Prés%2BFrance/,
https://www.google.com/maps/search/etablissement+wellness+Saint-Germain-des-Prés%2BFrance/,
https://www.google.com/maps/search/etablissement+wellness+Saint-Germain-des-Prés%2BFrance/,
https://www.google.com/maps/search/etablissement+wellness+Saint-Germain-des-Prés%2BFrance/,
https://www.google.com/maps/search/etablissement+wellness+Saint-Germain-des-Vaux%2BFrance/,
https://www.google.com/maps/search/etablissement+wellness+Saint-Germain-du-Bel-Air%2BFrance/,
https://www.google.com/maps/search/etablissement+wellness+Saint-Germain-du-Bois%2BFrance/,
https://www.google.com/maps/search/etablissement+wellness+Saint-Germain-du-Corbéis%2BFrance/,
https://www.google.com/maps/search/etablissement+wellness+Saint-Germain-du-Pert%2BFrance/,
https://www.google.com/maps/search/etablissement+wellness+Saint-Germain-du-Pinel%2BFrance/,
https://www.google.com/maps/search/etablissement+wellness+Saint-Germain-du-Plain%2BFrance/,
https://www.google.com/maps/search/etablissement+wellness+Saint-Germain-du-Puch%2BFrance/,
https://www.google.com/maps/search/etablissement+wellness+Saint-Germain-du-Puy%2BFrance/,
https://www.google.com/maps/search/etablissement+wellness+Saint-Germain-du-Salembre%2BFrance/,
https://www.google.com/maps/search/etablissement+wellness+Saint-Germain-du-Seudre%2BFrance/,
https://www.google.com/maps/search/etablissement+wellness+Saint-Germain-du-Teil%2BFrance/,
https://www.google.com/maps/search/etablissement+wellness+Saint-Germain-en-Brionnais%2BFrance/,
https://www.google.com/maps/search/etablissement+wellness+Saint-Germain-en-Coglès%2BFrance/,
https://www.google.com/maps/search/etablissement+wellness+Saint-Germain-en-Laye%2BFrance/,
https://www.google.com/maps/search/etablissement+wellness+Saint-Germain-en-Montagne%2BFrance/,
https://www.google.com/maps/search/etablissement+wellness+Saint-Germain-et-Mons%2BFrance/,
https://www.google.com/maps/search/etablissement+wellness+Saint-Germain-l'Herm%2BFrance/,
https://www.google.com/maps/search/etablissement+wellness+Saint-Germain-la-Blanche-Herbe%2BFrance/,
https://www.google.com/maps/search/etablissement+wellness+Saint-Germain-la-Campagne%2BFrance/,
https://www.google.com/maps/search/etablissement+wellness+Saint-Germain-la-Montagne%2BFrance/,
https://www.google.com/maps/search/etablissement+wellness+Saint-Germain-la-Poterie%2BFrance/,
https://www.google.com/maps/search/etablissement+wellness+Saint-Germain-la-Ville%2BFrance/,
https://www.google.com/maps/search/etablissement+wellness+Saint-Germain-Langot%2BFrance/,
https://www.google.com/maps/search/etablissement+wellness+Saint-Germain-Laprade%2BFrance/,
https://www.google.com/maps/search/etablissement+wellness+Saint-Germain-Laval%2BFrance/,
https://www.google.com/maps/search/etablissement+wellness+Saint-Germain-Laval%2BFrance/,
https://www.google.com/maps/search/etablissement+wellness+Saint-Germain-Lavolps%2BFrance/,
https://www.google.com/maps/search/etablissement+wellness+Saint-Germain-Laxis%2BFrance/,
https://www.google.com/maps/search/etablissement+wellness+Saint-Germain-le-Châtelet%2BFrance/,
https://www.google.com/maps/search/etablissement+wellness+Saint-Germain-le-Fouilloux%2BFrance/,
https://www.google.com/maps/search/etablissement+wellness+Saint-Germain-le-Gaillard%2BFrance/,
https://www.google.com/maps/search/etablissement+wellness+Saint-Germain-le-Gaillard%2BFrance/,
https://www.google.com/maps/search/etablissement+wellness+Saint-Germain-le-Guillaume%2BFrance/,
https://www.google.com/maps/search/etablissement+wellness+Saint-Germain-le-Rocheux%2BFrance/,
https://www.google.com/maps/search/etablissement+wellness+Saint-Germain-le-Vasson%2BFrance/,
https://www.google.com/maps/search/etablissement+wellness+Saint-Germain-le-Vieux%2BFrance/,
https://www.google.com/maps/search/etablissement+wellness+Saint-Germain-Lembron%2BFrance/,
https://www.google.com/maps/search/etablissement+wellness+Saint-Germain-lès-Arpajon%2BFrance/,
https://www.google.com/maps/search/etablissement+wellness+Saint-Germain-les-Belles%2BFrance/,
https://www.google.com/maps/search/etablissement+wellness+Saint-Germain-lès-Buxy%2BFrance/,
https://www.google.com/maps/search/etablissement+wellness+Saint-Germain-lès-Corbeil%2BFrance/,
https://www.google.com/maps/search/etablissement+wellness+Saint-Germain-les-Paroisses%2BFrance/,
https://www.google.com/maps/search/etablissement+wellness+Saint-Germain-lès-Senailly%2BFrance/,
https://www.google.com/maps/search/etablissement+wellness+Saint-Germain-les-Vergnes%2BFrance/,
https://www.google.com/maps/search/etablissement+wellness+Saint-Germain-Lespinasse%2BFrance/,
https://www.google.com/maps/search/etablissement+wellness+Saint-Germain-Nuelles%2BFrance/,
https://www.google.com/maps/search/etablissement+wellness+Saint-Germain-près-Herment%2BFrance/,
https://www.google.com/maps/search/etablissement+wellness+Saint-Germain-sous-Cailly%2BFrance/,
https://www.google.com/maps/search/etablissement+wellness+Saint-Germain-sous-Doue%2BFrance/,
https://www.google.com/maps/search/etablissement+wellness+Saint-Germain-sur-Avre%2BFrance/,
https://www.google.com/maps/search/etablissement+wellness+Saint-Germain-sur-Ay%2BFrance/,
https://www.google.com/maps/search/etablissement+wellness+Saint-Germain-sur-Bresle%2BFrance/,
https://www.google.com/maps/search/etablissement+wellness+Saint-Germain-sur-Eaulne%2BFrance/,
https://www.google.com/maps/search/etablissement+wellness+Saint-Germain-sur-École%2BFrance/,
https://www.google.com/maps/search/etablissement+wellness+Saint-Germain-sur-Ille%2BFrance/,
https://www.google.com/maps/search/etablissement+wellness+Saint-Germain-sur-Meuse%2BFrance/,
https://www.google.com/maps/search/etablissement+wellness+Saint-Germain-sur-Morin%2BFrance/,
https://www.google.com/maps/search/etablissement+wellness+Saint-Germain-sur-Renon%2BFrance/,
https://www.google.com/maps/search/etablissement+wellness+Saint-Germain-sur-Rhône%2BFrance/,
https://www.google.com/maps/search/etablissement+wellness+Saint-Germain-sur-Sarthe%2BFrance/,
https://www.google.com/maps/search/etablissement+wellness+Saint-Germain-sur-Sèves%2BFrance/,
https://www.google.com/maps/search/etablissement+wellness+Saint-Germain-sur-Vienne%2BFrance/,
https://www.google.com/maps/search/etablissement+wellness+Saint-Germain-Village%2BFrance/,
https://www.google.com/maps/search/etablissement+wellness+Saint-Germainmont%2BFrance/,
https://www.google.com/maps/search/etablissement+wellness+Saint-Germé%2BFrance/,
https://www.google.com/maps/search/etablissement+wellness+Saint-Germer-de-Fly%2BFrance/,
https://www.google.com/maps/search/etablissement+wellness+Saint-Germier%2BFrance/,
https://www.google.com/maps/search/etablissement+wellness+Saint-Germier%2BFrance/,
https://www.google.com/maps/search/etablissement+wellness+Saint-Germier%2BFrance/,
https://www.google.com/maps/search/etablissement+wellness+Saint-Germier%2BFrance/,
https://www.google.com/maps/search/etablissement+wellness+Saint-Géron%2BFrance/,
https://www.google.com/maps/search/etablissement+wellness+Saint-Gérons%2BFrance/,
https://www.google.com/maps/search/etablissement+wellness+Saint-Gervais%2BFrance/,
https://www.google.com/maps/search/etablissement+wellness+Saint-Gervais%2BFrance/,
https://www.google.com/maps/search/etablissement+wellness+Saint-Gervais%2BFrance/,
https://www.google.com/maps/search/etablissement+wellness+Saint-Gervais%2BFrance/,
https://www.google.com/maps/search/etablissement+wellness+Saint-Gervais%2BFrance/,
https://www.google.com/maps/search/etablissement+wellness+Saint-Gervais-d'Auvergne%2BFrance/,
https://www.google.com/maps/search/etablissement+wellness+Saint-Gervais-de-Vic%2BFrance/,
https://www.google.com/maps/search/etablissement+wellness+Saint-Gervais-des-Sablons%2BFrance/,
https://www.google.com/maps/search/etablissement+wellness+Saint-Gervais-du-Perron%2BFrance/,
https://www.google.com/maps/search/etablissement+wellness+Saint-Gervais-en-Belin%2BFrance/,
https://www.google.com/maps/search/etablissement+wellness+Saint-Gervais-en-Vallière%2BFrance/,
https://www.google.com/maps/search/etablissement+wellness+Saint-Gervais-la-Forêt%2BFrance/,
https://www.google.com/maps/search/etablissement+wellness+Saint-Gervais-les-Bains%2BFrance/,
https://www.google.com/maps/search/etablissement+wellness+Saint-Gervais-les-Trois-Clochers%2BFrance/,
https://www.google.com/maps/search/etablissement+wellness+Saint-Gervais-sous-Meymont%2BFrance/,
https://www.google.com/maps/search/etablissement+wellness+Saint-Gervais-sur-Couches%2BFrance/,
https://www.google.com/maps/search/etablissement+wellness+Saint-Gervais-sur-Mare%2BFrance/,
https://www.google.com/maps/search/etablissement+wellness+Saint-Gervais-sur-Roubion%2BFrance/,
https://www.google.com/maps/search/etablissement+wellness+Saint-Gervasy%2BFrance/,
https://www.google.com/maps/search/etablissement+wellness+Saint-Gervazy%2BFrance/,
https://www.google.com/maps/search/etablissement+wellness+Saint-Géry%2BFrance/,
https://www.google.com/maps/search/etablissement+wellness+Saint-Geyrac%2BFrance/,
https://www.google.com/maps/search/etablissement+wellness+Saint-Gibrien%2BFrance/,
https://www.google.com/maps/search/etablissement+wellness+Saint-Gildas%2BFrance/,
https://www.google.com/maps/search/etablissement+wellness+Saint-Gildas-de-Rhuys%2BFrance/,
https://www.google.com/maps/search/etablissement+wellness+Saint-Gildas-des-Bois%2BFrance/,
https://www.google.com/maps/search/etablissement+wellness+Saint-Gilles%2BFrance/,
https://www.google.com/maps/search/etablissement+wellness+Saint-Gilles%2BFrance/,
https://www.google.com/maps/search/etablissement+wellness+Saint-Gilles%2BFrance/,
https://www.google.com/maps/search/etablissement+wellness+Saint-Gilles%2BFrance/,
https://www.google.com/maps/search/etablissement+wellness+Saint-Gilles%2BFrance/,
https://www.google.com/maps/search/etablissement+wellness+Saint-Gilles%2BFrance/,
https://www.google.com/maps/search/etablissement+wellness+Saint-Gilles-Croix-de-Vie%2BFrance/,
https://www.google.com/maps/search/etablissement+wellness+Saint-Gilles-de-Crétot%2BFrance/,
https://www.google.com/maps/search/etablissement+wellness+Saint-Gilles-de-la-Neuville%2BFrance/,
https://www.google.com/maps/search/etablissement+wellness+Saint-Gilles-des-Marais%2BFrance/,
https://www.google.com/maps/search/etablissement+wellness+Saint-Gilles-les-Bois%2BFrance/,
https://www.google.com/maps/search/etablissement+wellness+Saint-Gilles-les-Forêts%2BFrance/,
https://www.google.com/maps/search/etablissement+wellness+Saint-Gilles-Pligeaux%2BFrance/,
https://www.google.com/maps/search/etablissement+wellness+Saint-Gilles-Vieux-Marché%2BFrance/,
https://www.google.com/maps/search/etablissement+wellness+Saint-Gineis-en-Coiron%2BFrance/,
https://www.google.com/maps/search/etablissement+wellness+Saint-Gingolph%2BFrance/,
https://www.google.com/maps/search/etablissement+wellness+Saint-Girons%2BFrance/,
https://www.google.com/maps/search/etablissement+wellness+Saint-Girons-d'Aiguevives%2BFrance/,
https://www.google.com/maps/search/etablissement+wellness+Saint-Girons-en-Béarn%2BFrance/,
https://www.google.com/maps/search/etablissement+wellness+Saint-Gladie-Arrive-Munein%2BFrance/,
https://www.google.com/maps/search/etablissement+wellness+Saint-Glen%2BFrance/,
https://www.google.com/maps/search/etablissement+wellness+Saint-Goazec%2BFrance/,
https://www.google.com/maps/search/etablissement+wellness+Saint-Gobain%2BFrance/,
https://www.google.com/maps/search/etablissement+wellness+Saint-Gobert%2BFrance/,
https://www.google.com/maps/search/etablissement+wellness+Saint-Goin%2BFrance/,
https://www.google.com/maps/search/etablissement+wellness+Saint-Gondon%2BFrance/,
https://www.google.com/maps/search/etablissement+wellness+Saint-Gondran%2BFrance/,
https://www.google.com/maps/search/etablissement+wellness+Saint-Gonlay%2BFrance/,
https://www.google.com/maps/search/etablissement+wellness+Saint-Gonnery%2BFrance/,
https://www.google.com/maps/search/etablissement+wellness+Saint-Gor%2BFrance/,
https://www.google.com/maps/search/etablissement+wellness+Saint-Gorgon%2BFrance/,
https://www.google.com/maps/search/etablissement+wellness+Saint-Gorgon%2BFrance/,
https://www.google.com/maps/search/etablissement+wellness+Saint-Gorgon-Main%2BFrance/,
https://www.google.com/maps/search/etablissement+wellness+Saint-Gourgon%2BFrance/,
https://www.google.com/maps/search/etablissement+wellness+Saint-Gourson%2BFrance/,
https://www.google.com/maps/search/etablissement+wellness+Saint-Goussaud%2BFrance/,
https://www.google.com/maps/search/etablissement+wellness+Saint-Gratien%2BFrance/,
https://www.google.com/maps/search/etablissement+wellness+Saint-Gratien%2BFrance/,
https://www.google.com/maps/search/etablissement+wellness+Saint-Gratien-Savigny%2BFrance/,
https://www.google.com/maps/search/etablissement+wellness+Saint-Gravé%2BFrance/,
https://www.google.com/maps/search/etablissement+wellness+Saint-Grégoire%2BFrance/,
https://www.google.com/maps/search/etablissement+wellness+Saint-Grégoire%2BFrance/,
https://www.google.com/maps/search/etablissement+wellness+Saint-Grégoire-d'Ardennes%2BFrance/,
https://www.google.com/maps/search/etablissement+wellness+Saint-Grégoire-du-Vièvre%2BFrance/,
https://www.google.com/maps/search/etablissement+wellness+Saint-Griède%2BFrance/,
https://www.google.com/maps/search/etablissement+wellness+Saint-Groux%2BFrance/,
https://www.google.com/maps/search/etablissement+wellness+Saint-Guen%2BFrance/,
https://www.google.com/maps/search/etablissement+wellness+Saint-Guilhem-le-Désert%2BFrance/,
https://www.google.com/maps/search/etablissement+wellness+Saint-Guillaume%2BFrance/,
https://www.google.com/maps/search/etablissement+wellness+Saint-Guinoux%2BFrance/,
https://www.google.com/maps/search/etablissement+wellness+Saint-Guiraud%2BFrance/,
https://www.google.com/maps/search/etablissement+wellness+Saint-Guyomard%2BFrance/,
https://www.google.com/maps/search/etablissement+wellness+Saint-Haon%2BFrance/,
https://www.google.com/maps/search/etablissement+wellness+Saint-Haon-le-Châtel%2BFrance/,
https://www.google.com/maps/search/etablissement+wellness+Saint-Haon-le-Vieux%2BFrance/,
https://www.google.com/maps/search/etablissement+wellness+Saint-Héand%2BFrance/,
https://www.google.com/maps/search/etablissement+wellness+Saint-Hélen%2BFrance/,
https://www.google.com/maps/search/etablissement+wellness+Saint-Hélier%2BFrance/,
https://www.google.com/maps/search/etablissement+wellness+Saint-Hellier%2BFrance/,
https://www.google.com/maps/search/etablissement+wellness+Saint-Herblain%2BFrance/,
https://www.google.com/maps/search/etablissement+wellness+Saint-Hérent%2BFrance/,
https://www.google.com/maps/search/etablissement+wellness+Saint-Hernin%2BFrance/,
https://www.google.com/maps/search/etablissement+wellness+Saint-Hervé%2BFrance/,
https://www.google.com/maps/search/etablissement+wellness+Saint-Hilaire%2BFrance/,
https://www.google.com/maps/search/etablissement+wellness+Saint-Hilaire%2BFrance/,
https://www.google.com/maps/search/etablissement+wellness+Saint-Hilaire%2BFrance/,
https://www.google.com/maps/search/etablissement+wellness+Saint-Hilaire%2BFrance/,
https://www.google.com/maps/search/etablissement+wellness+Saint-Hilaire%2BFrance/,
https://www.google.com/maps/search/etablissement+wellness+Saint-Hilaire%2BFrance/,
https://www.google.com/maps/search/etablissement+wellness+Saint-Hilaire%2BFrance/,
https://www.google.com/maps/search/etablissement+wellness+Saint-Hilaire%2BFrance/,
https://www.google.com/maps/search/etablissement+wellness+Saint-Hilaire%2BFrance/,
https://www.google.com/maps/search/etablissement+wellness+Saint-Hilaire-au-Temple%2BFrance/,
https://www.google.com/maps/search/etablissement+wellness+Saint-Hilaire-Bonneval%2BFrance/,
https://www.google.com/maps/search/etablissement+wellness+Saint-Hilaire-Cottes%2BFrance/,
https://www.google.com/maps/search/etablissement+wellness+Saint-Hilaire-Cusson-la-Valmitte%2BFrance/,
https://www.google.com/maps/search/etablissement+wellness+Saint-Hilaire-d'Estissac%2BFrance/,
https://www.google.com/maps/search/etablissement+wellness+Saint-Hilaire-d'Ozilhan%2BFrance/,
https://www.google.com/maps/search/etablissement+wellness+Saint-Hilaire-de-Beauvoir%2BFrance/,
https://www.google.com/maps/search/etablissement+wellness+Saint-Hilaire-de-Brens%2BFrance/,
https://www.google.com/maps/search/etablissement+wellness+Saint-Hilaire-de-Brethmas%2BFrance/,
https://www.google.com/maps/search/etablissement+wellness+Saint-Hilaire-de-Briouze%2BFrance/,
https://www.google.com/maps/search/etablissement+wellness+Saint-Hilaire-de-Chaléons%2BFrance/,
https://www.google.com/maps/search/etablissement+wellness+Saint-Hilaire-de-Clisson%2BFrance/,
https://www.google.com/maps/search/etablissement+wellness+Saint-Hilaire-de-Court%2BFrance/,
https://www.google.com/maps/search/etablissement+wellness+Saint-Hilaire-de-Gondilly%2BFrance/,
https://www.google.com/maps/search/etablissement+wellness+Saint-Hilaire-de-la-Côte%2BFrance/,
https://www.google.com/maps/search/etablissement+wellness+Saint-Hilaire-de-la-Noaille%2BFrance/,
https://www.google.com/maps/search/etablissement+wellness+Saint-Hilaire-de-Lavit%2BFrance/,
https://www.google.com/maps/search/etablissement+wellness+Saint-Hilaire-de-Loulay%2BFrance/,
https://www.google.com/maps/search/etablissement+wellness+Saint-Hilaire-de-Lusignan%2BFrance/,
https://www.google.com/maps/search/etablissement+wellness+Saint-Hilaire-de-Riez%2BFrance/,
https://www.google.com/maps/search/etablissement+wellness+Saint-Hilaire-de-Villefranche%2BFrance/,
https://www.google.com/maps/search/etablissement+wellness+Saint-Hilaire-de-Voust%2BFrance/,
https://www.google.com/maps/search/etablissement+wellness+Saint-Hilaire-des-Landes%2BFrance/,
https://www.google.com/maps/search/etablissement+wellness+Saint-Hilaire-des-Loges%2BFrance/,
https://www.google.com/maps/search/etablissement+wellness+Saint-Hilaire-du-Bois%2BFrance/,
https://www.google.com/maps/search/etablissement+wellness+Saint-Hilaire-du-Bois%2BFrance/,
https://www.google.com/maps/search/etablissement+wellness+Saint-Hilaire-du-Harcouët%2BFrance/,
https://www.google.com/maps/search/etablissement+wellness+Saint-Hilaire-du-Maine%2BFrance/,
https://www.google.com/maps/search/etablissement+wellness+Saint-Hilaire-du-Rosier%2BFrance/,
https://www.google.com/maps/search/etablissement+wellness+Saint-Hilaire-en-Lignières%2BFrance/,
https://www.google.com/maps/search/etablissement+wellness+Saint-Hilaire-en-Morvan%2BFrance/,
https://www.google.com/maps/search/etablissement+wellness+Saint-Hilaire-en-Woëvre%2BFrance/,
https://www.google.com/maps/search/etablissement+wellness+Saint-Hilaire-Foissac%2BFrance/,
https://www.google.com/maps/search/etablissement+wellness+Saint-Hilaire-Fontaine%2BFrance/,
https://www.google.com/maps/search/etablissement+wellness+Saint-Hilaire-la-Croix%2BFrance/,
https://www.google.com/maps/search/etablissement+wellness+Saint-Hilaire-la-Forêt%2BFrance/,
https://www.google.com/maps/search/etablissement+wellness+Saint-Hilaire-la-Gérard%2BFrance/,
https://www.google.com/maps/search/etablissement+wellness+Saint-Hilaire-la-Gravelle%2BFrance/,
https://www.google.com/maps/search/etablissement+wellness+Saint-Hilaire-la-Palud%2BFrance/,
https://www.google.com/maps/search/etablissement+wellness+Saint-Hilaire-la-Plaine%2BFrance/,
https://www.google.com/maps/search/etablissement+wellness+Saint-Hilaire-la-Treille%2BFrance/,
https://www.google.com/maps/search/etablissement+wellness+Saint-Hilaire-le-Château%2BFrance/,
https://www.google.com/maps/search/etablissement+wellness+Saint-Hilaire-le-Châtel%2BFrance/,
https://www.google.com/maps/search/etablissement+wellness+Saint-Hilaire-le-Grand%2BFrance/,
https://www.google.com/maps/search/etablissement+wellness+Saint-Hilaire-le-Petit%2BFrance/,
https://www.google.com/maps/search/etablissement+wellness+Saint-Hilaire-le-Vouhis%2BFrance/,
https://www.google.com/maps/search/etablissement+wellness+Saint-Hilaire-les-Andrésis%2BFrance/,
https://www.google.com/maps/search/etablissement+wellness+Saint-Hilaire-les-Courbes%2BFrance/,
https://www.google.com/maps/search/etablissement+wellness+Saint-Hilaire-les-Monges%2BFrance/,
https://www.google.com/maps/search/etablissement+wellness+Saint-Hilaire-les-Places%2BFrance/,
https://www.google.com/maps/search/etablissement+wellness+Saint-Hilaire-lez-Cambrai%2BFrance/,
https://www.google.com/maps/search/etablissement+wellness+Saint-Hilaire-Luc%2BFrance/,
https://www.google.com/maps/search/etablissement+wellness+Saint-Hilaire-Petitville%2BFrance/,
https://www.google.com/maps/search/etablissement+wellness+Saint-Hilaire-Peyroux%2BFrance/,
https://www.google.com/maps/search/etablissement+wellness+Saint-Hilaire-Saint-Mesmin%2BFrance/,
https://www.google.com/maps/search/etablissement+wellness+Saint-Hilaire-sous-Charlieu%2BFrance/,
https://www.google.com/maps/search/etablissement+wellness+Saint-Hilaire-sous-Romilly%2BFrance/,
https://www.google.com/maps/search/etablissement+wellness+Saint-Hilaire-sur-Benaize%2BFrance/,
https://www.google.com/maps/search/etablissement+wellness+Saint-Hilaire-sur-Erre%2BFrance/,
https://www.google.com/maps/search/etablissement+wellness+Saint-Hilaire-sur-Helpe%2BFrance/,
https://www.google.com/maps/search/etablissement+wellness+Saint-Hilaire-sur-Puiseaux%2BFrance/,
https://www.google.com/maps/search/etablissement+wellness+Saint-Hilaire-sur-Risle%2BFrance/,
https://www.google.com/maps/search/etablissement+wellness+Saint-Hilaire-sur-Yerre%2BFrance/,
https://www.google.com/maps/search/etablissement+wellness+Saint-Hilaire-Taurieux%2BFrance/,
https://www.google.com/maps/search/etablissement+wellness+Saint-Hilarion%2BFrance/,
https://www.google.com/maps/search/etablissement+wellness+Saint-Hilliers%2BFrance/,
https://www.google.com/maps/search/etablissement+wellness+Saint-Hippolyte%2BFrance/,
https://www.google.com/maps/search/etablissement+wellness+Saint-Hippolyte%2BFrance/,
https://www.google.com/maps/search/etablissement+wellness+Saint-Hippolyte%2BFrance/,
https://www.google.com/maps/search/etablissement+wellness+Saint-Hippolyte%2BFrance/,
https://www.google.com/maps/search/etablissement+wellness+Saint-Hippolyte%2BFrance/,
https://www.google.com/maps/search/etablissement+wellness+Saint-Hippolyte%2BFrance/,
https://www.google.com/maps/search/etablissement+wellness+Saint-Hippolyte%2BFrance/,
https://www.google.com/maps/search/etablissement+wellness+Saint-Hippolyte%2BFrance/,
https://www.google.com/maps/search/etablissement+wellness+Saint-Hippolyte-de-Caton%2BFrance/,
https://www.google.com/maps/search/etablissement+wellness+Saint-Hippolyte-de-Montaigu%2BFrance/,
https://www.google.com/maps/search/etablissement+wellness+Saint-Hippolyte-du-Fort%2BFrance/,
https://www.google.com/maps/search/etablissement+wellness+Saint-Hippolyte-le-Graveyron%2BFrance/,
https://www.google.com/maps/search/etablissement+wellness+Saint-Honoré%2BFrance/,
https://www.google.com/maps/search/etablissement+wellness+Saint-Honoré%2BFrance/,
https://www.google.com/maps/search/etablissement+wellness+Saint-Honoré-les-Bains%2BFrance/,
https://www.google.com/maps/search/etablissement+wellness+Saint-Hostien%2BFrance/,
https://www.google.com/maps/search/etablissement+wellness+Saint-Hubert%2BFrance/,
https://www.google.com/maps/search/etablissement+wellness+Saint-Huruge%2BFrance/,
https://www.google.com/maps/search/etablissement+wellness+Saint-Hymer%2BFrance/,
https://www.google.com/maps/search/etablissement+wellness+Saint-Hymetière%2BFrance/,
https://www.google.com/maps/search/etablissement+wellness+Saint-Igeaux%2BFrance/,
https://www.google.com/maps/search/etablissement+wellness+Saint-Igest%2BFrance/,
https://www.google.com/maps/search/etablissement+wellness+Saint-Ignan%2BFrance/,
https://www.google.com/maps/search/etablissement+wellness+Saint-Ignat%2BFrance/,
https://www.google.com/maps/search/etablissement+wellness+Saint-Igny-de-Roche%2BFrance/,
https://www.google.com/maps/search/etablissement+wellness+Saint-Igny-de-Vers%2BFrance/,
https://www.google.com/maps/search/etablissement+wellness+Saint-Illide%2BFrance/,
https://www.google.com/maps/search/etablissement+wellness+Saint-Illiers-la-Ville%2BFrance/,
https://www.google.com/maps/search/etablissement+wellness+Saint-Illiers-le-Bois%2BFrance/,
https://www.google.com/maps/search/etablissement+wellness+Saint-Ilpize%2BFrance/,
https://www.google.com/maps/search/etablissement+wellness+Saint-Imoges%2BFrance/,
https://www.google.com/maps/search/etablissement+wellness+Saint-Inglevert%2BFrance/,
https://www.google.com/maps/search/etablissement+wellness+Saint-Ismier%2BFrance/,
https://www.google.com/maps/search/etablissement+wellness+Saint-Izaire%2BFrance/,
https://www.google.com/maps/search/etablissement+wellness+Saint-Jacques%2BFrance/,
https://www.google.com/maps/search/etablissement+wellness+Saint-Jacques-d'Aliermont%2BFrance/,
https://www.google.com/maps/search/etablissement+wellness+Saint-Jacques-d'Ambur%2BFrance/,
https://www.google.com/maps/search/etablissement+wellness+Saint-Jacques-d'Atticieux%2BFrance/,
https://www.google.com/maps/search/etablissement+wellness+Saint-Jacques-de-la-Lande%2BFrance/,
https://www.google.com/maps/search/etablissement+wellness+Saint-Jacques-de-Néhou%2BFrance/,
https://www.google.com/maps/search/etablissement+wellness+Saint-Jacques-de-Thouars%2BFrance/,
https://www.google.com/maps/search/etablissement+wellness+Saint-Jacques-des-Arrêts%2BFrance/,
https://www.google.com/maps/search/etablissement+wellness+Saint-Jacques-des-Blats%2BFrance/,
https://www.google.com/maps/search/etablissement+wellness+Saint-Jacques-des-Guérets%2BFrance/,
https://www.google.com/maps/search/etablissement+wellness+Saint-Jacques-en-Valgodemard%2BFrance/,
https://www.google.com/maps/search/etablissement+wellness+Saint-Jacques-sur-Darnétal%2BFrance/,
https://www.google.com/maps/search/etablissement+wellness+Saint-Jacut-de-la-Mer%2BFrance/,
https://www.google.com/maps/search/etablissement+wellness+Saint-Jacut-les-Pins%2BFrance/,
https://www.google.com/maps/search/etablissement+wellness+Saint-Jal%2BFrance/,
https://www.google.com/maps/search/etablissement+wellness+Saint-James%2BFrance/,
https://www.google.com/maps/search/etablissement+wellness+Saint-Jammes%2BFrance/,
https://www.google.com/maps/search/etablissement+wellness+Saint-Jans-Cappel%2BFrance/,
https://www.google.com/maps/search/etablissement+wellness+Saint-Jean%2BFrance/,
https://www.google.com/maps/search/etablissement+wellness+Saint-Jean-aux-Amognes%2BFrance/,
https://www.google.com/maps/search/etablissement+wellness+Saint-Jean-aux-Bois%2BFrance/,
https://www.google.com/maps/search/etablissement+wellness+Saint-Jean-aux-Bois%2BFrance/,
https://www.google.com/maps/search/etablissement+wellness+Saint-Jean-Bonnefonds%2BFrance/,
https://www.google.com/maps/search/etablissement+wellness+Saint-Jean-Brévelay%2BFrance/,
https://www.google.com/maps/search/etablissement+wellness+Saint-Jean-Cap-Ferrat%2BFrance/,
https://www.google.com/maps/search/etablissement+wellness+Saint-Jean-Chambre%2BFrance/,
https://www.google.com/maps/search/etablissement+wellness+Saint-Jean-d'Aigues-Vives%2BFrance/,
https://www.google.com/maps/search/etablissement+wellness+Saint-Jean-d'Alcapiès%2BFrance/,
https://www.google.com/maps/search/etablissement+wellness+Saint-Jean-d'Angély%2BFrance/,
https://www.google.com/maps/search/etablissement+wellness+Saint-Jean-d'Angle%2BFrance/,
https://www.google.com/maps/search/etablissement+wellness+Saint-Jean-d'Ardières%2BFrance/,
https://www.google.com/maps/search/etablissement+wellness+Saint-Jean-d'Arves%2BFrance/,
https://www.google.com/maps/search/etablissement+wellness+Saint-Jean-d'Arvey%2BFrance/,
https://www.google.com/maps/search/etablissement+wellness+Saint-Jean-d'Assé%2BFrance/,
https://www.google.com/maps/search/etablissement+wellness+Saint-Jean-d'Ataux%2BFrance/,
https://www.google.com/maps/search/etablissement+wellness+Saint-Jean-d'Aubrigoux%2BFrance/,
https://www.google.com/maps/search/etablissement+wellness+Saint-Jean-d'Aulps%2BFrance/,
https://www.google.com/maps/search/etablissement+wellness+Saint-Jean-d'Avelanne%2BFrance/,
https://www.google.com/maps/search/etablissement+wellness+Saint-Jean-d'Elle%2BFrance/,
https://www.google.com/maps/search/etablissement+wellness+Saint-Jean-d'Estissac%2BFrance/,
https://www.google.com/maps/search/etablissement+wellness+Saint-Jean-d'Étreux%2BFrance/,
https://www.google.com/maps/search/etablissement+wellness+Saint-Jean-d'Eyraud%2BFrance/,
https://www.google.com/maps/search/etablissement+wellness+Saint-Jean-d'Hérans%2BFrance/,
https://www.google.com/maps/search/etablissement+wellness+Saint-Jean-d'Heurs%2BFrance/,
https://www.google.com/maps/search/etablissement+wellness+Saint-Jean-d'Illac%2BFrance/,
https://www.google.com/maps/search/etablissement+wellness+Saint-Jean-d'Ormont%2BFrance/,
https://www.google.com/maps/search/etablissement+wellness+Saint-Jean-de-Barrou%2BFrance/,
https://www.google.com/maps/search/etablissement+wellness+Saint-Jean-de-Bassel%2BFrance/,
https://www.google.com/maps/search/etablissement+wellness+Saint-Jean-de-Beauregard%2BFrance/,
https://www.google.com/maps/search/etablissement+wellness+Saint-Jean-de-Belleville%2BFrance/,
https://www.google.com/maps/search/etablissement+wellness+Saint-Jean-de-Beugné%2BFrance/,
https://www.google.com/maps/search/etablissement+wellness+Saint-Jean-de-Blaignac%2BFrance/,
https://www.google.com/maps/search/etablissement+wellness+Saint-Jean-de-Bœuf%2BFrance/,
https://www.google.com/maps/search/etablissement+wellness+Saint-Jean-de-Boiseau%2BFrance/,
https://www.google.com/maps/search/etablissement+wellness+Saint-Jean-de-Bonneval%2BFrance/,
https://www.google.com/maps/search/etablissement+wellness+Saint-Jean-de-Bournay%2BFrance/,
https://www.google.com/maps/search/etablissement+wellness+Saint-Jean-de-Braye%2BFrance/,
https://www.google.com/maps/search/etablissement+wellness+Saint-Jean-de-Buèges%2BFrance/,
https://www.google.com/maps/search/etablissement+wellness+Saint-Jean-de-Ceyrargues%2BFrance/,
https://www.google.com/maps/search/etablissement+wellness+Saint-Jean-de-Chevelu%2BFrance/,
https://www.google.com/maps/search/etablissement+wellness+Saint-Jean-de-Côle%2BFrance/,
https://www.google.com/maps/search/etablissement+wellness+Saint-Jean-de-Cornies%2BFrance/,
https://www.google.com/maps/search/etablissement+wellness+Saint-Jean-de-Couz%2BFrance/,
https://www.google.com/maps/search/etablissement+wellness+Saint-Jean-de-Crieulon%2BFrance/,
https://www.google.com/maps/search/etablissement+wellness+Saint-Jean-de-Cuculles%2BFrance/,
https://www.google.com/maps/search/etablissement+wellness+Saint-Jean-de-Daye%2BFrance/,
https://www.google.com/maps/search/etablissement+wellness+Saint-Jean-de-Duras%2BFrance/,
https://www.google.com/maps/search/etablissement+wellness+Saint-Jean-de-Folleville%2BFrance/,
https://www.google.com/maps/search/etablissement+wellness+Saint-Jean-de-Fos%2BFrance/,
https://www.google.com/maps/search/etablissement+wellness+Saint-Jean-de-Gonville%2BFrance/,
https://www.google.com/maps/search/etablissement+wellness+Saint-Jean-de-la-Blaquière%2BFrance/,
https://www.google.com/maps/search/etablissement+wellness+Saint-Jean-de-la-Croix%2BFrance/,
https://www.google.com/maps/search/etablissement+wellness+Saint-Jean-de-la-Haize%2BFrance/,
https://www.google.com/maps/search/etablissement+wellness+Saint-Jean-de-la-Léqueraye%2BFrance/,
https://www.google.com/maps/search/etablissement+wellness+Saint-Jean-de-la-Motte%2BFrance/,
https://www.google.com/maps/search/etablissement+wellness+Saint-Jean-de-la-Neuville%2BFrance/,
https://www.google.com/maps/search/etablissement+wellness+Saint-Jean-de-la-Porte%2BFrance/,
https://www.google.com/maps/search/etablissement+wellness+Saint-Jean-de-la-Rivière%2BFrance/,
https://www.google.com/maps/search/etablissement+wellness+Saint-Jean-de-la-Ruelle%2BFrance/,
https://www.google.com/maps/search/etablissement+wellness+Saint-Jean-de-Laur%2BFrance/,
https://www.google.com/maps/search/etablissement+wellness+Saint-Jean-de-Lier%2BFrance/,
https://www.google.com/maps/search/etablissement+wellness+Saint-Jean-de-Linières%2BFrance/,
https://www.google.com/maps/search/etablissement+wellness+Saint-Jean-de-Liversay%2BFrance/,
https://www.google.com/maps/search/etablissement+wellness+Saint-Jean-de-Livet%2BFrance/,
https://www.google.com/maps/search/etablissement+wellness+Saint-Jean-de-Losne%2BFrance/,
https://www.google.com/maps/search/etablissement+wellness+Saint-Jean-de-Luz%2BFrance/,
https://www.google.com/maps/search/etablissement+wellness+Saint-Jean-de-Marcel%2BFrance/,
https://www.google.com/maps/search/etablissement+wellness+Saint-Jean-de-Marsacq%2BFrance/,
https://www.google.com/maps/search/etablissement+wellness+Saint-Jean-de-Maruéjols-et-Avéjan%2BFrance/,
https://www.google.com/maps/search/etablissement+wellness+Saint-Jean-de-Maurienne%2BFrance/,
https://www.google.com/maps/search/etablissement+wellness+Saint-Jean-de-Minervois%2BFrance/,
https://www.google.com/maps/search/etablissement+wellness+Saint-Jean-de-Moirans%2BFrance/,
https://www.google.com/maps/search/etablissement+wellness+Saint-Jean-de-Monts%2BFrance/,
https://www.google.com/maps/search/etablissement+wellness+Saint-Jean-de-Muzols%2BFrance/,
https://www.google.com/maps/search/etablissement+wellness+Saint-Jean-de-Nay%2BFrance/,
https://www.google.com/maps/search/etablissement+wellness+Saint-Jean-de-Niost%2BFrance/,
https://www.google.com/maps/search/etablissement+wellness+Saint-Jean-de-Paracol%2BFrance/,
https://www.google.com/maps/search/etablissement+wellness+Saint-Jean-de-Rebervilliers%2BFrance/,
https://www.google.com/maps/search/etablissement+wellness+Saint-Jean-de-Rives%2BFrance/,
https://www.google.com/maps/search/etablissement+wellness+Saint-Jean-de-Sauves%2BFrance/,
https://www.google.com/maps/search/etablissement+wellness+Saint-Jean-de-Savigny%2BFrance/,
https://www.google.com/maps/search/etablissement+wellness+Saint-Jean-de-Serres%2BFrance/,
https://www.google.com/maps/search/etablissement+wellness+Saint-Jean-de-Sixt%2BFrance/,
https://www.google.com/maps/search/etablissement+wellness+Saint-Jean-de-Soudain%2BFrance/,
https://www.google.com/maps/search/etablissement+wellness+Saint-Jean-de-Tholome%2BFrance/,
https://www.google.com/maps/search/etablissement+wellness+Saint-Jean-de-Thouars%2BFrance/,
https://www.google.com/maps/search/etablissement+wellness+Saint-Jean-de-Thurac%2BFrance/,
https://www.google.com/maps/search/etablissement+wellness+Saint-Jean-de-Thurigneux%2BFrance/,
https://www.google.com/maps/search/etablissement+wellness+Saint-Jean-de-Touslas%2BFrance/,
https://www.google.com/maps/search/etablissement+wellness+Saint-Jean-de-Trézy%2BFrance/,
https://www.google.com/maps/search/etablissement+wellness+Saint-Jean-de-Valériscle%2BFrance/,
https://www.google.com/maps/search/etablissement+wellness+Saint-Jean-de-Vals%2BFrance/,
https://www.google.com/maps/search/etablissement+wellness+Saint-Jean-de-Vaulx%2BFrance/,
https://www.google.com/maps/search/etablissement+wellness+Saint-Jean-de-Vaux%2BFrance/,
https://www.google.com/maps/search/etablissement+wellness+Saint-Jean-de-Védas%2BFrance/,
https://www.google.com/maps/search/etablissement+wellness+Saint-Jean-de-Verges%2BFrance/,
https://www.google.com/maps/search/etablissement+wellness+Saint-Jean-Delnous%2BFrance/,
https://www.google.com/maps/search/etablissement+wellness+Saint-Jean-des-Champs%2BFrance/,
https://www.google.com/maps/search/etablissement+wellness+Saint-Jean-des-Échelles%2BFrance/,
https://www.google.com/maps/search/etablissement+wellness+Saint-Jean-des-Essartiers%2BFrance/,
https://www.google.com/maps/search/etablissement+wellness+Saint-Jean-des-Mauvrets%2BFrance/,
https://www.google.com/maps/search/etablissement+wellness+Saint-Jean-des-Ollières%2BFrance/,
https://www.google.com/maps/search/etablissement+wellness+Saint-Jean-des-Vignes%2BFrance/,
https://www.google.com/maps/search/etablissement+wellness+Saint-Jean-devant-Possesse%2BFrance/,
https://www.google.com/maps/search/etablissement+wellness+Saint-Jean-du-Bois%2BFrance/,
https://www.google.com/maps/search/etablissement+wellness+Saint-Jean-du-Bouzet%2BFrance/,
https://www.google.com/maps/search/etablissement+wellness+Saint-Jean-du-Bruel%2BFrance/,
https://www.google.com/maps/search/etablissement+wellness+Saint-Jean-du-Cardonnay%2BFrance/,
https://www.google.com/maps/search/etablissement+wellness+Saint-Jean-du-Castillonnais%2BFrance/,
https://www.google.com/maps/search/etablissement+wellness+Saint-Jean-du-Corail-des-Bois%2BFrance/,
https://www.google.com/maps/search/etablissement+wellness+Saint-Jean-du-Doigt%2BFrance/,
https://www.google.com/maps/search/etablissement+wellness+Saint-Jean-du-Falga%2BFrance/,
https://www.google.com/maps/search/etablissement+wellness+Saint-Jean-du-Gard%2BFrance/,
https://www.google.com/maps/search/etablissement+wellness+Saint-Jean-du-Pin%2BFrance/,
https://www.google.com/maps/search/etablissement+wellness+Saint-Jean-du-Thenney%2BFrance/,
https://www.google.com/maps/search/etablissement+wellness+Saint-Jean-en-Royans%2BFrance/,
https://www.google.com/maps/search/etablissement+wellness+Saint-Jean-en-Val%2BFrance/,
https://www.google.com/maps/search/etablissement+wellness+Saint-Jean-et-Saint-Paul%2BFrance/,
https://www.google.com/maps/search/etablissement+wellness+Saint-Jean-Froidmentel%2BFrance/,
https://www.google.com/maps/search/etablissement+wellness+Saint-Jean-Kerdaniel%2BFrance/,
https://www.google.com/maps/search/etablissement+wellness+Saint-Jean-Kourtzerode%2BFrance/,
https://www.google.com/maps/search/etablissement+wellness+Saint-Jean-la-Bussière%2BFrance/,
https://www.google.com/maps/search/etablissement+wellness+Saint-Jean-la-Fouillouse%2BFrance/,
https://www.google.com/maps/search/etablissement+wellness+Saint-Jean-la-Poterie%2BFrance/,
https://www.google.com/maps/search/etablissement+wellness+Saint-Jean-la-Vêtre%2BFrance/,
https://www.google.com/maps/search/etablissement+wellness+Saint-Jean-Lachalm%2BFrance/,
https://www.google.com/maps/search/etablissement+wellness+Saint-Jean-Lagineste%2BFrance/,
https://www.google.com/maps/search/etablissement+wellness+Saint-Jean-Lasseille%2BFrance/,
https://www.google.com/maps/search/etablissement+wellness+Saint-Jean-le-Blanc%2BFrance/,
https://www.google.com/maps/search/etablissement+wellness+Saint-Jean-le-Blanc%2BFrance/,
https://www.google.com/maps/search/etablissement+wellness+Saint-Jean-le-Centenier%2BFrance/,
https://www.google.com/maps/search/etablissement+wellness+Saint-Jean-le-Comtal%2BFrance/,
https://www.google.com/maps/search/etablissement+wellness+Saint-Jean-le-Thomas%2BFrance/,
https://www.google.com/maps/search/etablissement+wellness+Saint-Jean-le-Vieux%2BFrance/,
https://www.google.com/maps/search/etablissement+wellness+Saint-Jean-le-Vieux%2BFrance/,
https://www.google.com/maps/search/etablissement+wellness+Saint-Jean-le-Vieux%2BFrance/,
https://www.google.com/maps/search/etablissement+wellness+Saint-Jean-lès-Buzy%2BFrance/,
https://www.google.com/maps/search/etablissement+wellness+Saint-Jean-les-Deux-Jumeaux%2BFrance/,
https://www.google.com/maps/search/etablissement+wellness+Saint-Jean-lès-Longuyon%2BFrance/,
https://www.google.com/maps/search/etablissement+wellness+Saint-Jean-Lespinasse%2BFrance/,
https://www.google.com/maps/search/etablissement+wellness+Saint-Jean-Lherm%2BFrance/,
https://www.google.com/maps/search/etablissement+wellness+Saint-Jean-Ligoure%2BFrance/,
https://www.google.com/maps/search/etablissement+wellness+Saint-Jean-Mirabel%2BFrance/,
https://www.google.com/maps/search/etablissement+wellness+Saint-Jean-Pied-de-Port%2BFrance/,
https://www.google.com/maps/search/etablissement+wellness+Saint-Jean-Pierre-Fixte%2BFrance/,
https://www.google.com/maps/search/etablissement+wellness+Saint-Jean-Pla-de-Corts%2BFrance/,
https://www.google.com/maps/search/etablissement+wellness+Saint-Jean-Poudge%2BFrance/,
https://www.google.com/maps/search/etablissement+wellness+Saint-Jean-Poutge%2BFrance/,
https://www.google.com/maps/search/etablissement+wellness+Saint-Jean-Rohrbach%2BFrance/,
https://www.google.com/maps/search/etablissement+wellness+Saint-Jean-Roure%2BFrance/,
https://www.google.com/maps/search/etablissement+wellness+Saint-Jean-Saint-Germain%2BFrance/,
https://www.google.com/maps/search/etablissement+wellness+Saint-Jean-Saint-Gervais%2BFrance/,
https://www.google.com/maps/search/etablissement+wellness+Saint-Jean-Saint-Maurice-sur-Loire%2BFrance/,
https://www.google.com/maps/search/etablissement+wellness+Saint-Jean-Saint-Nicolas%2BFrance/,
https://www.google.com/maps/search/etablissement+wellness+Saint-Jean-Saverne%2BFrance/,
https://www.google.com/maps/search/etablissement+wellness+Saint-Jean-Soleymieux%2BFrance/,
https://www.google.com/maps/search/etablissement+wellness+Saint-Jean-sur-Couesnon%2BFrance/,
https://www.google.com/maps/search/etablissement+wellness+Saint-Jean-sur-Mayenne%2BFrance/,
https://www.google.com/maps/search/etablissement+wellness+Saint-Jean-sur-Moivre%2BFrance/,
https://www.google.com/maps/search/etablissement+wellness+Saint-Jean-sur-Reyssouze%2BFrance/,
https://www.google.com/maps/search/etablissement+wellness+Saint-Jean-sur-Tourbe%2BFrance/,
https://www.google.com/maps/search/etablissement+wellness+Saint-Jean-sur-Veyle%2BFrance/,
https://www.google.com/maps/search/etablissement+wellness+Saint-Jean-sur-Vilaine%2BFrance/,
https://www.google.com/maps/search/etablissement+wellness+Saint-Jean-Trolimon%2BFrance/,
https://www.google.com/maps/search/etablissement+wellness+Saint-Jeannet%2BFrance/,
https://www.google.com/maps/search/etablissement+wellness+Saint-Jeannet%2BFrance/,
https://www.google.com/maps/search/etablissement+wellness+Saint-Jeanvrin%2BFrance/,
https://www.google.com/maps/search/etablissement+wellness+Saint-Jeoire%2BFrance/,
https://www.google.com/maps/search/etablissement+wellness+Saint-Jeoire-Prieuré%2BFrance/,
https://www.google.com/maps/search/etablissement+wellness+Saint-Jeure-d'Andaure%2BFrance/,
https://www.google.com/maps/search/etablissement+wellness+Saint-Jeure-d'Ay%2BFrance/,
https://www.google.com/maps/search/etablissement+wellness+Saint-Jeures%2BFrance/,
https://www.google.com/maps/search/etablissement+wellness+Saint-Joachim%2BFrance/,
https://www.google.com/maps/search/etablissement+wellness+Saint-Jodard%2BFrance/,
https://www.google.com/maps/search/etablissement+wellness+Saint-Joire%2BFrance/,
https://www.google.com/maps/search/etablissement+wellness+Saint-Jorioz%2BFrance/,
https://www.google.com/maps/search/etablissement+wellness+Saint-Jory%2BFrance/,
https://www.google.com/maps/search/etablissement+wellness+Saint-Jory-de-Chalais%2BFrance/,
https://www.google.com/maps/search/etablissement+wellness+Saint-Jory-las-Bloux%2BFrance/,
https://www.google.com/maps/search/etablissement+wellness+Saint-Joseph%2BFrance/,
https://www.google.com/maps/search/etablissement+wellness+Saint-Joseph%2BFrance/,
https://www.google.com/maps/search/etablissement+wellness+Saint-Joseph%2BFrance/,
https://www.google.com/maps/search/etablissement+wellness+Saint-Joseph%2BFrance/,
https://www.google.com/maps/search/etablissement+wellness+Saint-Joseph-de-Rivière%2BFrance/,
https://www.google.com/maps/search/etablissement+wellness+Saint-Joseph-des-Bancs%2BFrance/,
https://www.google.com/maps/search/etablissement+wellness+Saint-Josse%2BFrance/,
https://www.google.com/maps/search/etablissement+wellness+Saint-Jouan-de-l'Isle%2BFrance/,
https://www.google.com/maps/search/etablissement+wellness+Saint-Jouan-des-Guérets%2BFrance/,
https://www.google.com/maps/search/etablissement+wellness+Saint-Jouin%2BFrance/,
https://www.google.com/maps/search/etablissement+wellness+Saint-Jouin-Bruneval%2BFrance/,
https://www.google.com/maps/search/etablissement+wellness+Saint-Jouin-de-Blavou%2BFrance/,
https://www.google.com/maps/search/etablissement+wellness+Saint-Jouin-de-Marnes%2BFrance/,
https://www.google.com/maps/search/etablissement+wellness+Saint-Jouin-de-Milly%2BFrance/,
https://www.google.com/maps/search/etablissement+wellness+Saint-Jouvent%2BFrance/,
https://www.google.com/maps/search/etablissement+wellness+Saint-Juan%2BFrance/,
https://www.google.com/maps/search/etablissement+wellness+Saint-Judoce%2BFrance/,
https://www.google.com/maps/search/etablissement+wellness+Saint-Juéry%2BFrance/,
https://www.google.com/maps/search/etablissement+wellness+Saint-Juéry%2BFrance/,
https://www.google.com/maps/search/etablissement+wellness+Saint-Juéry%2BFrance/,
https://www.google.com/maps/search/etablissement+wellness+Saint-Juire-Champgillon%2BFrance/,
https://www.google.com/maps/search/etablissement+wellness+Saint-Julia%2BFrance/,
https://www.google.com/maps/search/etablissement+wellness+Saint-Julia-de-Bec%2BFrance/,
https://www.google.com/maps/search/etablissement+wellness+Saint-Julien%2BFrance/,
https://www.google.com/maps/search/etablissement+wellness+Saint-Julien%2BFrance/,
https://www.google.com/maps/search/etablissement+wellness+Saint-Julien%2BFrance/,
https://www.google.com/maps/search/etablissement+wellness+Saint-Julien%2BFrance/,
https://www.google.com/maps/search/etablissement+wellness+Saint-Julien%2BFrance/,
https://www.google.com/maps/search/etablissement+wellness+Saint-Julien%2BFrance/,
https://www.google.com/maps/search/etablissement+wellness+Saint-Julien-aux-Bois%2BFrance/,
https://www.google.com/maps/search/etablissement+wellness+Saint-Julien-Beychevelle%2BFrance/,
https://www.google.com/maps/search/etablissement+wellness+Saint-Julien-Boutières%2BFrance/,
https://www.google.com/maps/search/etablissement+wellness+Saint-Julien-Chapteuil%2BFrance/,
https://www.google.com/maps/search/etablissement+wellness+Saint-Julien-d'Ance%2BFrance/,
https://www.google.com/maps/search/etablissement+wellness+Saint-Julien-d'Armagnac%2BFrance/,
https://www.google.com/maps/search/etablissement+wellness+Saint-Julien-d'Arpaon%2BFrance/,
https://www.google.com/maps/search/etablissement+wellness+Saint-Julien-d'Asse%2BFrance/,
https://www.google.com/maps/search/etablissement+wellness+Saint-Julien-d'Eymet%2BFrance/,
https://www.google.com/maps/search/etablissement+wellness+Saint-Julien-d'Oddes%2BFrance/,
https://www.google.com/maps/search/etablissement+wellness+Saint-Julien-de-Briola%2BFrance/,
https://www.google.com/maps/search/etablissement+wellness+Saint-Julien-de-Cassagnas%2BFrance/,
https://www.google.com/maps/search/etablissement+wellness+Saint-Julien-de-Chédon%2BFrance/,
https://www.google.com/maps/search/etablissement+wellness+Saint-Julien-de-Civry%2BFrance/,
https://www.google.com/maps/search/etablissement+wellness+Saint-Julien-de-Concelles%2BFrance/,
https://www.google.com/maps/search/etablissement+wellness+Saint-Julien-de-Coppel%2BFrance/,
https://www.google.com/maps/search/etablissement+wellness+Saint-Julien-de-Crempse%2BFrance/,
https://www.google.com/maps/search/etablissement+wellness+Saint-Julien-de-Gras-Capou%2BFrance/,
https://www.google.com/maps/search/etablissement+wellness+Saint-Julien-de-Jonzy%2BFrance/,
https://www.google.com/maps/search/etablissement+wellness+Saint-Julien-de-l'Escap%2BFrance/,
https://www.google.com/maps/search/etablissement+wellness+Saint-Julien-de-l'Herms%2BFrance/,
https://www.google.com/maps/search/etablissement+wellness+Saint-Julien-de-la-Liègue%2BFrance/,
https://www.google.com/maps/search/etablissement+wellness+Saint-Julien-de-la-Nef%2BFrance/,
https://www.google.com/maps/search/etablissement+wellness+Saint-Julien-de-Lampon%2BFrance/,
https://www.google.com/maps/search/etablissement+wellness+Saint-Julien-de-Peyrolas%2BFrance/,
https://www.google.com/maps/search/etablissement+wellness+Saint-Julien-de-Toursac%2BFrance/,
https://www.google.com/maps/search/etablissement+wellness+Saint-Julien-de-Vouvantes%2BFrance/,
https://www.google.com/maps/search/etablissement+wellness+Saint-Julien-des-Chazes%2BFrance/,
https://www.google.com/maps/search/etablissement+wellness+Saint-Julien-des-Landes%2BFrance/,
https://www.google.com/maps/search/etablissement+wellness+Saint-Julien-des-Points%2BFrance/,
https://www.google.com/maps/search/etablissement+wellness+Saint-Julien-du-Gua%2BFrance/,
https://www.google.com/maps/search/etablissement+wellness+Saint-Julien-du-Pinet%2BFrance/,
https://www.google.com/maps/search/etablissement+wellness+Saint-Julien-du-Puy%2BFrance/,
https://www.google.com/maps/search/etablissement+wellness+Saint-Julien-du-Sault%2BFrance/,
https://www.google.com/maps/search/etablissement+wellness+Saint-Julien-du-Serre%2BFrance/,
https://www.google.com/maps/search/etablissement+wellness+Saint-Julien-du-Terroux%2BFrance/,
https://www.google.com/maps/search/etablissement+wellness+Saint-Julien-du-Tournel%2BFrance/,
https://www.google.com/maps/search/etablissement+wellness+Saint-Julien-du-Verdon%2BFrance/,
https://www.google.com/maps/search/etablissement+wellness+Saint-Julien-en-Beauchêne%2BFrance/,
https://www.google.com/maps/search/etablissement+wellness+Saint-Julien-en-Born%2BFrance/,
https://www.google.com/maps/search/etablissement+wellness+Saint-Julien-en-Champsaur%2BFrance/,
https://www.google.com/maps/search/etablissement+wellness+Saint-Julien-en-Genevois%2BFrance/,
https://www.google.com/maps/search/etablissement+wellness+Saint-Julien-en-Quint%2BFrance/,
https://www.google.com/maps/search/etablissement+wellness+Saint-Julien-en-Saint-Alban%2BFrance/,
https://www.google.com/maps/search/etablissement+wellness+Saint-Julien-en-Vercors%2BFrance/,
https://www.google.com/maps/search/etablissement+wellness+Saint-Julien-Gaulène%2BFrance/,
https://www.google.com/maps/search/etablissement+wellness+Saint-Julien-l'Ars%2BFrance/,
https://www.google.com/maps/search/etablissement+wellness+Saint-Julien-la-Geneste%2BFrance/,
https://www.google.com/maps/search/etablissement+wellness+Saint-Julien-la-Genête%2BFrance/,
https://www.google.com/maps/search/etablissement+wellness+Saint-Julien-la-Vêtre%2BFrance/,
https://www.google.com/maps/search/etablissement+wellness+Saint-Julien-Labrousse%2BFrance/,
https://www.google.com/maps/search/etablissement+wellness+Saint-Julien-le-Châtel%2BFrance/,
https://www.google.com/maps/search/etablissement+wellness+Saint-Julien-le-Faucon%2BFrance/,
https://www.google.com/maps/search/etablissement+wellness+Saint-Julien-le-Pèlerin%2BFrance/,
https://www.google.com/maps/search/etablissement+wellness+Saint-Julien-le-Petit%2BFrance/,
https://www.google.com/maps/search/etablissement+wellness+Saint-Julien-le-Roux%2BFrance/,
https://www.google.com/maps/search/etablissement+wellness+Saint-Julien-le-Vendômois%2BFrance/,
https://www.google.com/maps/search/etablissement+wellness+Saint-Julien-lès-Gorze%2BFrance/,
https://www.google.com/maps/search/etablissement+wellness+Saint-Julien-lès-Metz%2BFrance/,
https://www.google.com/maps/search/etablissement+wellness+Saint-Julien-lès-Montbéliard%2BFrance/,
https://www.google.com/maps/search/etablissement+wellness+Saint-Julien-les-Rosiers%2BFrance/,
https://www.google.com/maps/search/etablissement+wellness+Saint-Julien-lès-Russey%2BFrance/,
https://www.google.com/maps/search/etablissement+wellness+Saint-Julien-les-Villas%2BFrance/,
https://www.google.com/maps/search/etablissement+wellness+Saint-Julien-Maumont%2BFrance/,
https://www.google.com/maps/search/etablissement+wellness+Saint-Julien-Molhesabate%2BFrance/,
https://www.google.com/maps/search/etablissement+wellness+Saint-Julien-Molin-Molette%2BFrance/,
https://www.google.com/maps/search/etablissement+wellness+Saint-Julien-Mont-Denis%2BFrance/,
https://www.google.com/maps/search/etablissement+wellness+Saint-Julien-près-Bort%2BFrance/,
https://www.google.com/maps/search/etablissement+wellness+Saint-Julien-Puy-Lavèze%2BFrance/,
https://www.google.com/maps/search/etablissement+wellness+Saint-Julien-sous-les-Côtes%2BFrance/,
https://www.google.com/maps/search/etablissement+wellness+Saint-Julien-sur-Bibost%2BFrance/,
https://www.google.com/maps/search/etablissement+wellness+Saint-Julien-sur-Calonne%2BFrance/,
https://www.google.com/maps/search/etablissement+wellness+Saint-Julien-sur-Cher%2BFrance/,
https://www.google.com/maps/search/etablissement+wellness+Saint-Julien-sur-Dheune%2BFrance/,
https://www.google.com/maps/search/etablissement+wellness+Saint-Julien-sur-Garonne%2BFrance/,
https://www.google.com/maps/search/etablissement+wellness+Saint-Julien-sur-Reyssouze%2BFrance/,
https://www.google.com/maps/search/etablissement+wellness+Saint-Julien-sur-Sarthe%2BFrance/,
https://www.google.com/maps/search/etablissement+wellness+Saint-Julien-sur-Veyle%2BFrance/,
https://www.google.com/maps/search/etablissement+wellness+Saint-Julien-Vocance%2BFrance/,
https://www.google.com/maps/search/etablissement+wellness+Saint-Junien%2BFrance/,
https://www.google.com/maps/search/etablissement+wellness+Saint-Junien-la-Bregère%2BFrance/,
https://www.google.com/maps/search/etablissement+wellness+Saint-Junien-les-Combes%2BFrance/,
https://www.google.com/maps/search/etablissement+wellness+Saint-Jure%2BFrance/,
https://www.google.com/maps/search/etablissement+wellness+Saint-Jurs%2BFrance/,
https://www.google.com/maps/search/etablissement+wellness+Saint-Just%2BFrance/,
https://www.google.com/maps/search/etablissement+wellness+Saint-Just%2BFrance/,
https://www.google.com/maps/search/etablissement+wellness+Saint-Just%2BFrance/,
https://www.google.com/maps/search/etablissement+wellness+Saint-Just%2BFrance/,
https://www.google.com/maps/search/etablissement+wellness+Saint-Just%2BFrance/,
https://www.google.com/maps/search/etablissement+wellness+Saint-Just%2BFrance/,
https://www.google.com/maps/search/etablissement+wellness+Saint-Just-Chaleyssin%2BFrance/,
https://www.google.com/maps/search/etablissement+wellness+Saint-Just-d'Ardèche%2BFrance/,
https://www.google.com/maps/search/etablissement+wellness+Saint-Just-d'Avray%2BFrance/,
https://www.google.com/maps/search/etablissement+wellness+Saint-Just-de-Claix%2BFrance/,
https://www.google.com/maps/search/etablissement+wellness+Saint-Just-en-Bas%2BFrance/,
https://www.google.com/maps/search/etablissement+wellness+Saint-Just-en-Brie%2BFrance/,
https://www.google.com/maps/search/etablissement+wellness+Saint-Just-en-Chaussée%2BFrance/,
https://www.google.com/maps/search/etablissement+wellness+Saint-Just-en-Chevalet%2BFrance/,
https://www.google.com/maps/search/etablissement+wellness+Saint-Just-et-le-Bézu%2BFrance/,
https://www.google.com/maps/search/etablissement+wellness+Saint-Just-et-Vacquières%2BFrance/,
https://www.google.com/maps/search/etablissement+wellness+Saint-Just-Ibarre%2BFrance/,
https://www.google.com/maps/search/etablissement+wellness+Saint-Just-la-Pendue%2BFrance/,
https://www.google.com/maps/search/etablissement+wellness+Saint-Just-le-Martel%2BFrance/,
https://www.google.com/maps/search/etablissement+wellness+Saint-Just-Luzac%2BFrance/,
https://www.google.com/maps/search/etablissement+wellness+Saint-Just-Malmont%2BFrance/,
https://www.google.com/maps/search/etablissement+wellness+Saint-Just-près-Brioude%2BFrance/,
https://www.google.com/maps/search/etablissement+wellness+Saint-Just-Saint-Rambert%2BFrance/,
https://www.google.com/maps/search/etablissement+wellness+Saint-Just-Sauvage%2BFrance/,
https://www.google.com/maps/search/etablissement+wellness+Saint-Just-sur-Dive%2BFrance/,
https://www.google.com/maps/search/etablissement+wellness+Saint-Just-sur-Viaur%2BFrance/,
https://www.google.com/maps/search/etablissement+wellness+Saint-Justin%2BFrance/,
https://www.google.com/maps/search/etablissement+wellness+Saint-Justin%2BFrance/,
https://www.google.com/maps/search/etablissement+wellness+Saint-Juvat%2BFrance/,
https://www.google.com/maps/search/etablissement+wellness+Saint-Juvin%2BFrance/,
https://www.google.com/maps/search/etablissement+wellness+Saint-Lactencin%2BFrance/,
https://www.google.com/maps/search/etablissement+wellness+Saint-Lager%2BFrance/,
https://www.google.com/maps/search/etablissement+wellness+Saint-Lager-Bressac%2BFrance/,
https://www.google.com/maps/search/etablissement+wellness+Saint-Lamain%2BFrance/,
https://www.google.com/maps/search/etablissement+wellness+Saint-Lambert%2BFrance/,
https://www.google.com/maps/search/etablissement+wellness+Saint-Lambert%2BFrance/,
https://www.google.com/maps/search/etablissement+wellness+Saint-Lambert-et-Mont-de-Jeux%2BFrance/,
https://www.google.com/maps/search/etablissement+wellness+Saint-Lambert-la-Potherie%2BFrance/,
https://www.google.com/maps/search/etablissement+wellness+Saint-Lambert-sur-Dive%2BFrance/,
https://www.google.com/maps/search/etablissement+wellness+Saint-Langis-lès-Mortagne%2BFrance/,
https://www.google.com/maps/search/etablissement+wellness+Saint-Lanne%2BFrance/,
https://www.google.com/maps/search/etablissement+wellness+Saint-Laon%2BFrance/,
https://www.google.com/maps/search/etablissement+wellness+Saint-Lary%2BFrance/,
https://www.google.com/maps/search/etablissement+wellness+Saint-Lary%2BFrance/,
https://www.google.com/maps/search/etablissement+wellness+Saint-Lary-Boujean%2BFrance/,
https://www.google.com/maps/search/etablissement+wellness+Saint-Lary-Soulan%2BFrance/,
https://www.google.com/maps/search/etablissement+wellness+Saint-Lattier%2BFrance/,
https://www.google.com/maps/search/etablissement+wellness+Saint-Launeuc%2BFrance/,
https://www.google.com/maps/search/etablissement+wellness+Saint-Laure%2BFrance/,
https://www.google.com/maps/search/etablissement+wellness+Saint-Laurent%2BFrance/,
https://www.google.com/maps/search/etablissement+wellness+Saint-Laurent%2BFrance/,
https://www.google.com/maps/search/etablissement+wellness+Saint-Laurent%2BFrance/,
https://www.google.com/maps/search/etablissement+wellness+Saint-Laurent%2BFrance/,
https://www.google.com/maps/search/etablissement+wellness+Saint-Laurent%2BFrance/,
https://www.google.com/maps/search/etablissement+wellness+Saint-Laurent%2BFrance/,
https://www.google.com/maps/search/etablissement+wellness+Saint-Laurent%2BFrance/,
https://www.google.com/maps/search/etablissement+wellness+Saint-Laurent-Blangy%2BFrance/,
https://www.google.com/maps/search/etablissement+wellness+Saint-Laurent-Bretagne%2BFrance/,
https://www.google.com/maps/search/etablissement+wellness+Saint-Laurent-Chabreuges%2BFrance/,
https://www.google.com/maps/search/etablissement+wellness+Saint-Laurent-d'Agny%2BFrance/,
https://www.google.com/maps/search/etablissement+wellness+Saint-Laurent-d'Aigouze%2BFrance/,
https://www.google.com/maps/search/etablissement+wellness+Saint-Laurent-d'Andenay%2BFrance/,
https://www.google.com/maps/search/etablissement+wellness+Saint-Laurent-d'Arce%2BFrance/,
https://www.google.com/maps/search/etablissement+wellness+Saint-Laurent-d'Oingt%2BFrance/,
https://www.google.com/maps/search/etablissement+wellness+Saint-Laurent-d'Olt%2BFrance/,
https://www.google.com/maps/search/etablissement+wellness+Saint-Laurent-d'Onay%2BFrance/,
https://www.google.com/maps/search/etablissement+wellness+Saint-Laurent-de-Belzagot%2BFrance/,
https://www.google.com/maps/search/etablissement+wellness+Saint-Laurent-de-Brèvedent%2BFrance/,
https://www.google.com/maps/search/etablissement+wellness+Saint-Laurent-de-Carnols%2BFrance/,
https://www.google.com/maps/search/etablissement+wellness+Saint-Laurent-de-Cerdans%2BFrance/,
https://www.google.com/maps/search/etablissement+wellness+Saint-Laurent-de-Céris%2BFrance/,
https://www.google.com/maps/search/etablissement+wellness+Saint-Laurent-de-Chamousset%2BFrance/,
https://www.google.com/maps/search/etablissement+wellness+Saint-Laurent-de-Cognac%2BFrance/,
https://www.google.com/maps/search/etablissement+wellness+Saint-Laurent-de-Condel%2BFrance/,
https://www.google.com/maps/search/etablissement+wellness+Saint-Laurent-de-Cuves%2BFrance/,
https://www.google.com/maps/search/etablissement+wellness+Saint-Laurent-de-Gosse%2BFrance/,
https://www.google.com/maps/search/etablissement+wellness+Saint-Laurent-de-Jourdes%2BFrance/,
https://www.google.com/maps/search/etablissement+wellness+Saint-Laurent-de-la-Barrière%2BFrance/,
https://www.google.com/maps/search/etablissement+wellness+Saint-Laurent-de-la-Cabrerisse%2BFrance/,
https://www.google.com/maps/search/etablissement+wellness+Saint-Laurent-de-la-Prée%2BFrance/,
https://www.google.com/maps/search/etablissement+wellness+Saint-Laurent-de-la-Salanque%2BFrance/,
https://www.google.com/maps/search/etablissement+wellness+Saint-Laurent-de-la-Salle%2BFrance/,
https://www.google.com/maps/search/etablissement+wellness+Saint-Laurent-de-Lévézou%2BFrance/,
https://www.google.com/maps/search/etablissement+wellness+Saint-Laurent-de-Lin%2BFrance/,
https://www.google.com/maps/search/etablissement+wellness+Saint-Laurent-de-Mure%2BFrance/,
https://www.google.com/maps/search/etablissement+wellness+Saint-Laurent-de-Muret%2BFrance/,
https://www.google.com/maps/search/etablissement+wellness+Saint-Laurent-de-Neste%2BFrance/,
https://www.google.com/maps/search/etablissement+wellness+Saint-Laurent-de-Terregatte%2BFrance/,
https://www.google.com/maps/search/etablissement+wellness+Saint-Laurent-de-Veyrès%2BFrance/,
https://www.google.com/maps/search/etablissement+wellness+Saint-Laurent-des-Arbres%2BFrance/,
https://www.google.com/maps/search/etablissement+wellness+Saint-Laurent-des-Bois%2BFrance/,
https://www.google.com/maps/search/etablissement+wellness+Saint-Laurent-des-Bois%2BFrance/,
https://www.google.com/maps/search/etablissement+wellness+Saint-Laurent-des-Combes%2BFrance/,
https://www.google.com/maps/search/etablissement+wellness+Saint-Laurent-des-Combes%2BFrance/,
https://www.google.com/maps/search/etablissement+wellness+Saint-Laurent-des-Hommes%2BFrance/,
https://www.google.com/maps/search/etablissement+wellness+Saint-Laurent-des-Mortiers%2BFrance/,
https://www.google.com/maps/search/etablissement+wellness+Saint-Laurent-des-Vignes%2BFrance/,
https://www.google.com/maps/search/etablissement+wellness+Saint-Laurent-du-Bois%2BFrance/,
https://www.google.com/maps/search/etablissement+wellness+Saint-Laurent-du-Cros%2BFrance/,
https://www.google.com/maps/search/etablissement+wellness+Saint-Laurent-du-Maroni%2BFrance/,
https://www.google.com/maps/search/etablissement+wellness+Saint-Laurent-du-Mont%2BFrance/,
https://www.google.com/maps/search/etablissement+wellness+Saint-Laurent-du-Pape%2BFrance/,
https://www.google.com/maps/search/etablissement+wellness+Saint-Laurent-du-Plan%2BFrance/,
https://www.google.com/maps/search/etablissement+wellness+Saint-Laurent-du-Pont%2BFrance/,
https://www.google.com/maps/search/etablissement+wellness+Saint-Laurent-du-Tencement%2BFrance/,
https://www.google.com/maps/search/etablissement+wellness+Saint-Laurent-du-Var%2BFrance/,
https://www.google.com/maps/search/etablissement+wellness+Saint-Laurent-du-Verdon%2BFrance/,
https://www.google.com/maps/search/etablissement+wellness+Saint-Laurent-en-Beaumont%2BFrance/,
https://www.google.com/maps/search/etablissement+wellness+Saint-Laurent-en-Brionnais%2BFrance/,
https://www.google.com/maps/search/etablissement+wellness+Saint-Laurent-en-Caux%2BFrance/,
https://www.google.com/maps/search/etablissement+wellness+Saint-Laurent-en-Gâtines%2BFrance/,
https://www.google.com/maps/search/etablissement+wellness+Saint-Laurent-en-Grandvaux%2BFrance/,
https://www.google.com/maps/search/etablissement+wellness+Saint-Laurent-en-Royans%2BFrance/,
https://www.google.com/maps/search/etablissement+wellness+Saint-Laurent-l'Abbaye%2BFrance/,
https://www.google.com/maps/search/etablissement+wellness+Saint-Laurent-la-Conche%2BFrance/,
https://www.google.com/maps/search/etablissement+wellness+Saint-Laurent-la-Gâtine%2BFrance/,
https://www.google.com/maps/search/etablissement+wellness+Saint-Laurent-la-Vallée%2BFrance/,
https://www.google.com/maps/search/etablissement+wellness+Saint-Laurent-la-Vernède%2BFrance/,
https://www.google.com/maps/search/etablissement+wellness+Saint-Laurent-le-Minier%2BFrance/,
https://www.google.com/maps/search/etablissement+wellness+Saint-Laurent-les-Bains%2BFrance/,
https://www.google.com/maps/search/etablissement+wellness+Saint-Laurent-les-Églises%2BFrance/,
https://www.google.com/maps/search/etablissement+wellness+Saint-Laurent-les-Tours%2BFrance/,
https://www.google.com/maps/search/etablissement+wellness+Saint-Laurent-Lolmie%2BFrance/,
https://www.google.com/maps/search/etablissement+wellness+Saint-Laurent-Médoc%2BFrance/,
https://www.google.com/maps/search/etablissement+wellness+Saint-Laurent-Nouan%2BFrance/,
https://www.google.com/maps/search/etablissement+wellness+Saint-Laurent-Rochefort%2BFrance/,
https://www.google.com/maps/search/etablissement+wellness+Saint-Laurent-sous-Coiron%2BFrance/,
https://www.google.com/maps/search/etablissement+wellness+Saint-Laurent-sur-Gorre%2BFrance/,
https://www.google.com/maps/search/etablissement+wellness+Saint-Laurent-sur-Mer%2BFrance/,
https://www.google.com/maps/search/etablissement+wellness+Saint-Laurent-sur-Othain%2BFrance/,
https://www.google.com/maps/search/etablissement+wellness+Saint-Laurent-sur-Oust%2BFrance/,
https://www.google.com/maps/search/etablissement+wellness+Saint-Laurent-sur-Saône%2BFrance/,
https://www.google.com/maps/search/etablissement+wellness+Saint-Laurent-sur-Sèvre%2BFrance/,
https://www.google.com/maps/search/etablissement+wellness+Saint-Laurs%2BFrance/,
https://www.google.com/maps/search/etablissement+wellness+Saint-Léger%2BFrance/,
https://www.google.com/maps/search/etablissement+wellness+Saint-Léger%2BFrance/,
https://www.google.com/maps/search/etablissement+wellness+Saint-Léger%2BFrance/,
https://www.google.com/maps/search/etablissement+wellness+Saint-Léger%2BFrance/,
https://www.google.com/maps/search/etablissement+wellness+Saint-Léger%2BFrance/,
https://www.google.com/maps/search/etablissement+wellness+Saint-Léger%2BFrance/,
https://www.google.com/maps/search/etablissement+wellness+Saint-Léger%2BFrance/,
https://www.google.com/maps/search/etablissement+wellness+Saint-Léger%2BFrance/,
https://www.google.com/maps/search/etablissement+wellness+Saint-Léger-aux-Bois%2BFrance/,
https://www.google.com/maps/search/etablissement+wellness+Saint-Léger-aux-Bois%2BFrance/,
https://www.google.com/maps/search/etablissement+wellness+Saint-Léger-Bridereix%2BFrance/,
https://www.google.com/maps/search/etablissement+wellness+Saint-Léger-de-Balson%2BFrance/,
https://www.google.com/maps/search/etablissement+wellness+Saint-Léger-de-Fougeret%2BFrance/,
https://www.google.com/maps/search/etablissement+wellness+Saint-Léger-de-la-Martinière%2BFrance/,
https://www.google.com/maps/search/etablissement+wellness+Saint-Léger-de-Montbrillais%2BFrance/,
https://www.google.com/maps/search/etablissement+wellness+Saint-Léger-de-Montbrun%2BFrance/,
https://www.google.com/maps/search/etablissement+wellness+Saint-Léger-de-Peyre%2BFrance/,
https://www.google.com/maps/search/etablissement+wellness+Saint-Léger-de-Rôtes%2BFrance/,
https://www.google.com/maps/search/etablissement+wellness+Saint-Léger-des-Aubées%2BFrance/,
https://www.google.com/maps/search/etablissement+wellness+Saint-Léger-des-Bois%2BFrance/,
https://www.google.com/maps/search/etablissement+wellness+Saint-Léger-des-Prés%2BFrance/,
https://www.google.com/maps/search/etablissement+wellness+Saint-Léger-des-Vignes%2BFrance/,
https://www.google.com/maps/search/etablissement+wellness+Saint-Léger-du-Bois%2BFrance/,
https://www.google.com/maps/search/etablissement+wellness+Saint-Léger-du-Bourg-Denis%2BFrance/,
https://www.google.com/maps/search/etablissement+wellness+Saint-Léger-du-Gennetey%2BFrance/,
https://www.google.com/maps/search/etablissement+wellness+Saint-Léger-du-Malzieu%2BFrance/,
https://www.google.com/maps/search/etablissement+wellness+Saint-Léger-du-Ventoux%2BFrance/,
https://www.google.com/maps/search/etablissement+wellness+Saint-Léger-Dubosq%2BFrance/,
https://www.google.com/maps/search/etablissement+wellness+Saint-Léger-en-Bray%2BFrance/,
https://www.google.com/maps/search/etablissement+wellness+Saint-Léger-en-Yvelines%2BFrance/,
https://www.google.com/maps/search/etablissement+wellness+Saint-Léger-la-Montagne%2BFrance/,
https://www.google.com/maps/search/etablissement+wellness+Saint-Léger-le-Guérétois%2BFrance/,
https://www.google.com/maps/search/etablissement+wellness+Saint-Léger-le-Petit%2BFrance/,
https://www.google.com/maps/search/etablissement+wellness+Saint-Léger-lès-Authie%2BFrance/,
https://www.google.com/maps/search/etablissement+wellness+Saint-Léger-lès-Domart%2BFrance/,
https://www.google.com/maps/search/etablissement+wellness+Saint-Léger-les-Mélèzes%2BFrance/,
https://www.google.com/maps/search/etablissement+wellness+Saint-Léger-lès-Paray%2BFrance/,
https://www.google.com/maps/search/etablissement+wellness+Saint-Léger-les-Vignes%2BFrance/,
https://www.google.com/maps/search/etablissement+wellness+Saint-Léger-Magnazeix%2BFrance/,
https://www.google.com/maps/search/etablissement+wellness+Saint-Léger-près-Troyes%2BFrance/,
https://www.google.com/maps/search/etablissement+wellness+Saint-Léger-sous-Beuvray%2BFrance/,
https://www.google.com/maps/search/etablissement+wellness+Saint-Léger-sous-Brienne%2BFrance/,
https://www.google.com/maps/search/etablissement+wellness+Saint-Léger-sous-Cholet%2BFrance/,
https://www.google.com/maps/search/etablissement+wellness+Saint-Léger-sous-la-Bussière%2BFrance/,
https://www.google.com/maps/search/etablissement+wellness+Saint-Léger-sous-Margerie%2BFrance/,
https://www.google.com/maps/search/etablissement+wellness+Saint-Léger-sur-Bresle%2BFrance/,
https://www.google.com/maps/search/etablissement+wellness+Saint-Léger-sur-Dheune%2BFrance/,
https://www.google.com/maps/search/etablissement+wellness+Saint-Léger-sur-Roanne%2BFrance/,
https://www.google.com/maps/search/etablissement+wellness+Saint-Léger-sur-Sarthe%2BFrance/,
https://www.google.com/maps/search/etablissement+wellness+Saint-Léger-sur-Vouzance%2BFrance/,
https://www.google.com/maps/search/etablissement+wellness+Saint-Léger-Triey%2BFrance/,
https://www.google.com/maps/search/etablissement+wellness+Saint-Léger-Vauban%2BFrance/,
https://www.google.com/maps/search/etablissement+wellness+Saint-Léomer%2BFrance/,
https://www.google.com/maps/search/etablissement+wellness+Saint-Léon%2BFrance/,
https://www.google.com/maps/search/etablissement+wellness+Saint-Léon%2BFrance/,
https://www.google.com/maps/search/etablissement+wellness+Saint-Léon%2BFrance/,
https://www.google.com/maps/search/etablissement+wellness+Saint-Léon%2BFrance/,
https://www.google.com/maps/search/etablissement+wellness+Saint-Léon-d'Issigeac%2BFrance/,
https://www.google.com/maps/search/etablissement+wellness+Saint-Léon-sur-l'Isle%2BFrance/,
https://www.google.com/maps/search/etablissement+wellness+Saint-Léon-sur-Vézère%2BFrance/,
https://www.google.com/maps/search/etablissement+wellness+Saint-Léonard%2BFrance/,
https://www.google.com/maps/search/etablissement+wellness+Saint-Léonard%2BFrance/,
https://www.google.com/maps/search/etablissement+wellness+Saint-Léonard%2BFrance/,
https://www.google.com/maps/search/etablissement+wellness+Saint-Léonard%2BFrance/,
https://www.google.com/maps/search/etablissement+wellness+Saint-Léonard%2BFrance/,
https://www.google.com/maps/search/etablissement+wellness+Saint-Léonard-de-Noblat%2BFrance/,
https://www.google.com/maps/search/etablissement+wellness+Saint-Léonard-des-Bois%2BFrance/,
https://www.google.com/maps/search/etablissement+wellness+Saint-Léonard-des-Parcs%2BFrance/,
https://www.google.com/maps/search/etablissement+wellness+Saint-Léonard-en-Beauce%2BFrance/,
https://www.google.com/maps/search/etablissement+wellness+Saint-Léons%2BFrance/,
https://www.google.com/maps/search/etablissement+wellness+Saint-Léopardin-d'Augy%2BFrance/,
https://www.google.com/maps/search/etablissement+wellness+Saint-Léry%2BFrance/,
https://www.google.com/maps/search/etablissement+wellness+Saint-Leu%2BFrance/,
https://www.google.com/maps/search/etablissement+wellness+Saint-Leu-d'Esserent%2BFrance/,
https://www.google.com/maps/search/etablissement+wellness+Saint-Leu-la-Forêt%2BFrance/,
https://www.google.com/maps/search/etablissement+wellness+Saint-Lézer%2BFrance/,
https://www.google.com/maps/search/etablissement+wellness+Saint-Lieux-Lafenasse%2BFrance/,
https://www.google.com/maps/search/etablissement+wellness+Saint-Lieux-lès-Lavaur%2BFrance/,
https://www.google.com/maps/search/etablissement+wellness+Saint-Lin%2BFrance/,
https://www.google.com/maps/search/etablissement+wellness+Saint-Lions%2BFrance/,
https://www.google.com/maps/search/etablissement+wellness+Saint-Lizier%2BFrance/,
https://www.google.com/maps/search/etablissement+wellness+Saint-Lizier-du-Planté%2BFrance/,
https://www.google.com/maps/search/etablissement+wellness+Saint-Lô%2BFrance/,
https://www.google.com/maps/search/etablissement+wellness+Saint-Lô-d'Ourville%2BFrance/,
https://www.google.com/maps/search/etablissement+wellness+Saint-Lon-les-Mines%2BFrance/,
https://www.google.com/maps/search/etablissement+wellness+Saint-Longis%2BFrance/,
https://www.google.com/maps/search/etablissement+wellness+Saint-Lormel%2BFrance/,
https://www.google.com/maps/search/etablissement+wellness+Saint-Lothain%2BFrance/,
https://www.google.com/maps/search/etablissement+wellness+Saint-Loube%2BFrance/,
https://www.google.com/maps/search/etablissement+wellness+Saint-Loubert%2BFrance/,
https://www.google.com/maps/search/etablissement+wellness+Saint-Loubès%2BFrance/,
https://www.google.com/maps/search/etablissement+wellness+Saint-Loubouer%2BFrance/,
https://www.google.com/maps/search/etablissement+wellness+Saint-Louet-sur-Seulles%2BFrance/,
https://www.google.com/maps/search/etablissement+wellness+Saint-Louet-sur-Vire%2BFrance/,
https://www.google.com/maps/search/etablissement+wellness+Saint-Louis%2BFrance/,
https://www.google.com/maps/search/etablissement+wellness+Saint-Louis%2BFrance/,
https://www.google.com/maps/search/etablissement+wellness+Saint-Louis%2BFrance/,
https://www.google.com/maps/search/etablissement+wellness+Saint-Louis%2BFrance/,
https://www.google.com/maps/search/etablissement+wellness+Saint-Louis-de-Montferrand%2BFrance/,
https://www.google.com/maps/search/etablissement+wellness+Saint-Louis-en-l'Isle%2BFrance/,
https://www.google.com/maps/search/etablissement+wellness+Saint-Louis-et-Parahou%2BFrance/,
https://www.google.com/maps/search/etablissement+wellness+Saint-Louis-lès-Bitche%2BFrance/,
https://www.google.com/maps/search/etablissement+wellness+Saint-Loup%2BFrance/,
https://www.google.com/maps/search/etablissement+wellness+Saint-Loup%2BFrance/,
https://www.google.com/maps/search/etablissement+wellness+Saint-Loup%2BFrance/,
https://www.google.com/maps/search/etablissement+wellness+Saint-Loup%2BFrance/,
https://www.google.com/maps/search/etablissement+wellness+Saint-Loup%2BFrance/,
https://www.google.com/maps/search/etablissement+wellness+Saint-Loup%2BFrance/,
https://www.google.com/maps/search/etablissement+wellness+Saint-Loup%2BFrance/,
https://www.google.com/maps/search/etablissement+wellness+Saint-Loup%2BFrance/,
https://www.google.com/maps/search/etablissement+wellness+Saint-Loup%2BFrance/,
https://www.google.com/maps/search/etablissement+wellness+Saint-Loup%2BFrance/,
https://www.google.com/maps/search/etablissement+wellness+Saint-Loup-Cammas%2BFrance/,
https://www.google.com/maps/search/etablissement+wellness+Saint-Loup-d'Ordon%2BFrance/,
https://www.google.com/maps/search/etablissement+wellness+Saint-Loup-de-Buffigny%2BFrance/,
https://www.google.com/maps/search/etablissement+wellness+Saint-Loup-de-Fribois%2BFrance/,
https://www.google.com/maps/search/etablissement+wellness+Saint-Loup-de-Gonois%2BFrance/,
https://www.google.com/maps/search/etablissement+wellness+Saint-Loup-de-Naud%2BFrance/,
https://www.google.com/maps/search/etablissement+wellness+Saint-Loup-de-Varennes%2BFrance/,
https://www.google.com/maps/search/etablissement+wellness+Saint-Loup-des-Chaumes%2BFrance/,
https://www.google.com/maps/search/etablissement+wellness+Saint-Loup-des-Vignes%2BFrance/,
https://www.google.com/maps/search/etablissement+wellness+Saint-Loup-du-Dorat%2BFrance/,
https://www.google.com/maps/search/etablissement+wellness+Saint-Loup-du-Gast%2BFrance/,
https://www.google.com/maps/search/etablissement+wellness+Saint-Loup-en-Champagne%2BFrance/,
https://www.google.com/maps/search/etablissement+wellness+Saint-Loup-en-Comminges%2BFrance/,
https://www.google.com/maps/search/etablissement+wellness+Saint-Loup-Géanges%2BFrance/,
https://www.google.com/maps/search/etablissement+wellness+Saint-Loup-Hors%2BFrance/,
https://www.google.com/maps/search/etablissement+wellness+Saint-Loup-Lamairé%2BFrance/,
https://www.google.com/maps/search/etablissement+wellness+Saint-Loup-Nantouard%2BFrance/,
https://www.google.com/maps/search/etablissement+wellness+Saint-Loup-sur-Aujon%2BFrance/,
https://www.google.com/maps/search/etablissement+wellness+Saint-Loup-sur-Semouse%2BFrance/,
https://www.google.com/maps/search/etablissement+wellness+Saint-Loup-Terrier%2BFrance/,traité (2026-08-22 22:19)
https://www.google.com/maps/search/etablissement+wellness+Saint-Lubin-de-Cravant%2BFrance/,traité (2026-08-22 22:18)
https://www.google.com/maps/search/etablissement+wellness+Saint-Lubin-de-la-Haye%2BFrance/,traité (2026-08-22 22:19)
https://www.google.com/maps/search/etablissement+wellness+Saint-Lubin-des-Joncherets%2BFrance/,traité (2026-08-22 22:19)
https://www.google.com/maps/search/etablissement+wellness+Saint-Lubin-en-Vergonnois%2BFrance/,traité (2026-08-22 22:19)
https://www.google.com/maps/search/etablissement+wellness+Saint-Luc%2BFrance/,traité (2026-08-22 22:20)
https://www.google.com/maps/search/etablissement+wellness+Saint-Lucien%2BFrance/,traité (2026-08-22 22:20)
https://www.google.com/maps/search/etablissement+wellness+Saint-Lumier-en-Champagne%2BFrance/,traité (2026-08-22 22:20)
https://www.google.com/maps/search/etablissement+wellness+Saint-Lumier-la-Populeuse%2BFrance/,traité (2026-08-22 22:20)
https://www.google.com/maps/search/etablissement+wellness+Saint-Lumine-de-Clisson%2BFrance/,traité (2026-08-22 22:20)
https://www.google.com/maps/search/etablissement+wellness+Saint-Lumine-de-Coutais%2BFrance/,traité (2026-08-22 22:20)
https://www.google.com/maps/search/etablissement+wellness+Saint-Lunaire%2BFrance/,traité (2026-08-22 22:21)
https://www.google.com/maps/search/etablissement+wellness+Saint-Luperce%2BFrance/,traité (2026-08-22 22:21)
https://www.google.com/maps/search/etablissement+wellness+Saint-Lupien%2BFrance/,traité (2026-08-22 22:21)
https://www.google.com/maps/search/etablissement+wellness+Saint-Lyé%2BFrance/,traité (2026-08-22 22:22)
https://www.google.com/maps/search/etablissement+wellness+Saint-Lyé-la-Forêt%2BFrance/,traité (2026-08-22 22:22)
https://www.google.com/maps/search/etablissement+wellness+Saint-Lyphard%2BFrance/,traité (2026-08-22 22:22)
https://www.google.com/maps/search/etablissement+wellness+Saint-Lys%2BFrance/,traité (2026-08-22 22:24)
https://www.google.com/maps/search/etablissement+wellness+Saint-M'Hervé%2BFrance/,traité (2026-08-22 22:24)
https://www.google.com/maps/search/etablissement+wellness+Saint-M'Hervon%2BFrance/,échec (2026-08-22 22:24)
https://www.google.com/maps/search/etablissement+wellness+Saint-Macaire%2BFrance/,traité (2026-08-22 22:24)
https://www.google.com/maps/search/etablissement+wellness+Saint-Macaire-du-Bois%2BFrance/,traité (2026-08-22 22:24)
https://www.google.com/maps/search/etablissement+wellness+Saint-Maclou%2BFrance/,traité (2026-08-22 22:24)
https://www.google.com/maps/search/etablissement+wellness+Saint-Maclou-de-Folleville%2BFrance/,traité (2026-08-22 22:24)
https://www.google.com/maps/search/etablissement+wellness+Saint-Maclou-la-Brière%2BFrance/,traité (2026-08-22 20:48)
https://www.google.com/maps/search/etablissement+wellness+Saint-Macoux%2BFrance/,traité (2026-08-22 20:49)
https://www.google.com/maps/search/etablissement+wellness+Saint-Maden%2BFrance/,traité (2026-08-22 20:49)
https://www.google.com/maps/search/etablissement+wellness+Saint-Magne%2BFrance/,traité (2026-08-22 20:50)
https://www.google.com/maps/search/etablissement+wellness+Saint-Magne-de-Castillon%2BFrance/,traité (2026-08-22 20:50)
https://www.google.com/maps/search/etablissement+wellness+Saint-Maigner%2BFrance/,traité (2026-08-22 20:50)
https://www.google.com/maps/search/etablissement+wellness+Saint-Maigrin%2BFrance/,traité (2026-08-22 20:51)
https://www.google.com/maps/search/etablissement+wellness+Saint-Maime%2BFrance/,traité (2026-08-22 20:51)
https://www.google.com/maps/search/etablissement+wellness+Saint-Maime-de-Péreyrol%2BFrance/,traité (2026-08-22 20:51)
https://www.google.com/maps/search/etablissement+wellness+Saint-Maixant%2BFrance/,traité (2026-08-22 20:54)
https://www.google.com/maps/search/etablissement+wellness+Saint-Maixant%2BFrance/,traité (2026-08-22 20:54)
https://www.google.com/maps/search/etablissement+wellness+Saint-Maixent%2BFrance/,traité (2026-08-22 20:54)
https://www.google.com/maps/search/etablissement+wellness+Saint-Maixent-de-Beugné%2BFrance/,traité (2026-08-22 20:54)
https://www.google.com/maps/search/etablissement+wellness+Saint-Maixent-l'École%2BFrance/,traité (2026-08-22 20:54)
https://www.google.com/maps/search/etablissement+wellness+Saint-Maixent-sur-Vie%2BFrance/,traité (2026-08-22 20:54)
https://www.google.com/maps/search/etablissement+wellness+Saint-Maixme-Hauterive%2BFrance/,traité (2026-08-22 20:54)
https://www.google.com/maps/search/etablissement+wellness+Saint-Malo%2BFrance/,traité (2026-08-22 20:55)
https://www.google.com/maps/search/etablissement+wellness+Saint-Malo-de-Beignon%2BFrance/,traité (2026-08-22 20:55)
https://www.google.com/maps/search/etablissement+wellness+Saint-Malo-de-Guersac%2BFrance/,traité (2026-08-22 20:55)
https://www.google.com/maps/search/etablissement+wellness+Saint-Malo-de-la-Lande%2BFrance/,traité (2026-08-22 20:55)
https://www.google.com/maps/search/etablissement+wellness+Saint-Malo-de-Phily%2BFrance/,traité (2026-08-22 20:58)
https://www.google.com/maps/search/etablissement+wellness+Saint-Malo-des-Trois-Fontaines%2BFrance/,traité (2026-08-22 20:58)
https://www.google.com/maps/search/etablissement+wellness+Saint-Malô-du-Bois%2BFrance/,traité (2026-08-22 20:58)
https://www.google.com/maps/search/etablissement+wellness+Saint-Malo-en-Donziois%2BFrance/,traité (2026-08-22 20:58)
https://www.google.com/maps/search/etablissement+wellness+Saint-Malon-sur-Mel%2BFrance/,traité (2026-08-22 20:58)
https://www.google.com/maps/search/etablissement+wellness+Saint-Mamert%2BFrance/,traité (2026-08-22 20:58)
https://www.google.com/maps/search/etablissement+wellness+Saint-Mamert-du-Gard%2BFrance/,traité (2026-08-22 20:58)
https://www.google.com/maps/search/etablissement+wellness+Saint-Mamet%2BFrance/,traité (2026-08-22 20:58)
https://www.google.com/maps/search/etablissement+wellness+Saint-Mamet-la-Salvetat%2BFrance/,traité (2026-08-22 20:58)
https://www.google.com/maps/search/etablissement+wellness+Saint-Mammès%2BFrance/,traité (2026-08-22 20:59)
https://www.google.com/maps/search/etablissement+wellness+Saint-Mandé%2BFrance/,traité (2026-08-22 21:01)
https://www.google.com/maps/search/etablissement+wellness+Saint-Mandé-sur-Brédoire%2BFrance/,traité (2026-08-22 21:01)
https://www.google.com/maps/search/etablissement+wellness+Saint-Mandrier-sur-Mer%2BFrance/,traité (2026-08-22 21:01)
https://www.google.com/maps/search/etablissement+wellness+Saint-Manvieu-Bocage%2BFrance/,traité (2026-08-22 21:01)
https://www.google.com/maps/search/etablissement+wellness+Saint-Manvieu-Norrey%2BFrance/,traité (2026-08-22 21:01)
https://www.google.com/maps/search/etablissement+wellness+Saint-Marc-à-Frongier%2BFrance/,traité (2026-08-22 21:01)
https://www.google.com/maps/search/etablissement+wellness+Saint-Marc-à-Loubaud%2BFrance/,traité (2026-08-22 21:02)
https://www.google.com/maps/search/etablissement+wellness+Saint-Marc-du-Cor%2BFrance/,traité (2026-08-22 21:02)
https://www.google.com/maps/search/etablissement+wellness+Saint-Marc-Jaumegarde%2BFrance/,traité (2026-08-22 21:02)
https://www.google.com/maps/search/etablissement+wellness+Saint-Marc-la-Lande%2BFrance/,traité (2026-08-22 21:03)
https://www.google.com/maps/search/etablissement+wellness+Saint-Marc-le-Blanc%2BFrance/,traité (2026-08-22 21:05)
https://www.google.com/maps/search/etablissement+wellness+Saint-Marc-sur-Couesnon%2BFrance/,traité (2026-08-22 21:05)
https://www.google.com/maps/search/etablissement+wellness+Saint-Marc-sur-Seine%2BFrance/,traité (2026-08-22 21:05)
https://www.google.com/maps/search/etablissement+wellness+Saint-Marcan%2BFrance/,traité (2026-08-22 21:05)
https://www.google.com/maps/search/etablissement+wellness+Saint-Marceau%2BFrance/,traité (2026-08-22 21:05)
https://www.google.com/maps/search/etablissement+wellness+Saint-Marceau%2BFrance/,traité (2026-08-22 21:05)
https://www.google.com/maps/search/etablissement+wellness+Saint-Marcel%2BFrance/,traité (2026-08-22 21:10)
https://www.google.com/maps/search/etablissement+wellness+Saint-Marcel%2BFrance/,traité (2026-08-22 21:10)
https://www.google.com/maps/search/etablissement+wellness+Saint-Marcel%2BFrance/,traité (2026-08-22 21:10)
https://www.google.com/maps/search/etablissement+wellness+Saint-Marcel%2BFrance/,traité (2026-08-22 21:10)
https://www.google.com/maps/search/etablissement+wellness+Saint-Marcel%2BFrance/,traité (2026-08-22 21:10)
https://www.google.com/maps/search/etablissement+wellness+Saint-Marcel%2BFrance/,traité (2026-08-22 21:10)
https://www.google.com/maps/search/etablissement+wellness+Saint-Marcel%2BFrance/,traité (2026-08-22 21:10)
https://www.google.com/maps/search/etablissement+wellness+Saint-Marcel%2BFrance/,traité (2026-08-22 21:10)
https://www.google.com/maps/search/etablissement+wellness+Saint-Marcel%2BFrance/,traité (2026-08-22 21:10)
https://www.google.com/maps/search/etablissement+wellness+Saint-Marcel-Bel-Accueil%2BFrance/,traité (2026-08-22 21:10)
https://www.google.com/maps/search/etablissement+wellness+Saint-Marcel-Campes%2BFrance/,traité (2026-08-22 21:11)
https://www.google.com/maps/search/etablissement+wellness+Saint-Marcel-d'Ardèche%2BFrance/,traité (2026-08-22 21:11)
https://www.google.com/maps/search/etablissement+wellness+Saint-Marcel-d'Urfé%2BFrance/,traité (2026-08-22 21:12)
https://www.google.com/maps/search/etablissement+wellness+Saint-Marcel-de-Careiret%2BFrance/,traité (2026-08-22 21:12)
https://www.google.com/maps/search/etablissement+wellness+Saint-Marcel-de-Félines%2BFrance/,traité (2026-08-22 21:15)
https://www.google.com/maps/search/etablissement+wellness+Saint-Marcel-du-Périgord%2BFrance/,traité (2026-08-22 21:15)
https://www.google.com/maps/search/etablissement+wellness+Saint-Marcel-en-Marcillat%2BFrance/,traité (2026-08-22 21:15)
https://www.google.com/maps/search/etablissement+wellness+Saint-Marcel-en-Murat%2BFrance/,traité (2026-08-22 21:15)
https://www.google.com/maps/search/etablissement+wellness+Saint-Marcel-l'Éclairé%2BFrance/,traité (2026-08-22 21:15)
https://www.google.com/maps/search/etablissement+wellness+Saint-Marcel-lès-Annonay%2BFrance/,traité (2026-08-22 21:15)
https://www.google.com/maps/search/etablissement+wellness+Saint-Marcel-lès-Sauzet%2BFrance/,traité (2026-08-22 21:15)
https://www.google.com/maps/search/etablissement+wellness+Saint-Marcel-lès-Valence%2BFrance/,traité (2026-08-22 21:15)
https://www.google.com/maps/search/etablissement+wellness+Saint-Marcel-Paulel%2BFrance/,traité (2026-08-22 21:15)
https://www.google.com/maps/search/etablissement+wellness+Saint-Marcel-sur-Aude%2BFrance/,traité (2026-08-22 21:16)
https://www.google.com/maps/search/etablissement+wellness+Saint-Marcelin-de-Cray%2BFrance/,traité (2026-08-22 21:18)
https://www.google.com/maps/search/etablissement+wellness+Saint-Marcellin%2BFrance/,traité (2026-08-22 21:18)
https://www.google.com/maps/search/etablissement+wellness+Saint-Marcellin-en-Forez%2BFrance/,traité (2026-08-22 21:18)
https://www.google.com/maps/search/etablissement+wellness+Saint-Marcellin-lès-Vaison%2BFrance/,traité (2026-08-22 21:18)
https://www.google.com/maps/search/etablissement+wellness+Saint-Marcet%2BFrance/,traité (2026-08-22 21:18)
https://www.google.com/maps/search/etablissement+wellness+Saint-Marcory%2BFrance/,traité (2026-08-22 21:18)
https://www.google.com/maps/search/etablissement+wellness+Saint-Marcouf%2BFrance/,traité (2026-08-22 21:18)
https://www.google.com/maps/search/etablissement+wellness+Saint-Marcouf%2BFrance/,traité (2026-08-22 21:18)
https://www.google.com/maps/search/etablissement+wellness+Saint-Mard%2BFrance/,traité (2026-08-22 21:21)
https://www.google.com/maps/search/etablissement+wellness+Saint-Mard%2BFrance/,traité (2026-08-22 21:21)
https://www.google.com/maps/search/etablissement+wellness+Saint-Mard%2BFrance/,traité (2026-08-22 21:21)
https://www.google.com/maps/search/etablissement+wellness+Saint-Mard%2BFrance/,traité (2026-08-22 21:21)
https://www.google.com/maps/search/etablissement+wellness+Saint-Mard%2BFrance/,traité (2026-08-22 21:21)
https://www.google.com/maps/search/etablissement+wellness+Saint-Mard-de-Réno%2BFrance/,traité (2026-08-22 21:21)
https://www.google.com/maps/search/etablissement+wellness+Saint-Mard-de-Vaux%2BFrance/,traité (2026-08-22 21:21)
https://www.google.com/maps/search/etablissement+wellness+Saint-Mard-lès-Rouffy%2BFrance/,traité (2026-08-22 21:21)
https://www.google.com/maps/search/etablissement+wellness+Saint-Mard-sur-Auve%2BFrance/,traité (2026-08-22 21:21)
https://www.google.com/maps/search/etablissement+wellness+Saint-Mard-sur-le-Mont%2BFrance/,traité (2026-08-22 21:22)
https://www.google.com/maps/search/etablissement+wellness+Saint-Mards%2BFrance/,traité (2026-08-22 21:22)
https://www.google.com/maps/search/etablissement+wellness+Saint-Mards-de-Blacarville%2BFrance/,traité (2026-08-22 21:23)
https://www.google.com/maps/search/etablissement+wellness+Saint-Mards-de-Fresne%2BFrance/,traité (2026-08-22 21:25)
https://www.google.com/maps/search/etablissement+wellness+Saint-Mards-en-Othe%2BFrance/,traité (2026-08-22 21:25)
https://www.google.com/maps/search/etablissement+wellness+Saint-Marien%2BFrance/,traité (2026-08-22 21:25)
https://www.google.com/maps/search/etablissement+wellness+Saint-Mariens%2BFrance/,traité (2026-08-22 21:25)
https://www.google.com/maps/search/etablissement+wellness+Saint-Mars-d'Égrenne%2BFrance/,traité (2026-08-22 21:25)
https://www.google.com/maps/search/etablissement+wellness+Saint-Mars-d'Outillé%2BFrance/,traité (2026-08-22 21:25)
https://www.google.com/maps/search/etablissement+wellness+Saint-Mars-de-Coutais%2BFrance/,traité (2026-08-22 21:25)
https://www.google.com/maps/search/etablissement+wellness+Saint-Mars-de-Locquenay%2BFrance/,traité (2026-08-22 21:26)
https://www.google.com/maps/search/etablissement+wellness+Saint-Mars-du-Désert%2BFrance/,traité (2026-08-22 21:26)
https://www.google.com/maps/search/etablissement+wellness+Saint-Mars-du-Désert%2BFrance/,traité (2026-08-22 21:26)
https://www.google.com/maps/search/etablissement+wellness+Saint-Mars-la-Brière%2BFrance/,traité (2026-08-22 21:29)
https://www.google.com/maps/search/etablissement+wellness+Saint-Mars-la-Réorthe%2BFrance/,traité (2026-08-22 21:29)
https://www.google.com/maps/search/etablissement+wellness+Saint-Mars-sur-Colmont%2BFrance/,traité (2026-08-22 21:29)
https://www.google.com/maps/search/etablissement+wellness+Saint-Mars-sur-la-Futaie%2BFrance/,traité (2026-08-22 21:29)
https://www.google.com/maps/search/etablissement+wellness+Saint-Mars-Vieux-Maisons%2BFrance/,traité (2026-08-22 21:29)
https://www.google.com/maps/search/etablissement+wellness+Saint-Marsal%2BFrance/,traité (2026-08-22 21:29)
https://www.google.com/maps/search/etablissement+wellness+Saint-Martial%2BFrance/,traité (2026-08-22 21:32)
https://www.google.com/maps/search/etablissement+wellness+Saint-Martial%2BFrance/,traité (2026-08-22 21:32)
https://www.google.com/maps/search/etablissement+wellness+Saint-Martial%2BFrance/,traité (2026-08-22 21:32)
https://www.google.com/maps/search/etablissement+wellness+Saint-Martial%2BFrance/,traité (2026-08-22 21:32)
https://www.google.com/maps/search/etablissement+wellness+Saint-Martial%2BFrance/,traité (2026-08-22 21:32)
https://www.google.com/maps/search/etablissement+wellness+Saint-Martial%2BFrance/,traité (2026-08-22 21:32)
https://www.google.com/maps/search/etablissement+wellness+Saint-Martial-d'Albarède%2BFrance/,traité (2026-08-22 21:32)
https://www.google.com/maps/search/etablissement+wellness+Saint-Martial-d'Artenset%2BFrance/,traité (2026-08-22 21:32)
https://www.google.com/maps/search/etablissement+wellness+Saint-Martial-de-Gimel%2BFrance/,traité (2026-08-22 21:32)
https://www.google.com/maps/search/etablissement+wellness+Saint-Martial-de-Mirambeau%2BFrance/,traité (2026-08-22 21:32)
https://www.google.com/maps/search/etablissement+wellness+Saint-Martial-de-Nabirat%2BFrance/,traité (2026-08-22 21:32)
https://www.google.com/maps/search/etablissement+wellness+Saint-Martial-de-Valette%2BFrance/,traité (2026-08-22 21:33)
https://www.google.com/maps/search/etablissement+wellness+Saint-Martial-de-Vitaterne%2BFrance/,traité (2026-08-22 21:33)
https://www.google.com/maps/search/etablissement+wellness+Saint-Martial-Entraygues%2BFrance/,traité (2026-08-22 21:34)
https://www.google.com/maps/search/etablissement+wellness+Saint-Martial-le-Mont%2BFrance/,traité (2026-08-22 21:36)
https://www.google.com/maps/search/etablissement+wellness+Saint-Martial-le-Vieux%2BFrance/,traité (2026-08-22 21:36)
https://www.google.com/maps/search/etablissement+wellness+Saint-Martial-sur-Isop%2BFrance/,traité (2026-08-22 21:36)
https://www.google.com/maps/search/etablissement+wellness+Saint-Martial-sur-Né%2BFrance/,traité (2026-08-22 21:36)
https://www.google.com/maps/search/etablissement+wellness+Saint-Martial-Viveyrol%2BFrance/,traité (2026-08-22 21:36)
https://www.google.com/maps/search/etablissement+wellness+Saint-Martin%2BFrance/,traité (2026-08-22 21:38)
https://www.google.com/maps/search/etablissement+wellness+Saint-Martin%2BFrance/,traité (2026-08-22 21:38)
https://www.google.com/maps/search/etablissement+wellness+Saint-Martin%2BFrance/,traité (2026-08-22 21:38)
https://www.google.com/maps/search/etablissement+wellness+Saint-Martin%2BFrance/,traité (2026-08-22 21:38)
https://www.google.com/maps/search/etablissement+wellness+Saint-Martin-au-Bosc%2BFrance/,traité (2026-08-22 21:38)
https://www.google.com/maps/search/etablissement+wellness+Saint-Martin-aux-Arbres%2BFrance/,traité (2026-08-22 21:40)
https://www.google.com/maps/search/etablissement+wellness+Saint-Martin-aux-Bois%2BFrance/,traité (2026-08-22 21:40)
https://www.google.com/maps/search/etablissement+wellness+Saint-Martin-aux-Buneaux%2BFrance/,traité (2026-08-22 21:40)
https://www.google.com/maps/search/etablissement+wellness+Saint-Martin-aux-Champs%2BFrance/,traité (2026-08-22 21:40)
https://www.google.com/maps/search/etablissement+wellness+Saint-Martin-aux-Chartrains%2BFrance/,traité (2026-08-22 21:40)
https://www.google.com/maps/search/etablissement+wellness+Saint-Martin-Belle-Roche%2BFrance/,traité (2026-08-22 21:41)
https://www.google.com/maps/search/etablissement+wellness+Saint-Martin-Bellevue%2BFrance/,traité (2026-08-22 21:41)
https://www.google.com/maps/search/etablissement+wellness+Saint-Martin-Boulogne%2BFrance/,traité (2026-08-22 21:41)
https://www.google.com/maps/search/etablissement+wellness+Saint-Martin-Cantalès%2BFrance/,traité (2026-08-22 21:41)
https://www.google.com/maps/search/etablissement+wellness+Saint-Martin-Château%2BFrance/,traité (2026-08-22 21:42)
https://www.google.com/maps/search/etablissement+wellness+Saint-Martin-Choquel%2BFrance/,traité (2026-08-22 21:44)
https://www.google.com/maps/search/etablissement+wellness+Saint-Martin-Curton%2BFrance/,traité (2026-08-22 21:44)
https://www.google.com/maps/search/etablissement+wellness+Saint-Martin-d'Abbat%2BFrance/,traité (2026-08-22 21:44)
https://www.google.com/maps/search/etablissement+wellness+Saint-Martin-d'Ablois%2BFrance/,traité (2026-08-22 21:44)
https://www.google.com/maps/search/etablissement+wellness+Saint-Martin-d'Août%2BFrance/,traité (2026-08-22 21:44)
https://www.google.com/maps/search/etablissement+wellness+Saint-Martin-d'Arberoue%2BFrance/,traité (2026-08-22 21:44)
https://www.google.com/maps/search/etablissement+wellness+Saint-Martin-d'Arc%2BFrance/,traité (2026-08-22 21:44)
https://www.google.com/maps/search/etablissement+wellness+Saint-Martin-d'Ardèche%2BFrance/,traité (2026-08-22 21:44)
https://www.google.com/maps/search/etablissement+wellness+Saint-Martin-d'Armagnac%2BFrance/,traité (2026-08-22 21:45)
https://www.google.com/maps/search/etablissement+wellness+Saint-Martin-d'Arrossa%2BFrance/,traité (2026-08-22 21:45)
https://www.google.com/maps/search/etablissement+wellness+Saint-Martin-d'Ary%2BFrance/,traité (2026-08-22 21:47)
https://www.google.com/maps/search/etablissement+wellness+Saint-Martin-d'Aubigny%2BFrance/,traité (2026-08-22 21:47)
https://www.google.com/maps/search/etablissement+wellness+Saint-Martin-d'Audouville%2BFrance/,traité (2026-08-22 21:47)
https://www.google.com/maps/search/etablissement+wellness+Saint-Martin-d'Auxigny%2BFrance/,traité (2026-08-22 21:47)
https://www.google.com/maps/search/etablissement+wellness+Saint-Martin-d'Auxy%2BFrance/,traité (2026-08-22 21:47)
https://www.google.com/maps/search/etablissement+wellness+Saint-Martin-d'Écublei%2BFrance/,traité (2026-08-22 21:47)
https://www.google.com/maps/search/etablissement+wellness+Saint-Martin-d'Entraunes%2BFrance/,traité (2026-08-22 21:47)
https://www.google.com/maps/search/etablissement+wellness+Saint-Martin-d'Estréaux%2BFrance/,traité (2026-08-22 21:47)
https://www.google.com/maps/search/etablissement+wellness+Saint-Martin-d'Hardinghem%2BFrance/,traité (2026-08-22 21:48)
https://www.google.com/maps/search/etablissement+wellness+Saint-Martin-d'Hères%2BFrance/,traité (2026-08-22 21:48)
https://www.google.com/maps/search/etablissement+wellness+Saint-Martin-d'Heuille%2BFrance/,traité (2026-08-22 21:50)
https://www.google.com/maps/search/etablissement+wellness+Saint-Martin-d'Ollières%2BFrance/,traité (2026-08-22 21:50)
https://www.google.com/maps/search/etablissement+wellness+Saint-Martin-d'Oney%2BFrance/,traité (2026-08-22 21:50)
https://www.google.com/maps/search/etablissement+wellness+Saint-Martin-d'Ordon%2BFrance/,traité (2026-08-22 21:50)
https://www.google.com/maps/search/etablissement+wellness+Saint-Martin-d'Oydes%2BFrance/,traité (2026-08-22 21:50)
https://www.google.com/maps/search/etablissement+wellness+Saint-Martin-d'Uriage%2BFrance/,traité (2026-08-22 21:50)
https://www.google.com/maps/search/etablissement+wellness+Saint-Martin-de-Bavel%2BFrance/,traité (2026-08-22 21:51)
https://www.google.com/maps/search/etablissement+wellness+Saint-Martin-de-Beauville%2BFrance/,traité (2026-08-22 21:51)
https://www.google.com/maps/search/etablissement+wellness+Saint-Martin-de-Bernegoue%2BFrance/,traité (2026-08-22 21:51)
https://www.google.com/maps/search/etablissement+wellness+Saint-Martin-de-Bienfaite-la-Cressonnière%2BFrance/,traité (2026-08-22 21:52)
https://www.google.com/maps/search/etablissement+wellness+Saint-Martin-de-Blagny%2BFrance/,traité (2026-08-22 21:54)
https://www.google.com/maps/search/etablissement+wellness+Saint-Martin-de-Bonfossé%2BFrance/,traité (2026-08-22 21:54)
https://www.google.com/maps/search/etablissement+wellness+Saint-Martin-de-Boscherville%2BFrance/,traité (2026-08-22 21:54)
https://www.google.com/maps/search/etablissement+wellness+Saint-Martin-de-Bossenay%2BFrance/,traité (2026-08-22 21:54)
https://www.google.com/maps/search/etablissement+wellness+Saint-Martin-de-Boubaux%2BFrance/,traité (2026-08-22 21:54)
https://www.google.com/maps/search/etablissement+wellness+Saint-Martin-de-Bréthencourt%2BFrance/,traité (2026-08-22 21:54)
https://www.google.com/maps/search/etablissement+wellness+Saint-Martin-de-Brômes%2BFrance/,traité (2026-08-22 21:54)
https://www.google.com/maps/search/etablissement+wellness+Saint-Martin-de-Caralp%2BFrance/,traité (2026-08-22 21:54)
https://www.google.com/maps/search/etablissement+wellness+Saint-Martin-de-Castillon%2BFrance/,traité (2026-08-22 21:55)
https://www.google.com/maps/search/etablissement+wellness+Saint-Martin-de-Cenilly%2BFrance/,traité (2026-08-22 19:17)
https://www.google.com/maps/search/etablissement+wellness+Saint-Martin-de-Clelles%2BFrance/,traité (2026-08-22 19:18)
https://www.google.com/maps/search/etablissement+wellness+Saint-Martin-de-Commune%2BFrance/,traité (2026-08-22 19:18)
https://www.google.com/maps/search/etablissement+wellness+Saint-Martin-de-Connée%2BFrance/,traité (2026-08-22 19:18)
https://www.google.com/maps/search/etablissement+wellness+Saint-Martin-de-Coux%2BFrance/,traité (2026-08-22 19:19)
https://www.google.com/maps/search/etablissement+wellness+Saint-Martin-de-Crau%2BFrance/,traité (2026-08-22 19:19)
https://www.google.com/maps/search/etablissement+wellness+Saint-Martin-de-Fenouillet%2BFrance/,traité (2026-08-22 19:20)
https://www.google.com/maps/search/etablissement+wellness+Saint-Martin-de-Fontenay%2BFrance/,traité (2026-08-22 19:20)
https://www.google.com/maps/search/etablissement+wellness+Saint-Martin-de-Fraigneau%2BFrance/,traité (2026-08-22 19:21)
https://www.google.com/maps/search/etablissement+wellness+Saint-Martin-de-Fressengeas%2BFrance/,traité (2026-08-22 19:21)
https://www.google.com/maps/search/etablissement+wellness+Saint-Martin-de-Fugères%2BFrance/,traité (2026-08-22 19:23)
https://www.google.com/maps/search/etablissement+wellness+Saint-Martin-de-Goyne%2BFrance/,traité (2026-08-22 19:23)
https://www.google.com/maps/search/etablissement+wellness+Saint-Martin-de-Gurson%2BFrance/,traité (2026-08-22 19:24)
https://www.google.com/maps/search/etablissement+wellness+Saint-Martin-de-Hinx%2BFrance/,traité (2026-08-22 19:24)
https://www.google.com/maps/search/etablissement+wellness+Saint-Martin-de-Juillers%2BFrance/,traité (2026-08-22 19:24)
https://www.google.com/maps/search/etablissement+wellness+Saint-Martin-de-Jussac%2BFrance/,traité (2026-08-22 19:24)
https://www.google.com/maps/search/etablissement+wellness+Saint-Martin-de-l'Arçon%2BFrance/,traité (2026-08-22 19:24)
https://www.google.com/maps/search/etablissement+wellness+Saint-Martin-de-la-Brasque%2BFrance/,traité (2026-08-22 19:25)
https://www.google.com/maps/search/etablissement+wellness+Saint-Martin-de-la-Cluze%2BFrance/,traité (2026-08-22 19:25)
https://www.google.com/maps/search/etablissement+wellness+Saint-Martin-de-la-Lieue%2BFrance/,traité (2026-08-22 19:25)
https://www.google.com/maps/search/etablissement+wellness+Saint-Martin-de-la-Mer%2BFrance/,traité (2026-08-22 19:27)
https://www.google.com/maps/search/etablissement+wellness+Saint-Martin-de-la-Place%2BFrance/,traité (2026-08-22 19:27)
https://www.google.com/maps/search/etablissement+wellness+Saint-Martin-de-la-Porte%2BFrance/,traité (2026-08-22 19:27)
https://www.google.com/maps/search/etablissement+wellness+Saint-Martin-de-Lansuscle%2BFrance/,traité (2026-08-22 19:27)
https://www.google.com/maps/search/etablissement+wellness+Saint-Martin-de-Laye%2BFrance/,traité (2026-08-22 19:27)
https://www.google.com/maps/search/etablissement+wellness+Saint-Martin-de-Lenne%2BFrance/,traité (2026-08-22 19:28)
https://www.google.com/maps/search/etablissement+wellness+Saint-Martin-de-Lerm%2BFrance/,traité (2026-08-22 19:28)
https://www.google.com/maps/search/etablissement+wellness+Saint-Martin-de-Lixy%2BFrance/,traité (2026-08-22 19:28)
https://www.google.com/maps/search/etablissement+wellness+Saint-Martin-de-Londres%2BFrance/,traité (2026-08-22 19:29)
https://www.google.com/maps/search/etablissement+wellness+Saint-Martin-de-Mâcon%2BFrance/,traité (2026-08-22 19:29)
https://www.google.com/maps/search/etablissement+wellness+Saint-Martin-de-Mailloc%2BFrance/,traité (2026-08-22 19:31)
https://www.google.com/maps/search/etablissement+wellness+Saint-Martin-de-Mieux%2BFrance/,traité (2026-08-22 19:31)
https://www.google.com/maps/search/etablissement+wellness+Saint-Martin-de-Nigelles%2BFrance/,traité (2026-08-22 19:31)
https://www.google.com/maps/search/etablissement+wellness+Saint-Martin-de-Pallières%2BFrance/,traité (2026-08-22 19:31)
https://www.google.com/maps/search/etablissement+wellness+Saint-Martin-de-Queyrières%2BFrance/,traité (2026-08-22 19:31)
https://www.google.com/maps/search/etablissement+wellness+Saint-Martin-de-Ré%2BFrance/,traité (2026-08-22 19:31)
https://www.google.com/maps/search/etablissement+wellness+Saint-Martin-de-Ribérac%2BFrance/,traité (2026-08-22 19:32)
https://www.google.com/maps/search/etablissement+wellness+Saint-Martin-de-Saint-Maixent%2BFrance/,traité (2026-08-22 19:32)
https://www.google.com/maps/search/etablissement+wellness+Saint-Martin-de-Salencey%2BFrance/,traité (2026-08-22 19:33)
https://www.google.com/maps/search/etablissement+wellness+Saint-Martin-de-Sanzay%2BFrance/,traité (2026-08-22 19:33)
https://www.google.com/maps/search/etablissement+wellness+Saint-Martin-de-Seignanx%2BFrance/,traité (2026-08-22 19:35)
https://www.google.com/maps/search/etablissement+wellness+Saint-Martin-de-Sescas%2BFrance/,traité (2026-08-22 19:35)
https://www.google.com/maps/search/etablissement+wellness+Saint-Martin-de-Valamas%2BFrance/,traité (2026-08-22 19:35)
https://www.google.com/maps/search/etablissement+wellness+Saint-Martin-de-Valgalgues%2BFrance/,traité (2026-08-22 19:35)
https://www.google.com/maps/search/etablissement+wellness+Saint-Martin-de-Varreville%2BFrance/,traité (2026-08-22 19:36)
https://www.google.com/maps/search/etablissement+wellness+Saint-Martin-de-Vaulserre%2BFrance/,traité (2026-08-22 19:36)
https://www.google.com/maps/search/etablissement+wellness+Saint-Martin-de-Villeréal%2BFrance/,traité (2026-08-22 19:36)
https://www.google.com/maps/search/etablissement+wellness+Saint-Martin-de-Villereglan%2BFrance/,traité (2026-08-22 19:36)
https://www.google.com/maps/search/etablissement+wellness+Saint-Martin-des-Bois%2BFrance/,traité (2026-08-22 19:37)
https://www.google.com/maps/search/etablissement+wellness+Saint-Martin-des-Champs%2BFrance/,traité (2026-08-22 19:40)
https://www.google.com/maps/search/etablissement+wellness+Saint-Martin-des-Champs%2BFrance/,traité (2026-08-22 19:40)
https://www.google.com/maps/search/etablissement+wellness+Saint-Martin-des-Champs%2BFrance/,traité (2026-08-22 19:40)
https://www.google.com/maps/search/etablissement+wellness+Saint-Martin-des-Champs%2BFrance/,traité (2026-08-22 19:40)
https://www.google.com/maps/search/etablissement+wellness+Saint-Martin-des-Champs%2BFrance/,traité (2026-08-22 19:40)
https://www.google.com/maps/search/etablissement+wellness+Saint-Martin-des-Champs%2BFrance/,traité (2026-08-22 19:40)
https://www.google.com/maps/search/etablissement+wellness+Saint-Martin-des-Combes%2BFrance/,traité (2026-08-22 19:40)
https://www.google.com/maps/search/etablissement+wellness+Saint-Martin-des-Entrées%2BFrance/,traité (2026-08-22 19:40)
https://www.google.com/maps/search/etablissement+wellness+Saint-Martin-des-Fontaines%2BFrance/,traité (2026-08-22 19:40)
https://www.google.com/maps/search/etablissement+wellness+Saint-Martin-des-Lais%2BFrance/,traité (2026-08-22 19:40)
https://www.google.com/maps/search/etablissement+wellness+Saint-Martin-des-Landes%2BFrance/,traité (2026-08-22 19:41)
https://www.google.com/maps/search/etablissement+wellness+Saint-Martin-des-Monts%2BFrance/,traité (2026-08-22 19:43)
https://www.google.com/maps/search/etablissement+wellness+Saint-Martin-des-Noyers%2BFrance/,traité (2026-08-22 19:43)
https://www.google.com/maps/search/etablissement+wellness+Saint-Martin-des-Olmes%2BFrance/,traité (2026-08-22 19:43)
https://www.google.com/maps/search/etablissement+wellness+Saint-Martin-des-Pézerits%2BFrance/,traité (2026-08-22 19:43)
https://www.google.com/maps/search/etablissement+wellness+Saint-Martin-des-Plains%2BFrance/,traité (2026-08-22 19:43)
https://www.google.com/maps/search/etablissement+wellness+Saint-Martin-des-Prés%2BFrance/,traité (2026-08-22 19:43)
https://www.google.com/maps/search/etablissement+wellness+Saint-Martin-des-Puits%2BFrance/,traité (2026-08-22 19:43)
https://www.google.com/maps/search/etablissement+wellness+Saint-Martin-des-Tilleuls%2BFrance/,traité (2026-08-22 19:44)
https://www.google.com/maps/search/etablissement+wellness+Saint-Martin-du-Bec%2BFrance/,traité (2026-08-22 19:44)
https://www.google.com/maps/search/etablissement+wellness+Saint-Martin-du-Bois%2BFrance/,traité (2026-08-22 19:47)
https://www.google.com/maps/search/etablissement+wellness+Saint-Martin-du-Bois%2BFrance/,traité (2026-08-22 19:47)
https://www.google.com/maps/search/etablissement+wellness+Saint-Martin-du-Boschet%2BFrance/,traité (2026-08-22 19:47)
https://www.google.com/maps/search/etablissement+wellness+Saint-Martin-du-Clocher%2BFrance/,traité (2026-08-22 19:47)
https://www.google.com/maps/search/etablissement+wellness+Saint-Martin-du-Fouilloux%2BFrance/,traité (2026-08-22 19:47)
https://www.google.com/maps/search/etablissement+wellness+Saint-Martin-du-Fouilloux%2BFrance/,traité (2026-08-22 19:47)
https://www.google.com/maps/search/etablissement+wellness+Saint-Martin-du-Frêne%2BFrance/,traité (2026-08-22 19:47)
https://www.google.com/maps/search/etablissement+wellness+Saint-Martin-du-Lac%2BFrance/,traité (2026-08-22 19:47)
https://www.google.com/maps/search/etablissement+wellness+Saint-Martin-du-Limet%2BFrance/,traité (2026-08-22 19:47)
https://www.google.com/maps/search/etablissement+wellness+Saint-Martin-du-Manoir%2BFrance/,traité (2026-08-22 19:48)
https://www.google.com/maps/search/etablissement+wellness+Saint-Martin-du-Mont%2BFrance/,traité (2026-08-22 19:51)
https://www.google.com/maps/search/etablissement+wellness+Saint-Martin-du-Mont%2BFrance/,traité (2026-08-22 19:51)
https://www.google.com/maps/search/etablissement+wellness+Saint-Martin-du-Mont%2BFrance/,traité (2026-08-22 19:51)
https://www.google.com/maps/search/etablissement+wellness+Saint-Martin-du-Puy%2BFrance/,traité (2026-08-22 19:51)
https://www.google.com/maps/search/etablissement+wellness+Saint-Martin-du-Puy%2BFrance/,traité (2026-08-22 19:51)
https://www.google.com/maps/search/etablissement+wellness+Saint-Martin-du-Tartre%2BFrance/,traité (2026-08-22 19:51)
https://www.google.com/maps/search/etablissement+wellness+Saint-Martin-du-Tertre%2BFrance/,traité (2026-08-22 19:51)
https://www.google.com/maps/search/etablissement+wellness+Saint-Martin-du-Tertre%2BFrance/,traité (2026-08-22 19:51)
https://www.google.com/maps/search/etablissement+wellness+Saint-Martin-du-Tilleul%2BFrance/,traité (2026-08-22 19:52)
https://www.google.com/maps/search/etablissement+wellness+Saint-Martin-du-Var%2BFrance/,traité (2026-08-22 19:52)
https://www.google.com/maps/search/etablissement+wellness+Saint-Martin-du-Vieux-Bellême%2BFrance/,traité (2026-08-22 19:53)
https://www.google.com/maps/search/etablissement+wellness+Saint-Martin-du-Vivier%2BFrance/,traité (2026-08-22 19:55)
https://www.google.com/maps/search/etablissement+wellness+Saint-Martin-en-Bière%2BFrance/,traité (2026-08-22 19:55)
https://www.google.com/maps/search/etablissement+wellness+Saint-Martin-en-Bresse%2BFrance/,traité (2026-08-22 19:55)
https://www.google.com/maps/search/etablissement+wellness+Saint-Martin-en-Gâtinois%2BFrance/,traité (2026-08-22 19:55)
https://www.google.com/maps/search/etablissement+wellness+Saint-Martin-en-Haut%2BFrance/,traité (2026-08-22 19:55)
https://www.google.com/maps/search/etablissement+wellness+Saint-Martin-en-Vercors%2BFrance/,traité (2026-08-22 19:55)
https://www.google.com/maps/search/etablissement+wellness+Saint-Martin-Gimois%2BFrance/,traité (2026-08-22 19:55)
https://www.google.com/maps/search/etablissement+wellness+Saint-Martin-l'Aiguillon%2BFrance/,traité (2026-08-22 19:55)
https://www.google.com/maps/search/etablissement+wellness+Saint-Martin-l'Ars%2BFrance/,traité (2026-08-22 19:56)
https://www.google.com/maps/search/etablissement+wellness+Saint-Martin-l'Astier%2BFrance/,traité (2026-08-22 19:56)
https://www.google.com/maps/search/etablissement+wellness+Saint-Martin-l'Heureux%2BFrance/,traité (2026-08-22 19:58)
https://www.google.com/maps/search/etablissement+wellness+Saint-Martin-l'Hortier%2BFrance/,traité (2026-08-22 19:58)
https://www.google.com/maps/search/etablissement+wellness+Saint-Martin-la-Campagne%2BFrance/,traité (2026-08-22 19:58)
https://www.google.com/maps/search/etablissement+wellness+Saint-Martin-la-Garenne%2BFrance/,traité (2026-08-22 19:58)
https://www.google.com/maps/search/etablissement+wellness+Saint-Martin-la-Méanne%2BFrance/,traité (2026-08-22 19:58)
https://www.google.com/maps/search/etablissement+wellness+Saint-Martin-la-Patrouille%2BFrance/,traité (2026-08-22 19:59)
https://www.google.com/maps/search/etablissement+wellness+Saint-Martin-la-Plaine%2BFrance/,traité (2026-08-22 19:59)
https://www.google.com/maps/search/etablissement+wellness+Saint-Martin-la-Sauveté%2BFrance/,traité (2026-08-22 20:00)
https://www.google.com/maps/search/etablissement+wellness+Saint-Martin-Labouval%2BFrance/,traité (2026-08-22 20:00)
https://www.google.com/maps/search/etablissement+wellness+Saint-Martin-Lacaussade%2BFrance/,traité (2026-08-22 20:00)
https://www.google.com/maps/search/etablissement+wellness+Saint-Martin-Laguépie%2BFrance/,traité (2026-08-22 20:02)
https://www.google.com/maps/search/etablissement+wellness+Saint-Martin-Lalande%2BFrance/,traité (2026-08-22 20:02)
https://www.google.com/maps/search/etablissement+wellness+Saint-Martin-Lars-en-Sainte-Hermine%2BFrance/,traité (2026-08-22 20:03)
https://www.google.com/maps/search/etablissement+wellness+Saint-Martin-le-Beau%2BFrance/,traité (2026-08-22 20:03)
https://www.google.com/maps/search/etablissement+wellness+Saint-Martin-le-Bouillant%2BFrance/,traité (2026-08-22 20:03)
https://www.google.com/maps/search/etablissement+wellness+Saint-Martin-le-Châtel%2BFrance/,traité (2026-08-22 20:03)
https://www.google.com/maps/search/etablissement+wellness+Saint-Martin-le-Colonel%2BFrance/,traité (2026-08-22 20:03)
https://www.google.com/maps/search/etablissement+wellness+Saint-Martin-le-Gaillard%2BFrance/,traité (2026-08-22 20:03)
https://www.google.com/maps/search/etablissement+wellness+Saint-Martin-le-Gréard%2BFrance/,traité (2026-08-22 20:04)
https://www.google.com/maps/search/etablissement+wellness+Saint-Martin-le-Mault%2BFrance/,traité (2026-08-22 20:04)
https://www.google.com/maps/search/etablissement+wellness+Saint-Martin-le-Nœud%2BFrance/,traité (2026-08-22 20:07)
https://www.google.com/maps/search/etablissement+wellness+Saint-Martin-le-Pin%2BFrance/,traité (2026-08-22 20:07)
https://www.google.com/maps/search/etablissement+wellness+Saint-Martin-le-Redon%2BFrance/,traité (2026-08-22 20:07)
https://www.google.com/maps/search/etablissement+wellness+Saint-Martin-le-Vieil%2BFrance/,traité (2026-08-22 20:07)
https://www.google.com/maps/search/etablissement+wellness+Saint-Martin-le-Vieux%2BFrance/,traité (2026-08-22 20:07)
https://www.google.com/maps/search/etablissement+wellness+Saint-Martin-le-Vinoux%2BFrance/,traité (2026-08-22 20:07)
https://www.google.com/maps/search/etablissement+wellness+Saint-Martin-les-Eaux%2BFrance/,traité (2026-08-22 20:07)
https://www.google.com/maps/search/etablissement+wellness+Saint-Martin-lès-Langres%2BFrance/,traité (2026-08-22 20:07)
https://www.google.com/maps/search/etablissement+wellness+Saint-Martin-lès-Melle%2BFrance/,traité (2026-08-22 20:07)
https://www.google.com/maps/search/etablissement+wellness+Saint-Martin-lès-Seyne%2BFrance/,traité (2026-08-22 20:08)
https://www.google.com/maps/search/etablissement+wellness+Saint-Martin-Lestra%2BFrance/,traité (2026-08-22 20:10)
https://www.google.com/maps/search/etablissement+wellness+Saint-Martin-lez-Tatinghem%2BFrance/,traité (2026-08-22 20:10)
https://www.google.com/maps/search/etablissement+wellness+Saint-Martin-Longueau%2BFrance/,traité (2026-08-22 20:10)
https://www.google.com/maps/search/etablissement+wellness+Saint-Martin-Lys%2BFrance/,traité (2026-08-22 20:10)
https://www.google.com/maps/search/etablissement+wellness+Saint-Martin-Osmonville%2BFrance/,traité (2026-08-22 20:10)
https://www.google.com/maps/search/etablissement+wellness+Saint-Martin-Petit%2BFrance/,traité (2026-08-22 20:10)
https://www.google.com/maps/search/etablissement+wellness+Saint-Martin-Rivière%2BFrance/,traité (2026-08-22 20:11)
https://www.google.com/maps/search/etablissement+wellness+Saint-Martin-Saint-Firmin%2BFrance/,traité (2026-08-22 20:11)
https://www.google.com/maps/search/etablissement+wellness+Saint-Martin-Sainte-Catherine%2BFrance/,traité (2026-08-22 20:11)
https://www.google.com/maps/search/etablissement+wellness+Saint-Martin-Sepert%2BFrance/,traité (2026-08-22 20:12)
https://www.google.com/maps/search/etablissement+wellness+Saint-Martin-sous-Montaigu%2BFrance/,traité (2026-08-22 20:14)
https://www.google.com/maps/search/etablissement+wellness+Saint-Martin-sous-Vigouroux%2BFrance/,traité (2026-08-22 20:14)
https://www.google.com/maps/search/etablissement+wellness+Saint-Martin-sur-Armançon%2BFrance/,traité (2026-08-22 20:14)
https://www.google.com/maps/search/etablissement+wellness+Saint-Martin-sur-Cojeul%2BFrance/,traité (2026-08-22 20:14)
https://www.google.com/maps/search/etablissement+wellness+Saint-Martin-sur-Écaillon%2BFrance/,traité (2026-08-22 20:14)
https://www.google.com/maps/search/etablissement+wellness+Saint-Martin-sur-la-Chambre%2BFrance/,traité (2026-08-22 20:14)
https://www.google.com/maps/search/etablissement+wellness+Saint-Martin-sur-Lavezon%2BFrance/,traité (2026-08-22 20:15)
https://www.google.com/maps/search/etablissement+wellness+Saint-Martin-sur-le-Pré%2BFrance/,traité (2026-08-22 20:15)
https://www.google.com/maps/search/etablissement+wellness+Saint-Martin-sur-Nohain%2BFrance/,traité (2026-08-22 20:15)
https://www.google.com/maps/search/etablissement+wellness+Saint-Martin-sur-Ocre%2BFrance/,traité (2026-08-22 20:16)
https://www.google.com/maps/search/etablissement+wellness+Saint-Martin-sur-Oust%2BFrance/,traité (2026-08-22 20:18)
https://www.google.com/maps/search/etablissement+wellness+Saint-Martin-Terressus%2BFrance/,traité (2026-08-22 20:18)
https://www.google.com/maps/search/etablissement+wellness+Saint-Martin-Valmeroux%2BFrance/,traité (2026-08-22 20:18)
https://www.google.com/maps/search/etablissement+wellness+Saint-Martin-Vésubie%2BFrance/,traité (2026-08-22 20:18)
https://www.google.com/maps/search/etablissement+wellness+Saint-Martinien%2BFrance/,traité (2026-08-22 20:18)
https://www.google.com/maps/search/etablissement+wellness+Saint-Martory%2BFrance/,traité (2026-08-22 20:18)
https://www.google.com/maps/search/etablissement+wellness+Saint-Mary%2BFrance/,traité (2026-08-22 20:18)
https://www.google.com/maps/search/etablissement+wellness+Saint-Mary-le-Plain%2BFrance/,traité (2026-08-22 20:19)
https://www.google.com/maps/search/etablissement+wellness+Saint-Masmes%2BFrance/,traité (2026-08-22 20:19)
https://www.google.com/maps/search/etablissement+wellness+Saint-Mathieu%2BFrance/,traité (2026-08-22 20:19)
https://www.google.com/maps/search/etablissement+wellness+Saint-Mathieu-de-Tréviers%2BFrance/,traité (2026-08-22 20:22)
https://www.google.com/maps/search/etablissement+wellness+Saint-Mathurin%2BFrance/,traité (2026-08-22 17:47)
https://www.google.com/maps/search/etablissement+wellness+Saint-Matré%2BFrance/,traité (2026-08-22 17:48)
https://www.google.com/maps/search/etablissement+wellness+Saint-Maudan%2BFrance/,traité (2026-08-22 17:48)
https://www.google.com/maps/search/etablissement+wellness+Saint-Maudez%2BFrance/,traité (2026-08-22 17:49)
https://www.google.com/maps/search/etablissement+wellness+Saint-Maugan%2BFrance/,traité (2026-08-22 17:49)
https://www.google.com/maps/search/etablissement+wellness+Saint-Maulvis%2BFrance/,traité (2026-08-22 17:49)
https://www.google.com/maps/search/etablissement+wellness+Saint-Maur%2BFrance/,traité (2026-08-22 17:53)
https://www.google.com/maps/search/etablissement+wellness+Saint-Maur%2BFrance/,traité (2026-08-22 17:53)
https://www.google.com/maps/search/etablissement+wellness+Saint-Maur%2BFrance/,traité (2026-08-22 17:53)
https://www.google.com/maps/search/etablissement+wellness+Saint-Maur%2BFrance/,traité (2026-08-22 17:53)
https://www.google.com/maps/search/etablissement+wellness+Saint-Maur%2BFrance/,traité (2026-08-22 17:53)
https://www.google.com/maps/search/etablissement+wellness+Saint-Maur-des-Bois%2BFrance/,traité (2026-08-22 17:53)
https://www.google.com/maps/search/etablissement+wellness+Saint-Maur-des-Fossés%2BFrance/,traité (2026-08-22 17:53)
https://www.google.com/maps/search/etablissement+wellness+Saint-Maur-sur-le-Loir%2BFrance/,traité (2026-08-22 17:53)
https://www.google.com/maps/search/etablissement+wellness+Saint-Maurice%2BFrance/,traité (2026-08-22 17:56)
https://www.google.com/maps/search/etablissement+wellness+Saint-Maurice%2BFrance/,traité (2026-08-22 17:56)
https://www.google.com/maps/search/etablissement+wellness+Saint-Maurice%2BFrance/,traité (2026-08-22 17:56)
https://www.google.com/maps/search/etablissement+wellness+Saint-Maurice%2BFrance/,traité (2026-08-22 17:56)
https://www.google.com/maps/search/etablissement+wellness+Saint-Maurice%2BFrance/,traité (2026-08-22 17:56)
https://www.google.com/maps/search/etablissement+wellness+Saint-Maurice-aux-Forges%2BFrance/,traité (2026-08-22 17:56)
https://www.google.com/maps/search/etablissement+wellness+Saint-Maurice-aux-Riches-Hommes%2BFrance/,traité (2026-08-22 17:56)
https://www.google.com/maps/search/etablissement+wellness+Saint-Maurice-Colombier%2BFrance/,traité (2026-08-22 17:56)
https://www.google.com/maps/search/etablissement+wellness+Saint-Maurice-Crillat%2BFrance/,traité (2026-08-22 17:57)
https://www.google.com/maps/search/etablissement+wellness+Saint-Maurice-d'Ardèche%2BFrance/,traité (2026-08-22 17:57)
https://www.google.com/maps/search/etablissement+wellness+Saint-Maurice-d'Ételan%2BFrance/,traité (2026-08-22 17:58)
https://www.google.com/maps/search/etablissement+wellness+Saint-Maurice-d'Ibie%2BFrance/,traité (2026-08-22 18:00)
https://www.google.com/maps/search/etablissement+wellness+Saint-Maurice-de-Beynost%2BFrance/,traité (2026-08-22 18:00)
https://www.google.com/maps/search/etablissement+wellness+Saint-Maurice-de-Cazevieille%2BFrance/,traité (2026-08-22 18:00)
https://www.google.com/maps/search/etablissement+wellness+Saint-Maurice-de-Gourdans%2BFrance/,traité (2026-08-22 18:00)
https://www.google.com/maps/search/etablissement+wellness+Saint-Maurice-de-Lestapel%2BFrance/,traité (2026-08-22 18:00)
https://www.google.com/maps/search/etablissement+wellness+Saint-Maurice-de-Lignon%2BFrance/,traité (2026-08-22 18:00)
https://www.google.com/maps/search/etablissement+wellness+Saint-Maurice-de-Rémens%2BFrance/,traité (2026-08-22 18:01)
https://www.google.com/maps/search/etablissement+wellness+Saint-Maurice-de-Rotherens%2BFrance/,traité (2026-08-22 18:01)
https://www.google.com/maps/search/etablissement+wellness+Saint-Maurice-de-Satonnay%2BFrance/,traité (2026-08-22 18:01)
https://www.google.com/maps/search/etablissement+wellness+Saint-Maurice-des-Champs%2BFrance/,traité (2026-08-22 18:03)
https://www.google.com/maps/search/etablissement+wellness+Saint-Maurice-des-Lions%2BFrance/,traité (2026-08-22 18:03)
https://www.google.com/maps/search/etablissement+wellness+Saint-Maurice-des-Noues%2BFrance/,traité (2026-08-22 18:03)
https://www.google.com/maps/search/etablissement+wellness+Saint-Maurice-en-Chalencon%2BFrance/,traité (2026-08-22 18:04)
https://www.google.com/maps/search/etablissement+wellness+Saint-Maurice-en-Cotentin%2BFrance/,traité (2026-08-22 18:04)
https://www.google.com/maps/search/etablissement+wellness+Saint-Maurice-en-Gourgois%2BFrance/,traité (2026-08-22 18:04)
https://www.google.com/maps/search/etablissement+wellness+Saint-Maurice-en-Quercy%2BFrance/,traité (2026-08-22 18:04)
https://www.google.com/maps/search/etablissement+wellness+Saint-Maurice-en-Rivière%2BFrance/,traité (2026-08-22 18:05)
https://www.google.com/maps/search/etablissement+wellness+Saint-Maurice-en-Trièves%2BFrance/,traité (2026-08-22 18:07)
https://www.google.com/maps/search/etablissement+wellness+Saint-Maurice-en-Valgodemard%2BFrance/,traité (2026-08-22 18:07)
https://www.google.com/maps/search/etablissement+wellness+Saint-Maurice-l'Exil%2BFrance/,traité (2026-08-22 18:07)
https://www.google.com/maps/search/etablissement+wellness+Saint-Maurice-la-Clouère%2BFrance/,traité (2026-08-22 18:07)
https://www.google.com/maps/search/etablissement+wellness+Saint-Maurice-la-Souterraine%2BFrance/,traité (2026-08-22 18:07)
https://www.google.com/maps/search/etablissement+wellness+Saint-Maurice-le-Girard%2BFrance/,traité (2026-08-22 18:07)
https://www.google.com/maps/search/etablissement+wellness+Saint-Maurice-le-Vieil%2BFrance/,traité (2026-08-22 18:07)
https://www.google.com/maps/search/etablissement+wellness+Saint-Maurice-les-Brousses%2BFrance/,traité (2026-08-22 18:08)
https://www.google.com/maps/search/etablissement+wellness+Saint-Maurice-lès-Châteauneuf%2BFrance/,traité (2026-08-22 18:10)
https://www.google.com/maps/search/etablissement+wellness+Saint-Maurice-lès-Couches%2BFrance/,traité (2026-08-22 18:10)
https://www.google.com/maps/search/etablissement+wellness+Saint-Maurice-Montcouronne%2BFrance/,traité (2026-08-22 18:10)
https://www.google.com/maps/search/etablissement+wellness+Saint-Maurice-Navacelles%2BFrance/,traité (2026-08-22 18:10)
https://www.google.com/maps/search/etablissement+wellness+Saint-Maurice-près-Crocq%2BFrance/,traité (2026-08-22 18:10)
https://www.google.com/maps/search/etablissement+wellness+Saint-Maurice-près-Pionsat%2BFrance/,traité (2026-08-22 18:11)
https://www.google.com/maps/search/etablissement+wellness+Saint-Maurice-Saint-Germain%2BFrance/,traité (2026-08-22 18:11)
https://www.google.com/maps/search/etablissement+wellness+Saint-Maurice-sous-les-Côtes%2BFrance/,traité (2026-08-22 18:12)
https://www.google.com/maps/search/etablissement+wellness+Saint-Maurice-sur-Adour%2BFrance/,traité (2026-08-22 18:12)
https://www.google.com/maps/search/etablissement+wellness+Saint-Maurice-sur-Aveyron%2BFrance/,traité (2026-08-22 18:14)
https://www.google.com/maps/search/etablissement+wellness+Saint-Maurice-sur-Eygues%2BFrance/,traité (2026-08-22 18:14)
https://www.google.com/maps/search/etablissement+wellness+Saint-Maurice-sur-Fessard%2BFrance/,traité (2026-08-22 18:14)
https://www.google.com/maps/search/etablissement+wellness+Saint-Maurice-sur-Mortagne%2BFrance/,traité (2026-08-22 18:14)
https://www.google.com/maps/search/etablissement+wellness+Saint-Maurice-sur-Moselle%2BFrance/,traité (2026-08-22 18:14)
https://www.google.com/maps/search/etablissement+wellness+Saint-Maurice-sur-Vingeanne%2BFrance/,traité (2026-08-22 18:14)
https://www.google.com/maps/search/etablissement+wellness+Saint-Maurice-Thizouaille%2BFrance/,traité (2026-08-22 18:15)
https://www.google.com/maps/search/etablissement+wellness+Saint-Maurin%2BFrance/,traité (2026-08-22 18:15)
https://www.google.com/maps/search/etablissement+wellness+Saint-Max%2BFrance/,traité (2026-08-22 18:18)
https://www.google.com/maps/search/etablissement+wellness+Saint-Maxent%2BFrance/,traité (2026-08-22 18:18)
https://www.google.com/maps/search/etablissement+wellness+Saint-Maximin%2BFrance/,traité (2026-08-22 18:18)
https://www.google.com/maps/search/etablissement+wellness+Saint-Maximin%2BFrance/,traité (2026-08-22 18:18)
https://www.google.com/maps/search/etablissement+wellness+Saint-Maximin%2BFrance/,traité (2026-08-22 18:18)
https://www.google.com/maps/search/etablissement+wellness+Saint-Maximin-la-Sainte-Baume%2BFrance/,traité (2026-08-22 18:18)
https://www.google.com/maps/search/etablissement+wellness+Saint-Maxire%2BFrance/,traité (2026-08-22 18:19)
https://www.google.com/maps/search/etablissement+wellness+Saint-May%2BFrance/,traité (2026-08-22 18:20)
https://www.google.com/maps/search/etablissement+wellness+Saint-Mayeux%2BFrance/,traité (2026-08-22 18:22)
https://www.google.com/maps/search/etablissement+wellness+Saint-Méard%2BFrance/,traité (2026-08-22 18:22)
https://www.google.com/maps/search/etablissement+wellness+Saint-Méard-de-Drône%2BFrance/,traité (2026-08-22 18:22)
https://www.google.com/maps/search/etablissement+wellness+Saint-Méard-de-Gurçon%2BFrance/,traité (2026-08-22 18:22)
https://www.google.com/maps/search/etablissement+wellness+Saint-Médard%2BFrance/,traité (2026-08-22 18:26)
https://www.google.com/maps/search/etablissement+wellness+Saint-Médard%2BFrance/,traité (2026-08-22 18:26)
https://www.google.com/maps/search/etablissement+wellness+Saint-Médard%2BFrance/,traité (2026-08-22 18:26)
https://www.google.com/maps/search/etablissement+wellness+Saint-Médard%2BFrance/,traité (2026-08-22 18:26)
https://www.google.com/maps/search/etablissement+wellness+Saint-Médard%2BFrance/,traité (2026-08-22 18:26)
https://www.google.com/maps/search/etablissement+wellness+Saint-Médard%2BFrance/,traité (2026-08-22 18:26)
https://www.google.com/maps/search/etablissement+wellness+Saint-Médard%2BFrance/,traité (2026-08-22 18:26)
https://www.google.com/maps/search/etablissement+wellness+Saint-Médard%2BFrance/,traité (2026-08-22 18:26)
https://www.google.com/maps/search/etablissement+wellness+Saint-Médard%2BFrance/,traité (2026-08-22 18:26)
https://www.google.com/maps/search/etablissement+wellness+Saint-Médard-d'Aunis%2BFrance/,traité (2026-08-22 18:26)
https://www.google.com/maps/search/etablissement+wellness+Saint-Médard-d'Excideuil%2BFrance/,traité (2026-08-22 18:26)
https://www.google.com/maps/search/etablissement+wellness+Saint-Médard-d'Eyrans%2BFrance/,traité (2026-08-22 18:26)
https://www.google.com/maps/search/etablissement+wellness+Saint-Médard-de-Guizières%2BFrance/,traité (2026-08-22 18:27)
https://www.google.com/maps/search/etablissement+wellness+Saint-Médard-de-Mussidan%2BFrance/,traité (2026-08-22 18:29)
https://www.google.com/maps/search/etablissement+wellness+Saint-Médard-de-Presque%2BFrance/,traité (2026-08-22 18:29)
https://www.google.com/maps/search/etablissement+wellness+Saint-Médard-en-Forez%2BFrance/,traité (2026-08-22 18:29)
https://www.google.com/maps/search/etablissement+wellness+Saint-Médard-en-Jalles%2BFrance/,traité (2026-08-22 18:29)
https://www.google.com/maps/search/etablissement+wellness+Saint-Médard-la-Rochette%2BFrance/,traité (2026-08-22 18:29)
https://www.google.com/maps/search/etablissement+wellness+Saint-Médard-Nicourby%2BFrance/,traité (2026-08-22 18:30)
https://www.google.com/maps/search/etablissement+wellness+Saint-Médard-sur-Ille%2BFrance/,traité (2026-08-22 18:30)
https://www.google.com/maps/search/etablissement+wellness+Saint-Méen%2BFrance/,traité (2026-08-22 18:30)
https://www.google.com/maps/search/etablissement+wellness+Saint-Méen-le-Grand%2BFrance/,traité (2026-08-22 18:33)
https://www.google.com/maps/search/etablissement+wellness+Saint-Melaine-sur-Aubance%2BFrance/,traité (2026-08-22 18:33)
https://www.google.com/maps/search/etablissement+wellness+Saint-Mélany%2BFrance/,traité (2026-08-22 18:33)
https://www.google.com/maps/search/etablissement+wellness+Saint-Méloir-des-Bois%2BFrance/,traité (2026-08-22 18:33)
https://www.google.com/maps/search/etablissement+wellness+Saint-Méloir-des-Ondes%2BFrance/,traité (2026-08-22 18:33)
https://www.google.com/maps/search/etablissement+wellness+Saint-Même-les-Carrières%2BFrance/,traité (2026-08-22 18:33)
https://www.google.com/maps/search/etablissement+wellness+Saint-Memmie%2BFrance/,traité (2026-08-22 18:34)
https://www.google.com/maps/search/etablissement+wellness+Saint-Menge%2BFrance/,traité (2026-08-22 18:34)
https://www.google.com/maps/search/etablissement+wellness+Saint-Menges%2BFrance/,traité (2026-08-22 18:37)
https://www.google.com/maps/search/etablissement+wellness+Saint-Menoux%2BFrance/,traité (2026-08-22 18:37)
https://www.google.com/maps/search/etablissement+wellness+Saint-Merd-de-Lapleau%2BFrance/,traité (2026-08-22 18:37)
https://www.google.com/maps/search/etablissement+wellness+Saint-Merd-la-Breuille%2BFrance/,échec (2026-08-22 18:37)
https://www.google.com/maps/search/etablissement+wellness+Saint-Merd-les-Oussines%2BFrance/,traité (2026-08-22 18:37)
https://www.google.com/maps/search/etablissement+wellness+Saint-Méry%2BFrance/,traité (2026-08-22 18:38)
https://www.google.com/maps/search/etablissement+wellness+Saint-Meslin-du-Bosc%2BFrance/,traité (2026-08-22 18:38)
https://www.google.com/maps/search/etablissement+wellness+Saint-Mesmes%2BFrance/,traité (2026-08-22 18:38)
https://www.google.com/maps/search/etablissement+wellness+Saint-Mesmin%2BFrance/,traité (2026-08-22 18:41)
https://www.google.com/maps/search/etablissement+wellness+Saint-Mesmin%2BFrance/,traité (2026-08-22 18:41)
https://www.google.com/maps/search/etablissement+wellness+Saint-Mesmin%2BFrance/,traité (2026-08-22 18:41)
https://www.google.com/maps/search/etablissement+wellness+Saint-Mesmin%2BFrance/,traité (2026-08-22 18:41)
https://www.google.com/maps/search/etablissement+wellness+Saint-Mexant%2BFrance/,traité (2026-08-22 18:41)
https://www.google.com/maps/search/etablissement+wellness+Saint-Mézard%2BFrance/,traité (2026-08-22 18:42)
https://www.google.com/maps/search/etablissement+wellness+Saint-Micaud%2BFrance/,traité (2026-08-22 18:42)
https://www.google.com/maps/search/etablissement+wellness+Saint-Michel%2BFrance/,traité (2026-08-22 18:46)
https://www.google.com/maps/search/etablissement+wellness+Saint-Michel%2BFrance/,traité (2026-08-22 18:46)
https://www.google.com/maps/search/etablissement+wellness+Saint-Michel%2BFrance/,traité (2026-08-22 18:46)
https://www.google.com/maps/search/etablissement+wellness+Saint-Michel%2BFrance/,traité (2026-08-22 18:46)
https://www.google.com/maps/search/etablissement+wellness+Saint-Michel%2BFrance/,traité (2026-08-22 18:46)
https://www.google.com/maps/search/etablissement+wellness+Saint-Michel%2BFrance/,traité (2026-08-22 18:46)
https://www.google.com/maps/search/etablissement+wellness+Saint-Michel%2BFrance/,traité (2026-08-22 18:46)
https://www.google.com/maps/search/etablissement+wellness+Saint-Michel%2BFrance/,traité (2026-08-22 18:46)
https://www.google.com/maps/search/etablissement+wellness+Saint-Michel%2BFrance/,traité (2026-08-22 18:46)
https://www.google.com/maps/search/etablissement+wellness+Saint-Michel-Chef-Chef%2BFrance/,traité (2026-08-22 18:46)
https://www.google.com/maps/search/etablissement+wellness+Saint-Michel-d'Aurance%2BFrance/,traité (2026-08-22 18:47)
https://www.google.com/maps/search/etablissement+wellness+Saint-Michel-d'Euzet%2BFrance/,traité (2026-08-22 18:49)
https://www.google.com/maps/search/etablissement+wellness+Saint-Michel-d'Halescourt%2BFrance/,traité (2026-08-22 18:49)
https://www.google.com/maps/search/etablissement+wellness+Saint-Michel-de-Bannières%2BFrance/,traité (2026-08-22 18:49)
https://www.google.com/maps/search/etablissement+wellness+Saint-Michel-de-Boulogne%2BFrance/,traité (2026-08-22 18:49)
https://www.google.com/maps/search/etablissement+wellness+Saint-Michel-de-Castelnau%2BFrance/,traité (2026-08-22 18:49)
https://www.google.com/maps/search/etablissement+wellness+Saint-Michel-de-Chabrillanoux%2BFrance/,traité (2026-08-22 18:49)
https://www.google.com/maps/search/etablissement+wellness+Saint-Michel-de-Chaillol%2BFrance/,traité (2026-08-22 18:50)
https://www.google.com/maps/search/etablissement+wellness+Saint-Michel-de-Chavaignes%2BFrance/,traité (2026-08-22 18:50)
https://www.google.com/maps/search/etablissement+wellness+Saint-Michel-de-Dèze%2BFrance/,traité (2026-08-22 18:53)
https://www.google.com/maps/search/etablissement+wellness+Saint-Michel-de-Double%2BFrance/,traité (2026-08-22 18:53)
https://www.google.com/maps/search/etablissement+wellness+Saint-Michel-de-Feins%2BFrance/,traité (2026-08-22 18:53)
https://www.google.com/maps/search/etablissement+wellness+Saint-Michel-de-Fronsac%2BFrance/,traité (2026-08-22 18:53)
https://www.google.com/maps/search/etablissement+wellness+Saint-Michel-de-la-Pierre%2BFrance/,traité (2026-08-22 18:53)
https://www.google.com/maps/search/etablissement+wellness+Saint-Michel-de-la-Roë%2BFrance/,traité (2026-08-22 18:53)
https://www.google.com/maps/search/etablissement+wellness+Saint-Michel-de-Lanès%2BFrance/,traité (2026-08-22 18:53)
https://www.google.com/maps/search/etablissement+wellness+Saint-Michel-de-Lapujade%2BFrance/,traité (2026-08-22 18:54)
https://www.google.com/maps/search/etablissement+wellness+Saint-Michel-de-Llotes%2BFrance/,traité (2026-08-22 18:56)
https://www.google.com/maps/search/etablissement+wellness+Saint-Michel-de-Maurienne%2BFrance/,traité (2026-08-22 18:56)
https://www.google.com/maps/search/etablissement+wellness+Saint-Michel-de-Montaigne%2BFrance/,traité (2026-08-22 18:56)
https://www.google.com/maps/search/etablissement+wellness+Saint-Michel-de-Montjoie%2BFrance/,traité (2026-08-22 18:56)
https://www.google.com/maps/search/etablissement+wellness+Saint-Michel-de-Plélan%2BFrance/,traité (2026-08-22 18:56)
https://www.google.com/maps/search/etablissement+wellness+Saint-Michel-de-Rieufret%2BFrance/,traité (2026-08-22 18:57)
https://www.google.com/maps/search/etablissement+wellness+Saint-Michel-de-Saint-Geoirs%2BFrance/,traité (2026-08-22 18:57)
https://www.google.com/maps/search/etablissement+wellness+Saint-Michel-de-Vax%2BFrance/,traité (2026-08-22 18:58)
https://www.google.com/maps/search/etablissement+wellness+Saint-Michel-de-Veisse%2BFrance/,traité (2026-08-22 18:58)
https://www.google.com/maps/search/etablissement+wellness+Saint-Michel-de-Villadeix%2BFrance/,traité (2026-08-22 19:00)
https://www.google.com/maps/search/etablissement+wellness+Saint-Michel-de-Volangis%2BFrance/,traité (2026-08-22 19:00)
https://www.google.com/maps/search/etablissement+wellness+Saint-Michel-en-Beaumont%2BFrance/,traité (2026-08-22 19:00)
https://www.google.com/maps/search/etablissement+wellness+Saint-Michel-en-Brenne%2BFrance/,traité (2026-08-22 19:00)
https://www.google.com/maps/search/etablissement+wellness+Saint-Michel-en-Grève%2BFrance/,traité (2026-08-22 19:01)
https://www.google.com/maps/search/etablissement+wellness+Saint-Michel-en-l'Herm%2BFrance/,traité (2026-08-22 19:01)
https://www.google.com/maps/search/etablissement+wellness+Saint-Michel-Escalus%2BFrance/,traité (2026-08-22 19:02)
https://www.google.com/maps/search/etablissement+wellness+Saint-Michel-et-Chanveaux%2BFrance/,traité (2026-08-22 19:02)
https://www.google.com/maps/search/etablissement+wellness+Saint-Michel-l'Observatoire%2BFrance/,traité (2026-08-22 19:04)
https://www.google.com/maps/search/etablissement+wellness+Saint-Michel-Labadié%2BFrance/,traité (2026-08-22 19:04)
https://www.google.com/maps/search/etablissement+wellness+Saint-Michel-le-Cloucq%2BFrance/,traité (2026-08-22 19:04)
https://www.google.com/maps/search/etablissement+wellness+Saint-Michel-les-Portes%2BFrance/,traité (2026-08-22 19:04)
https://www.google.com/maps/search/etablissement+wellness+Saint-Michel-Loubéjou%2BFrance/,traité (2026-08-22 19:05)
https://www.google.com/maps/search/etablissement+wellness+Saint-Michel-sous-Bois%2BFrance/,traité (2026-08-22 19:06)
https://www.google.com/maps/search/etablissement+wellness+Saint-Michel-sur-Loire%2BFrance/,traité (2026-08-22 19:06)
https://www.google.com/maps/search/etablissement+wellness+Saint-Michel-sur-Meurthe%2BFrance/,traité (2026-08-22 19:07)
https://www.google.com/maps/search/etablissement+wellness+Saint-Michel-sur-Orge%2BFrance/,traité (2026-08-22 19:09)
https://www.google.com/maps/search/etablissement+wellness+Saint-Michel-sur-Rhône%2BFrance/,traité (2026-08-22 19:09)
https://www.google.com/maps/search/etablissement+wellness+Saint-Michel-sur-Savasse%2BFrance/,traité (2026-08-22 19:09)
https://www.google.com/maps/search/etablissement+wellness+Saint-Michel-sur-Ternoise%2BFrance/,traité (2026-08-22 19:09)
https://www.google.com/maps/search/etablissement+wellness+Saint-Michel-Tubœuf%2BFrance/,traité (2026-08-22 19:09)
https://www.google.com/maps/search/etablissement+wellness+Saint-Mihiel%2BFrance/,traité (2026-08-22 19:10)
https://www.google.com/maps/search/etablissement+wellness+Saint-Mitre-les-Remparts%2BFrance/,traité (2026-08-22 19:10)
https://www.google.com/maps/search/etablissement+wellness+Saint-Molf%2BFrance/,traité (2026-08-22 19:10)
https://www.google.com/maps/search/etablissement+wellness+Saint-Momelin%2BFrance/,traité (2026-08-22 19:11)
https://www.google.com/maps/search/etablissement+wellness+Saint-Mont%2BFrance/,traité (2026-08-22 19:13)
https://www.google.com/maps/search/etablissement+wellness+Saint-Montan%2BFrance/,traité (2026-08-22 19:13)
https://www.google.com/maps/search/etablissement+wellness+Saint-Moré%2BFrance/,traité (2026-08-22 19:13)
https://www.google.com/maps/search/etablissement+wellness+Saint-Moreil%2BFrance/,traité (2026-08-22 19:13)
https://www.google.com/maps/search/etablissement+wellness+Saint-Morel%2BFrance/,traité (2026-08-22 19:13)
https://www.google.com/maps/search/etablissement+wellness+Saint-Morillon%2BFrance/,traité (2026-08-22 19:13)
https://www.google.com/maps/search/etablissement+wellness+Saint-Mury-Monteymond%2BFrance/,traité (2026-08-22 19:14)
https://www.google.com/maps/search/etablissement+wellness+Saint-Myon%2BFrance/,traité (2026-08-22 19:14)
https://www.google.com/maps/search/etablissement+wellness+Saint-Nabor%2BFrance/,traité (2026-08-22 19:16)
https://www.google.com/maps/search/etablissement+wellness+Saint-Nabord%2BFrance/,traité (2026-08-22 19:16)
https://www.google.com/maps/search/etablissement+wellness+Saint-Nabord-sur-Aube%2BFrance/,traité (2026-08-22 19:16)
https://www.google.com/maps/search/etablissement+wellness+Saint-Nauphary%2BFrance/,traité (2026-08-22 19:16)
https://www.google.com/maps/search/etablissement+wellness+Saint-Nazaire%2BFrance/,traité (2026-08-22 19:17)
https://www.google.com/maps/search/etablissement+wellness+Saint-Nazaire%2BFrance/,traité (2026-08-22 19:17)
https://www.google.com/maps/search/etablissement+wellness+Saint-Nazaire%2BFrance/,traité (2026-08-22 19:17)
https://www.google.com/maps/search/etablissement+wellness+Saint-Nazaire-d'Aude%2BFrance/,traité (2026-08-22 20:22)
https://www.google.com/maps/search/etablissement+wellness+Saint-Nazaire-de-Ladarez%2BFrance/,traité (2026-08-22 20:22)
https://www.google.com/maps/search/etablissement+wellness+Saint-Nazaire-de-Pézan%2BFrance/,traité (2026-08-22 20:22)
https://www.google.com/maps/search/etablissement+wellness+Saint-Nazaire-de-Valentane%2BFrance/,traité (2026-08-22 20:22)
https://www.google.com/maps/search/etablissement+wellness+Saint-Nazaire-des-Gardies%2BFrance/,traité (2026-08-22 20:22)
https://www.google.com/maps/search/etablissement+wellness+Saint-Nazaire-en-Royans%2BFrance/,traité (2026-08-22 20:23)
https://www.google.com/maps/search/etablissement+wellness+Saint-Nazaire-le-Désert%2BFrance/,traité (2026-08-22 20:23)
https://www.google.com/maps/search/etablissement+wellness+Saint-Nazaire-les-Eymes%2BFrance/,traité (2026-08-22 20:23)
https://www.google.com/maps/search/etablissement+wellness+Saint-Nazaire-sur-Charente%2BFrance/,traité (2026-08-22 20:24)
https://www.google.com/maps/search/etablissement+wellness+Saint-Nectaire%2BFrance/,traité (2026-08-22 20:26)
https://www.google.com/maps/search/etablissement+wellness+Saint-Nexans%2BFrance/,traité (2026-08-22 20:26)
https://www.google.com/maps/search/etablissement+wellness+Saint-Nic%2BFrance/,traité (2026-08-22 20:26)
https://www.google.com/maps/search/etablissement+wellness+Saint-Nicodème%2BFrance/,traité (2026-08-22 20:26)
https://www.google.com/maps/search/etablissement+wellness+Saint-Nicolas%2BFrance/,traité (2026-08-22 20:26)
https://www.google.com/maps/search/etablissement+wellness+Saint-Nicolas-aux-Bois%2BFrance/,traité (2026-08-22 20:26)
https://www.google.com/maps/search/etablissement+wellness+Saint-Nicolas-d'Aliermont%2BFrance/,traité (2026-08-22 20:26)
https://www.google.com/maps/search/etablissement+wellness+Saint-Nicolas-de-Bourgueil%2BFrance/,traité (2026-08-22 20:27)
https://www.google.com/maps/search/etablissement+wellness+Saint-Nicolas-de-la-Balerme%2BFrance/,traité (2026-08-22 20:27)
https://www.google.com/maps/search/etablissement+wellness+Saint-Nicolas-de-la-Grave%2BFrance/,traité (2026-08-22 20:28)
https://www.google.com/maps/search/etablissement+wellness+Saint-Nicolas-de-la-Haie%2BFrance/,traité (2026-08-22 20:30)
https://www.google.com/maps/search/etablissement+wellness+Saint-Nicolas-de-la-Taille%2BFrance/,traité (2026-08-22 20:30)
https://www.google.com/maps/search/etablissement+wellness+Saint-Nicolas-de-Macherin%2BFrance/,traité (2026-08-22 20:30)
https://www.google.com/maps/search/etablissement+wellness+Saint-Nicolas-de-Pierrepont%2BFrance/,traité (2026-08-22 20:30)
https://www.google.com/maps/search/etablissement+wellness+Saint-Nicolas-de-Port%2BFrance/,traité (2026-08-22 20:30)
https://www.google.com/maps/search/etablissement+wellness+Saint-Nicolas-de-Redon%2BFrance/,traité (2026-08-22 20:30)
https://www.google.com/maps/search/etablissement+wellness+Saint-Nicolas-de-Sommaire%2BFrance/,traité (2026-08-22 20:30)
https://www.google.com/maps/search/etablissement+wellness+Saint-Nicolas-des-Biefs%2BFrance/,traité (2026-08-22 20:30)
https://www.google.com/maps/search/etablissement+wellness+Saint-Nicolas-des-Bois%2BFrance/,traité (2026-08-22 20:31)
https://www.google.com/maps/search/etablissement+wellness+Saint-Nicolas-des-Bois%2BFrance/,traité (2026-08-22 20:31)
https://www.google.com/maps/search/etablissement+wellness+Saint-Nicolas-des-Motets%2BFrance/,traité (2026-08-22 20:33)
https://www.google.com/maps/search/etablissement+wellness+Saint-Nicolas-du-Pélem%2BFrance/,traité (2026-08-22 20:33)
https://www.google.com/maps/search/etablissement+wellness+Saint-Nicolas-du-Tertre%2BFrance/,traité (2026-08-22 20:34)
https://www.google.com/maps/search/etablissement+wellness+Saint-Nicolas-la-Chapelle%2BFrance/,traité (2026-08-22 20:34)
https://www.google.com/maps/search/etablissement+wellness+Saint-Nicolas-la-Chapelle%2BFrance/,traité (2026-08-22 20:34)
https://www.google.com/maps/search/etablissement+wellness+Saint-Nicolas-lès-Cîteaux%2BFrance/,traité (2026-08-22 20:34)
https://www.google.com/maps/search/etablissement+wellness+Saint-Nizier-d'Azergues%2BFrance/,traité (2026-08-22 20:34)
https://www.google.com/maps/search/etablissement+wellness+Saint-Nizier-de-Fornas%2BFrance/,traité (2026-08-22 20:34)
https://www.google.com/maps/search/etablissement+wellness+Saint-Nizier-du-Moucherotte%2BFrance/,traité (2026-08-22 20:35)
https://www.google.com/maps/search/etablissement+wellness+Saint-Nizier-le-Bouchoux%2BFrance/,traité (2026-08-22 20:35)
https://www.google.com/maps/search/etablissement+wellness+Saint-Nizier-le-Désert%2BFrance/,traité (2026-08-22 20:37)
https://www.google.com/maps/search/etablissement+wellness+Saint-Nizier-sous-Charlieu%2BFrance/,traité (2026-08-22 20:37)
https://www.google.com/maps/search/etablissement+wellness+Saint-Nizier-sur-Arroux%2BFrance/,traité (2026-08-22 20:37)
https://www.google.com/maps/search/etablissement+wellness+Saint-Nolff%2BFrance/,traité (2026-08-22 20:37)
https://www.google.com/maps/search/etablissement+wellness+Saint-Nom-la-Bretèche%2BFrance/,traité (2026-08-22 20:37)
https://www.google.com/maps/search/etablissement+wellness+Saint-Offenge%2BFrance/,traité (2026-08-22 20:37)
https://www.google.com/maps/search/etablissement+wellness+Saint-Omer%2BFrance/,traité (2026-08-22 20:38)
https://www.google.com/maps/search/etablissement+wellness+Saint-Omer%2BFrance/,traité (2026-08-22 20:38)
https://www.google.com/maps/search/etablissement+wellness+Saint-Omer-Capelle%2BFrance/,traité (2026-08-22 20:39)
https://www.google.com/maps/search/etablissement+wellness+Saint-Omer-en-Chaussée%2BFrance/,traité (2026-08-22 20:39)
https://www.google.com/maps/search/etablissement+wellness+Saint-Ondras%2BFrance/,traité (2026-08-22 20:41)
https://www.google.com/maps/search/etablissement+wellness+Saint-Onen-la-Chapelle%2BFrance/,traité (2026-08-22 20:41)
https://www.google.com/maps/search/etablissement+wellness+Saint-Oradoux-de-Chirouze%2BFrance/,traité (2026-08-22 20:41)
https://www.google.com/maps/search/etablissement+wellness+Saint-Oradoux-près-Crocq%2BFrance/,traité (2026-08-22 20:41)
https://www.google.com/maps/search/etablissement+wellness+Saint-Orens%2BFrance/,traité (2026-08-22 20:41)
https://www.google.com/maps/search/etablissement+wellness+Saint-Orens-de-Gameville%2BFrance/,traité (2026-08-22 20:41)
https://www.google.com/maps/search/etablissement+wellness+Saint-Orens-Pouy-Petit%2BFrance/,traité (2026-08-22 20:41)
https://www.google.com/maps/search/etablissement+wellness+Saint-Ost%2BFrance/,traité (2026-08-22 20:42)
https://www.google.com/maps/search/etablissement+wellness+Saint-Ouen%2BFrance/,traité (2026-08-22 20:45)
https://www.google.com/maps/search/etablissement+wellness+Saint-Ouen%2BFrance/,traité (2026-08-22 20:45)
https://www.google.com/maps/search/etablissement+wellness+Saint-Ouen%2BFrance/,traité (2026-08-22 20:45)
https://www.google.com/maps/search/etablissement+wellness+Saint-Ouen-d'Aunis%2BFrance/,traité (2026-08-22 20:45)
https://www.google.com/maps/search/etablissement+wellness+Saint-Ouen-de-la-Cour%2BFrance/,traité (2026-08-22 20:45)
https://www.google.com/maps/search/etablissement+wellness+Saint-Ouen-de-Mimbré%2BFrance/,traité (2026-08-22 20:45)
https://www.google.com/maps/search/etablissement+wellness+Saint-Ouen-de-Pontcheuil%2BFrance/,traité (2026-08-22 20:45)
https://www.google.com/maps/search/etablissement+wellness+Saint-Ouen-de-Sécherouvre%2BFrance/,traité (2026-08-22 20:45)
https://www.google.com/maps/search/etablissement+wellness+Saint-Ouen-de-Thouberville%2BFrance/,traité (2026-08-22 20:46)
https://www.google.com/maps/search/etablissement+wellness+Saint-Ouen-des-Alleux%2BFrance/,traité (2026-08-22 20:47)
https://www.google.com/maps/search/etablissement+wellness+Saint-Ouen-des-Champs%2BFrance/,traité (2026-08-22 20:47)
https://www.google.com/maps/search/etablissement+wellness+Saint-Ouën-des-Toits%2BFrance/,traité (2026-08-22 21:55)
https://www.google.com/maps/search/etablissement+wellness+Saint-Ouën-des-Vallons%2BFrance/,traité (2026-08-22 21:57)
https://www.google.com/maps/search/etablissement+wellness+Saint-Ouen-Domprot%2BFrance/,traité (2026-08-22 21:57)
https://www.google.com/maps/search/etablissement+wellness+Saint-Ouen-du-Breuil%2BFrance/,traité (2026-08-22 21:57)
https://www.google.com/maps/search/etablissement+wellness+Saint-Ouen-du-Mesnil-Oger%2BFrance/,traité (2026-08-22 21:57)
https://www.google.com/maps/search/etablissement+wellness+Saint-Ouen-du-Tilleul%2BFrance/,traité (2026-08-22 21:57)
https://www.google.com/maps/search/etablissement+wellness+Saint-Ouen-en-Belin%2BFrance/,traité (2026-08-22 21:58)
https://www.google.com/maps/search/etablissement+wellness+Saint-Ouen-en-Brie%2BFrance/,traité (2026-08-22 21:58)
https://www.google.com/maps/search/etablissement+wellness+Saint-Ouen-en-Champagne%2BFrance/,traité (2026-08-22 21:59)
https://www.google.com/maps/search/etablissement+wellness+Saint-Ouen-l'Aumône%2BFrance/,traité (2026-08-22 21:59)
https://www.google.com/maps/search/etablissement+wellness+Saint-Ouen-la-Rouërie%2BFrance/,traité (2026-08-22 21:59)
https://www.google.com/maps/search/etablissement+wellness+Saint-Ouen-la-Thène%2BFrance/,traité (2026-08-22 22:02)
https://www.google.com/maps/search/etablissement+wellness+Saint-Ouen-le-Brisoult%2BFrance/,traité (2026-08-22 22:02)
https://www.google.com/maps/search/etablissement+wellness+Saint-Ouen-le-Mauger%2BFrance/,traité (2026-08-22 22:02)
https://www.google.com/maps/search/etablissement+wellness+Saint-Ouen-le-Pin%2BFrance/,traité (2026-08-22 22:02)
https://www.google.com/maps/search/etablissement+wellness+Saint-Ouen-lès-Parey%2BFrance/,traité (2026-08-22 22:02)
https://www.google.com/maps/search/etablissement+wellness+Saint-Ouen-les-Vignes%2BFrance/,traité (2026-08-22 22:02)
https://www.google.com/maps/search/etablissement+wellness+Saint-Ouen-Marchefroy%2BFrance/,traité (2026-08-22 22:02)
https://www.google.com/maps/search/etablissement+wellness+Saint-Ouen-sous-Bailly%2BFrance/,traité (2026-08-22 22:03)
https://www.google.com/maps/search/etablissement+wellness+Saint-Ouen-sur-Gartempe%2BFrance/,traité (2026-08-22 22:03)
https://www.google.com/maps/search/etablissement+wellness+Saint-Ouen-sur-Iton%2BFrance/,traité (2026-08-22 22:04)
https://www.google.com/maps/search/etablissement+wellness+Saint-Ouen-sur-Loire%2BFrance/,traité (2026-08-22 22:06)
https://www.google.com/maps/search/etablissement+wellness+Saint-Ouen-sur-Morin%2BFrance/,traité (2026-08-22 22:06)
https://www.google.com/maps/search/etablissement+wellness+Saint-Oulph%2BFrance/,traité (2026-08-22 22:06)
https://www.google.com/maps/search/etablissement+wellness+Saint-Ours%2BFrance/,traité (2026-08-22 22:06)
https://www.google.com/maps/search/etablissement+wellness+Saint-Ours%2BFrance/,traité (2026-08-22 22:06)
https://www.google.com/maps/search/etablissement+wellness+Saint-Outrille%2BFrance/,traité (2026-08-22 22:06)
https://www.google.com/maps/search/etablissement+wellness+Saint-Ovin%2BFrance/,traité (2026-08-22 22:07)
https://www.google.com/maps/search/etablissement+wellness+Saint-Oyen%2BFrance/,traité (2026-08-22 22:07)
https://www.google.com/maps/search/etablissement+wellness+Saint-Pabu%2BFrance/,traité (2026-08-22 22:07)
https://www.google.com/maps/search/etablissement+wellness+Saint-Paër%2BFrance/,traité (2026-08-22 22:08)
https://www.google.com/maps/search/etablissement+wellness+Saint-Pair%2BFrance/,traité (2026-08-22 22:10)
https://www.google.com/maps/search/etablissement+wellness+Saint-Pair-sur-Mer%2BFrance/,traité (2026-08-22 22:10)
https://www.google.com/maps/search/etablissement+wellness+Saint-Pal-de-Chalencon%2BFrance/,traité (2026-08-22 22:10)
https://www.google.com/maps/search/etablissement+wellness+Saint-Pal-de-Mons%2BFrance/,traité (2026-08-22 22:10)
https://www.google.com/maps/search/etablissement+wellness+Saint-Pal-de-Senouire%2BFrance/,traité (2026-08-22 22:10)
https://www.google.com/maps/search/etablissement+wellness+Saint-Palais%2BFrance/,traité (2026-08-22 22:11)
https://www.google.com/maps/search/etablissement+wellness+Saint-Palais%2BFrance/,traité (2026-08-22 22:11)
https://www.google.com/maps/search/etablissement+wellness+Saint-Palais%2BFrance/,traité (2026-08-22 22:11)
https://www.google.com/maps/search/etablissement+wellness+Saint-Palais%2BFrance/,traité (2026-08-22 22:11)
https://www.google.com/maps/search/etablissement+wellness+Saint-Palais-de-Négrignac%2BFrance/,traité (2026-08-22 22:12)
https://www.google.com/maps/search/etablissement+wellness+Saint-Palais-de-Phiolin%2BFrance/,traité (2026-08-22 22:14)
https://www.google.com/maps/search/etablissement+wellness+Saint-Palais-du-Né%2BFrance/,traité (2026-08-22 22:14)
https://www.google.com/maps/search/etablissement+wellness+Saint-Palais-sur-Mer%2BFrance/,traité (2026-08-22 22:14)
https://www.google.com/maps/search/etablissement+wellness+Saint-Pancrace%2BFrance/,traité (2026-08-22 22:14)
https://www.google.com/maps/search/etablissement+wellness+Saint-Pancrace%2BFrance/,traité (2026-08-22 22:14)
https://www.google.com/maps/search/etablissement+wellness+Saint-Pancrasse%2BFrance/,traité (2026-08-22 22:15)
https://www.google.com/maps/search/etablissement+wellness+Saint-Pancré%2BFrance/,traité (2026-08-22 22:15)
https://www.google.com/maps/search/etablissement+wellness+Saint-Pandelon%2BFrance/,traité (2026-08-22 22:15)
https://www.google.com/maps/search/etablissement+wellness+Saint-Pantaléon%2BFrance/,traité (2026-08-22 22:16)
https://www.google.com/maps/search/etablissement+wellness+Saint-Pantaléon%2BFrance/,traité (2026-08-22 22:16)
https://www.google.com/maps/search/etablissement+wellness+Saint-Pantaléon-de-Lapleau%2BFrance/,traité (2026-08-22 22:24)
https://www.google.com/maps/search/etablissement+wellness+Saint-Pantaléon-de-Larche%2BFrance/,traité (2026-08-22 22:24)
https://www.google.com/maps/search/etablissement+wellness+Saint-Pantaléon-les-Vignes%2BFrance/,traité (2026-08-22 22:24)
https://www.google.com/maps/search/etablissement+wellness+Saint-Pantaly-d'Ans%2BFrance/,traité (2026-08-22 22:24)
https://www.google.com/maps/search/etablissement+wellness+Saint-Pantaly-d'Excideuil%2BFrance/,traité (2026-08-22 22:24)
https://www.google.com/maps/search/etablissement+wellness+Saint-Papoul%2BFrance/,traité (2026-08-22 22:25)
https://www.google.com/maps/search/etablissement+wellness+Saint-Pardon-de-Conques%2BFrance/,traité (2026-08-22 22:25)
https://www.google.com/maps/search/etablissement+wellness+Saint-Pardoult%2BFrance/,traité (2026-08-22 22:25)
https://www.google.com/maps/search/etablissement+wellness+Saint-Pardoux%2BFrance/,traité (2026-08-22 22:28)
https://www.google.com/maps/search/etablissement+wellness+Saint-Pardoux%2BFrance/,traité (2026-08-22 22:28)
https://www.google.com/maps/search/etablissement+wellness+Saint-Pardoux%2BFrance/,traité (2026-08-22 22:28)
https://www.google.com/maps/search/etablissement+wellness+Saint-Pardoux-Corbier%2BFrance/,traité (2026-08-22 22:28)
https://www.google.com/maps/search/etablissement+wellness+Saint-Pardoux-d'Arnet%2BFrance/,traité (2026-08-22 22:28)
https://www.google.com/maps/search/etablissement+wellness+Saint-Pardoux-de-Drône%2BFrance/,traité (2026-08-22 22:28)
https://www.google.com/maps/search/etablissement+wellness+Saint-Pardoux-du-Breuil%2BFrance/,traité (2026-08-22 22:28)
https://www.google.com/maps/search/etablissement+wellness+Saint-Pardoux-et-Vielvic%2BFrance/,traité (2026-08-22 22:28)
https://www.google.com/maps/search/etablissement+wellness+Saint-Pardoux-Isaac%2BFrance/,traité (2026-08-22 22:28)
https://www.google.com/maps/search/etablissement+wellness+Saint-Pardoux-l'Ortigier%2BFrance/,traité (2026-08-22 22:28)
https://www.google.com/maps/search/etablissement+wellness+Saint-Pardoux-la-Croisille%2BFrance/,traité (2026-08-22 22:28)
https://www.google.com/maps/search/etablissement+wellness+Saint-Pardoux-la-Rivière%2BFrance/,traité (2026-08-22 22:28)
https://www.google.com/maps/search/etablissement+wellness+Saint-Pardoux-le-Neuf%2BFrance/,traité (2026-08-22 22:28)
https://www.google.com/maps/search/etablissement+wellness+Saint-Pardoux-le-Neuf%2BFrance/,traité (2026-08-22 22:28)
https://www.google.com/maps/search/etablissement+wellness+Saint-Pardoux-le-Vieux%2BFrance/,traité (2026-08-22 22:29)
https://www.google.com/maps/search/etablissement+wellness+Saint-Pardoux-les-Cards%2BFrance/,traité (2026-08-22 22:29)
https://www.google.com/maps/search/etablissement+wellness+Saint-Pardoux-Morterolles%2BFrance/,traité (2026-08-22 22:29)
https://www.google.com/maps/search/etablissement+wellness+Saint-Pargoire%2BFrance/,traité (2026-08-22 22:29)
https://www.google.com/maps/search/etablissement+wellness+Saint-Parize-en-Viry%2BFrance/,traité (2026-08-22 22:32)
https://www.google.com/maps/search/etablissement+wellness+Saint-Parize-le-Châtel%2BFrance/,traité (2026-08-22 22:32)
https://www.google.com/maps/search/etablissement+wellness+Saint-Parres-aux-Tertres%2BFrance/,traité (2026-08-22 22:32)
https://www.google.com/maps/search/etablissement+wellness+Saint-Parres-lès-Vaudes%2BFrance/,traité (2026-08-22 22:32)
https://www.google.com/maps/search/etablissement+wellness+Saint-Parthem%2BFrance/,traité (2026-08-22 22:32)
https://www.google.com/maps/search/etablissement+wellness+Saint-Pastour%2BFrance/,traité (2026-08-22 22:32)
https://www.google.com/maps/search/etablissement+wellness+Saint-Pastous%2BFrance/,traité (2026-08-22 22:32)
https://www.google.com/maps/search/etablissement+wellness+Saint-Paterne - Le Chevain%2BFrance/,traité (2026-08-22 22:32)
https://www.google.com/maps/search/etablissement+wellness+Saint-Paterne-Racan%2BFrance/,traité (2026-08-22 22:32)
https://www.google.com/maps/search/etablissement+wellness+Saint-Pathus%2BFrance/,traité (2026-08-22 22:32)
https://www.google.com/maps/search/etablissement+wellness+Saint-Patrice-de-Claids%2BFrance/,traité (2026-08-22 22:32)
https://www.google.com/maps/search/etablissement+wellness+Saint-Patrice-du-Désert%2BFrance/,traité (2026-08-22 22:32)
https://www.google.com/maps/search/etablissement+wellness+Saint-Paul%2BFrance/,traité (2026-08-22 22:36)
https://www.google.com/maps/search/etablissement+wellness+Saint-Paul%2BFrance/,traité (2026-08-22 22:36)
https://www.google.com/maps/search/etablissement+wellness+Saint-Paul%2BFrance/,traité (2026-08-22 22:36)
https://www.google.com/maps/search/etablissement+wellness+Saint-Paul%2BFrance/,traité (2026-08-22 22:36)
https://www.google.com/maps/search/etablissement+wellness+Saint-Paul%2BFrance/,traité (2026-08-22 22:36)
https://www.google.com/maps/search/etablissement+wellness+Saint-Paul%2BFrance/,traité (2026-08-22 22:36)
https://www.google.com/maps/search/etablissement+wellness+Saint-Paul%2BFrance/,traité (2026-08-22 22:36)
https://www.google.com/maps/search/etablissement+wellness+Saint-Paul%2BFrance/,traité (2026-08-22 22:36)
https://www.google.com/maps/search/etablissement+wellness+Saint-Paul%2BFrance/,traité (2026-08-22 22:36)
https://www.google.com/maps/search/etablissement+wellness+Saint-Paul-aux-Bois%2BFrance/,traité (2026-08-22 22:36)
https://www.google.com/maps/search/etablissement+wellness+Saint-Paul-Cap-de-Joux%2BFrance/,traité (2026-08-22 22:36)
https://www.google.com/maps/search/etablissement+wellness+Saint-Paul-d'Espis%2BFrance/,traité (2026-08-22 22:36)
https://www.google.com/maps/search/etablissement+wellness+Saint-Paul-d'Izeaux%2BFrance/,traité (2026-08-22 22:36)
https://www.google.com/maps/search/etablissement+wellness+Saint-Paul-d'Oueil%2BFrance/,traité (2026-08-22 22:36)
https://www.google.com/maps/search/etablissement+wellness+Saint-Paul-d'Uzore%2BFrance/,traité (2026-08-22 22:36)
https://www.google.com/maps/search/etablissement+wellness+Saint-Paul-de-Baïse%2BFrance/,traité (2026-08-22 22:37)
https://www.google.com/maps/search/etablissement+wellness+Saint-Paul-de-Fenouillet%2BFrance/,traité (2026-08-22 22:37)
https://www.google.com/maps/search/etablissement+wellness+Saint-Paul-de-Fourques%2BFrance/,traité (2026-08-22 22:37)
https://www.google.com/maps/search/etablissement+wellness+Saint-Paul-de-Jarrat%2BFrance/,traité (2026-08-22 22:37)
https://www.google.com/maps/search/etablissement+wellness+Saint-Paul-de-Salers%2BFrance/,traité (2026-08-22 22:38)
https://www.google.com/maps/search/etablissement+wellness+Saint-Paul-de-Serre%2BFrance/,traité (2026-08-22 22:38)
https://www.google.com/maps/search/etablissement+wellness+Saint-Paul-de-Tartas%2BFrance/,traité (2026-08-22 22:40)
https://www.google.com/maps/search/etablissement+wellness+Saint-Paul-de-Varax%2BFrance/,traité (2026-08-22 22:40)
https://www.google.com/maps/search/etablissement+wellness+Saint-Paul-de-Varces%2BFrance/,traité (2026-08-22 22:40)
https://www.google.com/maps/search/etablissement+wellness+Saint-Paul-de-Vence%2BFrance/,traité (2026-08-22 22:40)
https://www.google.com/maps/search/etablissement+wellness+Saint-Paul-de-Vern%2BFrance/,traité (2026-08-22 22:40)
https://www.google.com/maps/search/etablissement+wellness+Saint-Paul-de-Vézelin%2BFrance/,traité (2026-08-22 22:40)
https://www.google.com/maps/search/etablissement+wellness+Saint-Paul-des-Landes%2BFrance/,traité (2026-08-22 22:40)
https://www.google.com/maps/search/etablissement+wellness+Saint-Paul-du-Bois%2BFrance/,traité (2026-08-22 22:40)
https://www.google.com/maps/search/etablissement+wellness+Saint-Paul-du-Vernay%2BFrance/,traité (2026-08-22 22:40)
https://www.google.com/maps/search/etablissement+wellness+Saint-Paul-en-Born%2BFrance/,traité (2026-08-22 22:40)
https://www.google.com/maps/search/etablissement+wellness+Saint-Paul-en-Chablais%2BFrance/,traité (2026-08-22 22:41)
https://www.google.com/maps/search/etablissement+wellness+Saint-Paul-en-Cornillon%2BFrance/,traité (2026-08-22 22:41)
https://www.google.com/maps/search/etablissement+wellness+Saint-Paul-en-Forêt%2BFrance/,traité (2026-08-22 22:41)
https://www.google.com/maps/search/etablissement+wellness+Saint-Paul-en-Gâtine%2BFrance/,traité (2026-08-22 22:42)
https://www.google.com/maps/search/etablissement+wellness+Saint-Paul-en-Jarez%2BFrance/,traité (2026-08-22 22:42)
https://www.google.com/maps/search/etablissement+wellness+Saint-Paul-en-Pareds%2BFrance/,traité (2026-08-22 22:42)
https://www.google.com/maps/search/etablissement+wellness+Saint-Paul-et-Valmalle%2BFrance/,traité (2026-08-22 22:42)
https://www.google.com/maps/search/etablissement+wellness+Saint-Paul-Flaugnac%2BFrance/,traité (2026-08-22 22:42)
https://www.google.com/maps/search/etablissement+wellness+Saint-Paul-la-Coste%2BFrance/,traité (2026-08-22 22:44)
https://www.google.com/maps/search/etablissement+wellness+Saint-Paul-la-Roche%2BFrance/,traité (2026-08-22 22:44)
https://www.google.com/maps/search/etablissement+wellness+Saint-Paul-le-Froid%2BFrance/,traité (2026-08-22 22:44)
https://www.google.com/maps/search/etablissement+wellness+Saint-Paul-le-Gaultier%2BFrance/,traité (2026-08-22 22:44)
https://www.google.com/maps/search/etablissement+wellness+Saint-Paul-le-Jeune%2BFrance/,traité (2026-08-22 22:44)
https://www.google.com/maps/search/etablissement+wellness+Saint-Paul-lès-Dax%2BFrance/,traité (2026-08-22 22:44)
https://www.google.com/maps/search/etablissement+wellness+Saint-Paul-lès-Durance%2BFrance/,traité (2026-08-22 22:45)
https://www.google.com/maps/search/etablissement+wellness+Saint-Paul-les-Fonts%2BFrance/,traité (2026-08-22 22:45)
https://www.google.com/maps/search/etablissement+wellness+Saint-Paul-lès-Monestier%2BFrance/,traité (2026-08-22 22:45)
https://www.google.com/maps/search/etablissement+wellness+Saint-Paul-lès-Romans%2BFrance/,traité (2026-08-22 22:46)
https://www.google.com/maps/search/etablissement+wellness+Saint-Paul-Lizonne%2BFrance/,traité (2026-08-22 22:46)
https://www.google.com/maps/search/etablissement+wellness+Saint-Paul-Mont-Penit%2BFrance/,traité (2026-08-22 22:49)
https://www.google.com/maps/search/etablissement+wellness+Saint-Paul-sur-Isère%2BFrance/,traité (2026-08-22 22:49)
https://www.google.com/maps/search/etablissement+wellness+Saint-Paul-sur-Save%2BFrance/,traité (2026-08-22 22:49)
https://www.google.com/maps/search/etablissement+wellness+Saint-Paul-sur-Ubaye%2BFrance/,traité (2026-08-22 22:49)
https://www.google.com/maps/search/etablissement+wellness+Saint-Paul-Trois-Châteaux%2BFrance/,traité (2026-08-22 22:49)
https://www.google.com/maps/search/etablissement+wellness+Saint-Paulet%2BFrance/,traité (2026-08-22 22:49)
https://www.google.com/maps/search/etablissement+wellness+Saint-Paulet-de-Caisson%2BFrance/,traité (2026-08-22 22:49)
https://www.google.com/maps/search/etablissement+wellness+Saint-Paulien%2BFrance/,traité (2026-08-22 22:49)
https://www.google.com/maps/search/etablissement+wellness+Saint-Pavace%2BFrance/,
https://www.google.com/maps/search/etablissement+wellness+Saint-Pé-d'Ardet%2BFrance/,
https://www.google.com/maps/search/etablissement+wellness+Saint-Pé-de-Bigorre%2BFrance/,
https://www.google.com/maps/search/etablissement+wellness+Saint-Pé-de-Léren%2BFrance/,
https://www.google.com/maps/search/etablissement+wellness+Saint-Pé-Delbosc%2BFrance/,
https://www.google.com/maps/search/etablissement+wellness+Saint-Pé-Saint-Simon%2BFrance/,
https://www.google.com/maps/search/etablissement+wellness+Saint-Pée-sur-Nivelle%2BFrance/,
https://www.google.com/maps/search/etablissement+wellness+Saint-Pellerin%2BFrance/,
https://www.google.com/maps/search/etablissement+wellness+Saint-Pellerin%2BFrance/,
https://www.google.com/maps/search/etablissement+wellness+Saint-Péran%2BFrance/,
https://www.google.com/maps/search/etablissement+wellness+Saint-Péravy-la-Colombe%2BFrance/,
https://www.google.com/maps/search/etablissement+wellness+Saint-Péray%2BFrance/,
https://www.google.com/maps/search/etablissement+wellness+Saint-Perdon%2BFrance/,
https://www.google.com/maps/search/etablissement+wellness+Saint-Perdoux%2BFrance/,
https://www.google.com/maps/search/etablissement+wellness+Saint-Perdoux%2BFrance/,
https://www.google.com/maps/search/etablissement+wellness+Saint-Père%2BFrance/,
https://www.google.com/maps/search/etablissement+wellness+Saint-Père%2BFrance/,
https://www.google.com/maps/search/etablissement+wellness+Saint-Père%2BFrance/,
https://www.google.com/maps/search/etablissement+wellness+Saint-Père-en-Retz%2BFrance/,
https://www.google.com/maps/search/etablissement+wellness+Saint-Père-sur-Loire%2BFrance/,
https://www.google.com/maps/search/etablissement+wellness+Saint-Péreuse%2BFrance/,
https://www.google.com/maps/search/etablissement+wellness+Saint-Pern%2BFrance/,
https://www.google.com/maps/search/etablissement+wellness+Saint-Perreux%2BFrance/,
https://www.google.com/maps/search/etablissement+wellness+Saint-Péver%2BFrance/,
https://www.google.com/maps/search/etablissement+wellness+Saint-Pey-d'Armens%2BFrance/,
https://www.google.com/maps/search/etablissement+wellness+Saint-Pey-de-Castets%2BFrance/,
https://www.google.com/maps/search/etablissement+wellness+Saint-Phal%2BFrance/,
https://www.google.com/maps/search/etablissement+wellness+Saint-Philbert-de-Bouaine%2BFrance/,
https://www.google.com/maps/search/etablissement+wellness+Saint-Philbert-de-Grand-Lieu%2BFrance/,
https://www.google.com/maps/search/etablissement+wellness+Saint-Philbert-des-Champs%2BFrance/,
https://www.google.com/maps/search/etablissement+wellness+Saint-Philbert-du-Peuple%2BFrance/,
https://www.google.com/maps/search/etablissement+wellness+Saint-Philbert-sur-Boissey%2BFrance/,
https://www.google.com/maps/search/etablissement+wellness+Saint-Philbert-sur-Orne%2BFrance/,
https://www.google.com/maps/search/etablissement+wellness+Saint-Philbert-sur-Risle%2BFrance/,
https://www.google.com/maps/search/etablissement+wellness+Saint-Philibert%2BFrance/,
https://www.google.com/maps/search/etablissement+wellness+Saint-Philibert%2BFrance/,
https://www.google.com/maps/search/etablissement+wellness+Saint-Philippe%2BFrance/,
https://www.google.com/maps/search/etablissement+wellness+Saint-Philippe-d'Aiguille%2BFrance/,
https://www.google.com/maps/search/etablissement+wellness+Saint-Philippe-du-Seignal%2BFrance/,
https://www.google.com/maps/search/etablissement+wellness+Saint-Piat%2BFrance/,
https://www.google.com/maps/search/etablissement+wellness+Saint-Pierre%2BFrance/,
https://www.google.com/maps/search/etablissement+wellness+Saint-Pierre%2BFrance/,
https://www.google.com/maps/search/etablissement+wellness+Saint-Pierre%2BFrance/,
https://www.google.com/maps/search/etablissement+wellness+Saint-Pierre%2BFrance/,
https://www.google.com/maps/search/etablissement+wellness+Saint-Pierre%2BFrance/,
https://www.google.com/maps/search/etablissement+wellness+Saint-Pierre%2BFrance/,
https://www.google.com/maps/search/etablissement+wellness+Saint-Pierre%2BFrance/,
https://www.google.com/maps/search/etablissement+wellness+Saint-Pierre%2BFrance/,
https://www.google.com/maps/search/etablissement+wellness+Saint-Pierre-à-Arnes%2BFrance/,
https://www.google.com/maps/search/etablissement+wellness+Saint-Pierre-Aigle%2BFrance/,
https://www.google.com/maps/search/etablissement+wellness+Saint-Pierre-Avez%2BFrance/,
https://www.google.com/maps/search/etablissement+wellness+Saint-Pierre-Azif%2BFrance/,
https://www.google.com/maps/search/etablissement+wellness+Saint-Pierre-Bellevue%2BFrance/,
https://www.google.com/maps/search/etablissement+wellness+Saint-Pierre-Bénouville%2BFrance/,
https://www.google.com/maps/search/etablissement+wellness+Saint-Pierre-Bois%2BFrance/,
https://www.google.com/maps/search/etablissement+wellness+Saint-Pierre-Brouck%2BFrance/,
https://www.google.com/maps/search/etablissement+wellness+Saint-Pierre-Canivet%2BFrance/,
https://www.google.com/maps/search/etablissement+wellness+Saint-Pierre-Chérignat%2BFrance/,
https://www.google.com/maps/search/etablissement+wellness+Saint-Pierre-Colamine%2BFrance/,
https://www.google.com/maps/search/etablissement+wellness+Saint-Pierre-d'Albigny%2BFrance/,
https://www.google.com/maps/search/etablissement+wellness+Saint-Pierre-d'Alvey%2BFrance/,
https://www.google.com/maps/search/etablissement+wellness+Saint-Pierre-d'Amilly%2BFrance/,
https://www.google.com/maps/search/etablissement+wellness+Saint-Pierre-d'Argençon%2BFrance/,
https://www.google.com/maps/search/etablissement+wellness+Saint-Pierre-d'Arthéglise%2BFrance/,
https://www.google.com/maps/search/etablissement+wellness+Saint-Pierre-d'Aubézies%2BFrance/,
https://www.google.com/maps/search/etablissement+wellness+Saint-Pierre-d'Aurillac%2BFrance/,
https://www.google.com/maps/search/etablissement+wellness+Saint-Pierre-d'Autils%2BFrance/,
https://www.google.com/maps/search/etablissement+wellness+Saint-Pierre-d'Entremont%2BFrance/,
https://www.google.com/maps/search/etablissement+wellness+Saint-Pierre-d'Entremont%2BFrance/,
https://www.google.com/maps/search/etablissement+wellness+Saint-Pierre-d'Entremont%2BFrance/,
https://www.google.com/maps/search/etablissement+wellness+Saint-Pierre-d'Exideuil%2BFrance/,
https://www.google.com/maps/search/etablissement+wellness+Saint-Pierre-d'Eyraud%2BFrance/,
https://www.google.com/maps/search/etablissement+wellness+Saint-Pierre-d'Irube%2BFrance/,
https://www.google.com/maps/search/etablissement+wellness+Saint-Pierre-d'Oléron%2BFrance/,
https://www.google.com/maps/search/etablissement+wellness+Saint-Pierre-de-Bailleul%2BFrance/,
https://www.google.com/maps/search/etablissement+wellness+Saint-Pierre-de-Bat%2BFrance/,
https://www.google.com/maps/search/etablissement+wellness+Saint-Pierre-de-Belleville%2BFrance/,
https://www.google.com/maps/search/etablissement+wellness+Saint-Pierre-de-Bœuf%2BFrance/,
https://www.google.com/maps/search/etablissement+wellness+Saint-Pierre-de-Bressieux%2BFrance/,
https://www.google.com/maps/search/etablissement+wellness+Saint-Pierre-de-Buzet%2BFrance/,
https://www.google.com/maps/search/etablissement+wellness+Saint-Pierre-de-Cernières%2BFrance/,
https://www.google.com/maps/search/etablissement+wellness+Saint-Pierre-de-Chandieu%2BFrance/,
https://www.google.com/maps/search/etablissement+wellness+Saint-Pierre-de-Chartreuse%2BFrance/,
https://www.google.com/maps/search/etablissement+wellness+Saint-Pierre-de-Chérennes%2BFrance/,
https://www.google.com/maps/search/etablissement+wellness+Saint-Pierre-de-Chevillé%2BFrance/,
https://www.google.com/maps/search/etablissement+wellness+Saint-Pierre-de-Chignac%2BFrance/,
https://www.google.com/maps/search/etablissement+wellness+Saint-Pierre-de-Clairac%2BFrance/,
https://www.google.com/maps/search/etablissement+wellness+Saint-Pierre-de-Côle%2BFrance/,
https://www.google.com/maps/search/etablissement+wellness+Saint-Pierre-de-Colombier%2BFrance/,
https://www.google.com/maps/search/etablissement+wellness+Saint-Pierre-de-Cormeilles%2BFrance/,
https://www.google.com/maps/search/etablissement+wellness+Saint-Pierre-de-Coutances%2BFrance/,
https://www.google.com/maps/search/etablissement+wellness+Saint-Pierre-de-Curtille%2BFrance/,
https://www.google.com/maps/search/etablissement+wellness+Saint-Pierre-de-Frugie%2BFrance/,
https://www.google.com/maps/search/etablissement+wellness+Saint-Pierre-de-Fursac%2BFrance/,
https://www.google.com/maps/search/etablissement+wellness+Saint-Pierre-de-Genebroz%2BFrance/,
https://www.google.com/maps/search/etablissement+wellness+Saint-Pierre-de-Jards%2BFrance/,
https://www.google.com/maps/search/etablissement+wellness+Saint-Pierre-de-Juillers%2BFrance/,
https://www.google.com/maps/search/etablissement+wellness+Saint-Pierre-de-l'Isle%2BFrance/,
https://www.google.com/maps/search/etablissement+wellness+Saint-Pierre-de-la-Fage%2BFrance/,
https://www.google.com/maps/search/etablissement+wellness+Saint-Pierre-de-Lages%2BFrance/,
https://www.google.com/maps/search/etablissement+wellness+Saint-Pierre-de-Lamps%2BFrance/,
https://www.google.com/maps/search/etablissement+wellness+Saint-Pierre-de-Maillé%2BFrance/,
https://www.google.com/maps/search/etablissement+wellness+Saint-Pierre-de-Manneville%2BFrance/,
https://www.google.com/maps/search/etablissement+wellness+Saint-Pierre-de-Méaroz%2BFrance/,
https://www.google.com/maps/search/etablissement+wellness+Saint-Pierre-de-Mésage%2BFrance/,
https://www.google.com/maps/search/etablissement+wellness+Saint-Pierre-de-Mézoargues%2BFrance/,
https://www.google.com/maps/search/etablissement+wellness+Saint-Pierre-de-Mons%2BFrance/,
https://www.google.com/maps/search/etablissement+wellness+Saint-Pierre-de-Nogaret%2BFrance/,
https://www.google.com/maps/search/etablissement+wellness+Saint-Pierre-de-Plesguen%2BFrance/,
https://www.google.com/maps/search/etablissement+wellness+Saint-Pierre-de-Rivière%2BFrance/,
https://www.google.com/maps/search/etablissement+wellness+Saint-Pierre-de-Salerne%2BFrance/,
https://www.google.com/maps/search/etablissement+wellness+Saint-Pierre-de-Semilly%2BFrance/,
https://www.google.com/maps/search/etablissement+wellness+Saint-Pierre-de-Soucy%2BFrance/,
https://www.google.com/maps/search/etablissement+wellness+Saint-Pierre-de-Trivisy%2BFrance/,
https://www.google.com/maps/search/etablissement+wellness+Saint-Pierre-de-Varengeville%2BFrance/,
https://www.google.com/maps/search/etablissement+wellness+Saint-Pierre-de-Varennes%2BFrance/,
https://www.google.com/maps/search/etablissement+wellness+Saint-Pierre-de-Vassols%2BFrance/,
https://www.google.com/maps/search/etablissement+wellness+Saint-Pierre-dels-Forcats%2BFrance/,
https://www.google.com/maps/search/etablissement+wellness+Saint-Pierre-des-Bois%2BFrance/,
https://www.google.com/maps/search/etablissement+wellness+Saint-Pierre-des-Champs%2BFrance/,
https://www.google.com/maps/search/etablissement+wellness+Saint-Pierre-des-Corps%2BFrance/,
https://www.google.com/maps/search/etablissement+wellness+Saint-Pierre-des-Échaubrognes%2BFrance/,
https://www.google.com/maps/search/etablissement+wellness+Saint-Pierre-des-Fleurs%2BFrance/,
https://www.google.com/maps/search/etablissement+wellness+Saint-Pierre-des-Ifs%2BFrance/,
https://www.google.com/maps/search/etablissement+wellness+Saint-Pierre-des-Ifs%2BFrance/,
https://www.google.com/maps/search/etablissement+wellness+Saint-Pierre-des-Jonquières%2BFrance/,
https://www.google.com/maps/search/etablissement+wellness+Saint-Pierre-des-Landes%2BFrance/,
https://www.google.com/maps/search/etablissement+wellness+Saint-Pierre-des-Loges%2BFrance/,
https://www.google.com/maps/search/etablissement+wellness+Saint-Pierre-des-Nids%2BFrance/,
https://www.google.com/maps/search/etablissement+wellness+Saint-Pierre-des-Ormes%2BFrance/,
https://www.google.com/maps/search/etablissement+wellness+Saint-Pierre-des-Tripiers%2BFrance/,
https://www.google.com/maps/search/etablissement+wellness+Saint-Pierre-du-Bosguérard%2BFrance/,
https://www.google.com/maps/search/etablissement+wellness+Saint-Pierre-du-Bû%2BFrance/,
https://www.google.com/maps/search/etablissement+wellness+Saint-Pierre-du-Champ%2BFrance/,
https://www.google.com/maps/search/etablissement+wellness+Saint-Pierre-du-Chemin%2BFrance/,
https://www.google.com/maps/search/etablissement+wellness+Saint-Pierre-du-Fresne%2BFrance/,
https://www.google.com/maps/search/etablissement+wellness+Saint-Pierre-du-Jonquet%2BFrance/,
https://www.google.com/maps/search/etablissement+wellness+Saint-Pierre-du-Lorouër%2BFrance/,
https://www.google.com/maps/search/etablissement+wellness+Saint-Pierre-du-Mont%2BFrance/,
https://www.google.com/maps/search/etablissement+wellness+Saint-Pierre-du-Mont%2BFrance/,
https://www.google.com/maps/search/etablissement+wellness+Saint-Pierre-du-Mont%2BFrance/,
https://www.google.com/maps/search/etablissement+wellness+Saint-Pierre-du-Palais%2BFrance/,
https://www.google.com/maps/search/etablissement+wellness+Saint-Pierre-du-Perray%2BFrance/,
https://www.google.com/maps/search/etablissement+wellness+Saint-Pierre-du-Regard%2BFrance/,
https://www.google.com/maps/search/etablissement+wellness+Saint-Pierre-du-Val%2BFrance/,
https://www.google.com/maps/search/etablissement+wellness+Saint-Pierre-du-Vauvray%2BFrance/,
https://www.google.com/maps/search/etablissement+wellness+Saint-Pierre-Église%2BFrance/,
https://www.google.com/maps/search/etablissement+wellness+Saint-Pierre-en-Auge%2BFrance/,
https://www.google.com/maps/search/etablissement+wellness+Saint-Pierre-en-Faucigny%2BFrance/,
https://www.google.com/maps/search/etablissement+wellness+Saint-Pierre-en-Port%2BFrance/,
https://www.google.com/maps/search/etablissement+wellness+Saint-Pierre-en-Val%2BFrance/,
https://www.google.com/maps/search/etablissement+wellness+Saint-Pierre-en-Vaux%2BFrance/,
https://www.google.com/maps/search/etablissement+wellness+Saint-Pierre-es-Champs%2BFrance/,
https://www.google.com/maps/search/etablissement+wellness+Saint-Pierre-Eynac%2BFrance/,
https://www.google.com/maps/search/etablissement+wellness+Saint-Pierre-la-Bourlhonne%2BFrance/,
https://www.google.com/maps/search/etablissement+wellness+Saint-Pierre-la-Bruyère%2BFrance/,
https://www.google.com/maps/search/etablissement+wellness+Saint-Pierre-la-Cour%2BFrance/,
https://www.google.com/maps/search/etablissement+wellness+Saint-Pierre-la-Garenne%2BFrance/,
https://www.google.com/maps/search/etablissement+wellness+Saint-Pierre-la-Noaille%2BFrance/,
https://www.google.com/maps/search/etablissement+wellness+Saint-Pierre-la-Palud%2BFrance/,
https://www.google.com/maps/search/etablissement+wellness+Saint-Pierre-la-Rivière%2BFrance/,
https://www.google.com/maps/search/etablissement+wellness+Saint-Pierre-la-Roche%2BFrance/,
https://www.google.com/maps/search/etablissement+wellness+Saint-Pierre-Lafeuille%2BFrance/,
https://www.google.com/maps/search/etablissement+wellness+Saint-Pierre-Langers%2BFrance/,
https://www.google.com/maps/search/etablissement+wellness+Saint-Pierre-Laval%2BFrance/,
https://www.google.com/maps/search/etablissement+wellness+Saint-Pierre-Lavis%2BFrance/,
https://www.google.com/maps/search/etablissement+wellness+Saint-Pierre-le-Bost%2BFrance/,
https://www.google.com/maps/search/etablissement+wellness+Saint-Pierre-le-Chastel%2BFrance/,
https://www.google.com/maps/search/etablissement+wellness+Saint-Pierre-le-Moûtier%2BFrance/,
https://www.google.com/maps/search/etablissement+wellness+Saint-Pierre-le-Vieux%2BFrance/,
https://www.google.com/maps/search/etablissement+wellness+Saint-Pierre-le-Vieux%2BFrance/,
https://www.google.com/maps/search/etablissement+wellness+Saint-Pierre-le-Vieux%2BFrance/,
https://www.google.com/maps/search/etablissement+wellness+Saint-Pierre-le-Vieux%2BFrance/,
https://www.google.com/maps/search/etablissement+wellness+Saint-Pierre-le-Viger%2BFrance/,
https://www.google.com/maps/search/etablissement+wellness+Saint-Pierre-lès-Bitry%2BFrance/,
https://www.google.com/maps/search/etablissement+wellness+Saint-Pierre-les-Bois%2BFrance/,
https://www.google.com/maps/search/etablissement+wellness+Saint-Pierre-lès-Elbeuf%2BFrance/,
https://www.google.com/maps/search/etablissement+wellness+Saint-Pierre-les-Étieux%2BFrance/,
https://www.google.com/maps/search/etablissement+wellness+Saint-Pierre-lès-Franqueville%2BFrance/,
https://www.google.com/maps/search/etablissement+wellness+Saint-Pierre-lès-Nemours%2BFrance/,
https://www.google.com/maps/search/etablissement+wellness+Saint-Pierre-Quiberon%2BFrance/,
https://www.google.com/maps/search/etablissement+wellness+Saint-Pierre-Roche%2BFrance/,
https://www.google.com/maps/search/etablissement+wellness+Saint-Pierre-Saint-Jean%2BFrance/,
https://www.google.com/maps/search/etablissement+wellness+Saint-Pierre-sur-Doux%2BFrance/,
https://www.google.com/maps/search/etablissement+wellness+Saint-Pierre-sur-Dropt%2BFrance/,
https://www.google.com/maps/search/etablissement+wellness+Saint-Pierre-sur-Erve%2BFrance/,
https://www.google.com/maps/search/etablissement+wellness+Saint-Pierre-sur-Orthe%2BFrance/,
https://www.google.com/maps/search/etablissement+wellness+Saint-Pierre-sur-Vence%2BFrance/,
https://www.google.com/maps/search/etablissement+wellness+Saint-Pierre-Toirac%2BFrance/,
https://www.google.com/maps/search/etablissement+wellness+Saint-Pierremont%2BFrance/,
https://www.google.com/maps/search/etablissement+wellness+Saint-Pierremont%2BFrance/,
https://www.google.com/maps/search/etablissement+wellness+Saint-Pierremont%2BFrance/,
https://www.google.com/maps/search/etablissement+wellness+Saint-Pierreville%2BFrance/,
https://www.google.com/maps/search/etablissement+wellness+Saint-Pierrevillers%2BFrance/,
https://www.google.com/maps/search/etablissement+wellness+Saint-Plaisir%2BFrance/,
https://www.google.com/maps/search/etablissement+wellness+Saint-Plancard%2BFrance/,
https://www.google.com/maps/search/etablissement+wellness+Saint-Planchers%2BFrance/,
https://www.google.com/maps/search/etablissement+wellness+Saint-Plantaire%2BFrance/,
https://www.google.com/maps/search/etablissement+wellness+Saint-Point%2BFrance/,
https://www.google.com/maps/search/etablissement+wellness+Saint-Point-Lac%2BFrance/,
https://www.google.com/maps/search/etablissement+wellness+Saint-Pois%2BFrance/,
https://www.google.com/maps/search/etablissement+wellness+Saint-Poix%2BFrance/,
https://www.google.com/maps/search/etablissement+wellness+Saint-Pol-de-Léon%2BFrance/,
https://www.google.com/maps/search/etablissement+wellness+Saint-Pol-sur-Ternoise%2BFrance/,
https://www.google.com/maps/search/etablissement+wellness+Saint-Polgues%2BFrance/,
https://www.google.com/maps/search/etablissement+wellness+Saint-Polycarpe%2BFrance/,
https://www.google.com/maps/search/etablissement+wellness+Saint-Pompain%2BFrance/,
https://www.google.com/maps/search/etablissement+wellness+Saint-Pompont%2BFrance/,
https://www.google.com/maps/search/etablissement+wellness+Saint-Poncy%2BFrance/,
https://www.google.com/maps/search/etablissement+wellness+Saint-Pons%2BFrance/,
https://www.google.com/maps/search/etablissement+wellness+Saint-Pons%2BFrance/,
https://www.google.com/maps/search/etablissement+wellness+Saint-Pons-de-Mauchiens%2BFrance/,
https://www.google.com/maps/search/etablissement+wellness+Saint-Pons-de-Thomières%2BFrance/,
https://www.google.com/maps/search/etablissement+wellness+Saint-Pons-la-Calm%2BFrance/,
https://www.google.com/maps/search/etablissement+wellness+Saint-Pont%2BFrance/,
https://www.google.com/maps/search/etablissement+wellness+Saint-Porchaire%2BFrance/,
https://www.google.com/maps/search/etablissement+wellness+Saint-Porquier%2BFrance/,
https://www.google.com/maps/search/etablissement+wellness+Saint-Pôtan%2BFrance/,
https://www.google.com/maps/search/etablissement+wellness+Saint-Pouange%2BFrance/,
https://www.google.com/maps/search/etablissement+wellness+Saint-Pourçain-sur-Besbre%2BFrance/,
https://www.google.com/maps/search/etablissement+wellness+Saint-Pourçain-sur-Sioule%2BFrance/,
https://www.google.com/maps/search/etablissement+wellness+Saint-Prancher%2BFrance/,
https://www.google.com/maps/search/etablissement+wellness+Saint-Préjet-Armandon%2BFrance/,
https://www.google.com/maps/search/etablissement+wellness+Saint-Préjet-d'Allier%2BFrance/,
https://www.google.com/maps/search/etablissement+wellness+Saint-Prest%2BFrance/,
https://www.google.com/maps/search/etablissement+wellness+Saint-Preuil%2BFrance/,
https://www.google.com/maps/search/etablissement+wellness+Saint-Priest%2BFrance/,
https://www.google.com/maps/search/etablissement+wellness+Saint-Priest%2BFrance/,
https://www.google.com/maps/search/etablissement+wellness+Saint-Priest%2BFrance/,
https://www.google.com/maps/search/etablissement+wellness+Saint-Priest-Bramefant%2BFrance/,
https://www.google.com/maps/search/etablissement+wellness+Saint-Priest-d'Andelot%2BFrance/,
https://www.google.com/maps/search/etablissement+wellness+Saint-Priest-de-Gimel%2BFrance/,
https://www.google.com/maps/search/etablissement+wellness+Saint-Priest-des-Champs%2BFrance/,
https://www.google.com/maps/search/etablissement+wellness+Saint-Priest-en-Jarez%2BFrance/,
https://www.google.com/maps/search/etablissement+wellness+Saint-Priest-en-Murat%2BFrance/,
https://www.google.com/maps/search/etablissement+wellness+Saint-Priest-la-Feuille%2BFrance/,
https://www.google.com/maps/search/etablissement+wellness+Saint-Priest-la-Marche%2BFrance/,
https://www.google.com/maps/search/etablissement+wellness+Saint-Priest-la-Plaine%2BFrance/,
https://www.google.com/maps/search/etablissement+wellness+Saint-Priest-la-Prugne%2BFrance/,
https://www.google.com/maps/search/etablissement+wellness+Saint-Priest-la-Roche%2BFrance/,
https://www.google.com/maps/search/etablissement+wellness+Saint-Priest-la-Vêtre%2BFrance/,
https://www.google.com/maps/search/etablissement+wellness+Saint-Priest-les-Fougères%2BFrance/,
https://www.google.com/maps/search/etablissement+wellness+Saint-Priest-Ligoure%2BFrance/,
https://www.google.com/maps/search/etablissement+wellness+Saint-Priest-Palus%2BFrance/,
https://www.google.com/maps/search/etablissement+wellness+Saint-Priest-sous-Aixe%2BFrance/,
https://www.google.com/maps/search/etablissement+wellness+Saint-Priest-Taurion%2BFrance/,
https://www.google.com/maps/search/etablissement+wellness+Saint-Prim%2BFrance/,
https://www.google.com/maps/search/etablissement+wellness+Saint-Privat%2BFrance/,
https://www.google.com/maps/search/etablissement+wellness+Saint-Privat%2BFrance/,
https://www.google.com/maps/search/etablissement+wellness+Saint-Privat%2BFrance/,
https://www.google.com/maps/search/etablissement+wellness+Saint-Privat-d'Allier%2BFrance/,
https://www.google.com/maps/search/etablissement+wellness+Saint-Privat-de-Champclos%2BFrance/,
https://www.google.com/maps/search/etablissement+wellness+Saint-Privat-de-Vallongue%2BFrance/,
https://www.google.com/maps/search/etablissement+wellness+Saint-Privat-des-Vieux%2BFrance/,
https://www.google.com/maps/search/etablissement+wellness+Saint-Privat-du-Dragon%2BFrance/,
https://www.google.com/maps/search/etablissement+wellness+Saint-Privat-du-Fau%2BFrance/,
https://www.google.com/maps/search/etablissement+wellness+Saint-Privat-la-Montagne%2BFrance/,
https://www.google.com/maps/search/etablissement+wellness+Saint-Privé%2BFrance/,
https://www.google.com/maps/search/etablissement+wellness+Saint-Privé%2BFrance/,
https://www.google.com/maps/search/etablissement+wellness+Saint-Prix%2BFrance/,
https://www.google.com/maps/search/etablissement+wellness+Saint-Prix%2BFrance/,
https://www.google.com/maps/search/etablissement+wellness+Saint-Prix%2BFrance/,
https://www.google.com/maps/search/etablissement+wellness+Saint-Prix%2BFrance/,
https://www.google.com/maps/search/etablissement+wellness+Saint-Prix-lès-Arnay%2BFrance/,
https://www.google.com/maps/search/etablissement+wellness+Saint-Projet%2BFrance/,
https://www.google.com/maps/search/etablissement+wellness+Saint-Projet%2BFrance/,
https://www.google.com/maps/search/etablissement+wellness+Saint-Projet-de-Salers%2BFrance/,
https://www.google.com/maps/search/etablissement+wellness+Saint-Projet-Saint-Constant%2BFrance/,
https://www.google.com/maps/search/etablissement+wellness+Saint-Prouant%2BFrance/,
https://www.google.com/maps/search/etablissement+wellness+Saint-Pryvé-Saint-Mesmin%2BFrance/,
https://www.google.com/maps/search/etablissement+wellness+Saint-Puy%2BFrance/,
https://www.google.com/maps/search/etablissement+wellness+Saint-Python%2BFrance/,
https://www.google.com/maps/search/etablissement+wellness+Saint-Quantin-de-Rançanne%2BFrance/,
https://www.google.com/maps/search/etablissement+wellness+Saint-Quay-Perros%2BFrance/,
https://www.google.com/maps/search/etablissement+wellness+Saint-Quay-Portrieux%2BFrance/,
https://www.google.com/maps/search/etablissement+wellness+Saint-Quentin%2BFrance/,
https://www.google.com/maps/search/etablissement+wellness+Saint-Quentin-de-Baron%2BFrance/,
https://www.google.com/maps/search/etablissement+wellness+Saint-Quentin-de-Blavou%2BFrance/,
https://www.google.com/maps/search/etablissement+wellness+Saint-Quentin-de-Caplong%2BFrance/,
https://www.google.com/maps/search/etablissement+wellness+Saint-Quentin-de-Chalais%2BFrance/,
https://www.google.com/maps/search/etablissement+wellness+Saint-Quentin-des-Isles%2BFrance/,
https://www.google.com/maps/search/etablissement+wellness+Saint-Quentin-des-Prés%2BFrance/,
https://www.google.com/maps/search/etablissement+wellness+Saint-Quentin-du-Dropt%2BFrance/,
https://www.google.com/maps/search/etablissement+wellness+Saint-Quentin-en-Tourmont%2BFrance/,
https://www.google.com/maps/search/etablissement+wellness+Saint-Quentin-Fallavier%2BFrance/,
https://www.google.com/maps/search/etablissement+wellness+Saint-Quentin-la-Chabanne%2BFrance/,
https://www.google.com/maps/search/etablissement+wellness+Saint-Quentin-la-Motte-Croix-au-Bailly%2BFrance/,
https://www.google.com/maps/search/etablissement+wellness+Saint-Quentin-la-Poterie%2BFrance/,
https://www.google.com/maps/search/etablissement+wellness+Saint-Quentin-la-Tour%2BFrance/,
https://www.google.com/maps/search/etablissement+wellness+Saint-Quentin-le-Petit%2BFrance/,
https://www.google.com/maps/search/etablissement+wellness+Saint-Quentin-le-Verger%2BFrance/,
https://www.google.com/maps/search/etablissement+wellness+Saint-Quentin-les-Anges%2BFrance/,
https://www.google.com/maps/search/etablissement+wellness+Saint-Quentin-les-Chardonnets%2BFrance/,
https://www.google.com/maps/search/etablissement+wellness+Saint-Quentin-les-Marais%2BFrance/,
https://www.google.com/maps/search/etablissement+wellness+Saint-Quentin-sur-Charente%2BFrance/,
https://www.google.com/maps/search/etablissement+wellness+Saint-Quentin-sur-Coole%2BFrance/,
https://www.google.com/maps/search/etablissement+wellness+Saint-Quentin-sur-Indrois%2BFrance/,
https://www.google.com/maps/search/etablissement+wellness+Saint-Quentin-sur-Isère%2BFrance/,
https://www.google.com/maps/search/etablissement+wellness+Saint-Quentin-sur-le-Homme%2BFrance/,
https://www.google.com/maps/search/etablissement+wellness+Saint-Quentin-sur-Nohain%2BFrance/,
https://www.google.com/maps/search/etablissement+wellness+Saint-Quentin-sur-Sauxillanges%2BFrance/,
https://www.google.com/maps/search/etablissement+wellness+Saint-Quintin-sur-Sioule%2BFrance/,
https://www.google.com/maps/search/etablissement+wellness+Saint-Quirc%2BFrance/,
https://www.google.com/maps/search/etablissement+wellness+Saint-Quirin%2BFrance/,
https://www.google.com/maps/search/etablissement+wellness+Saint-Rabier%2BFrance/,
https://www.google.com/maps/search/etablissement+wellness+Saint-Racho%2BFrance/,
https://www.google.com/maps/search/etablissement+wellness+Saint-Rambert-d'Albon%2BFrance/,
https://www.google.com/maps/search/etablissement+wellness+Saint-Rambert-en-Bugey%2BFrance/,
https://www.google.com/maps/search/etablissement+wellness+Saint-Raphaël%2BFrance/,
https://www.google.com/maps/search/etablissement+wellness+Saint-Raphaël%2BFrance/,
https://www.google.com/maps/search/etablissement+wellness+Saint-Régis-du-Coin%2BFrance/,
https://www.google.com/maps/search/etablissement+wellness+Saint-Règle%2BFrance/,
https://www.google.com/maps/search/etablissement+wellness+Saint-Remèze%2BFrance/,
https://www.google.com/maps/search/etablissement+wellness+Saint-Remimont%2BFrance/,
https://www.google.com/maps/search/etablissement+wellness+Saint-Remimont%2BFrance/,
https://www.google.com/maps/search/etablissement+wellness+Saint-Remy%2BFrance/,
https://www.google.com/maps/search/etablissement+wellness+Saint-Remy%2BFrance/,
https://www.google.com/maps/search/etablissement+wellness+Saint-Rémy%2BFrance/,
https://www.google.com/maps/search/etablissement+wellness+Saint-Rémy%2BFrance/,
https://www.google.com/maps/search/etablissement+wellness+Saint-Rémy%2BFrance/,
https://www.google.com/maps/search/etablissement+wellness+Saint-Rémy%2BFrance/,
https://www.google.com/maps/search/etablissement+wellness+Saint-Rémy%2BFrance/,
https://www.google.com/maps/search/etablissement+wellness+Saint-Rémy%2BFrance/,
https://www.google.com/maps/search/etablissement+wellness+Saint-Rémy%2BFrance/,
https://www.google.com/maps/search/etablissement+wellness+Saint-Rémy%2BFrance/,
https://www.google.com/maps/search/etablissement+wellness+Saint-Rémy-au-Bois%2BFrance/,
https://www.google.com/maps/search/etablissement+wellness+Saint-Rémy-aux-Bois%2BFrance/,
https://www.google.com/maps/search/etablissement+wellness+Saint-Rémy-Blanzy%2BFrance/,
https://www.google.com/maps/search/etablissement+wellness+Saint-Rémy-Boscrocourt%2BFrance/,
https://www.google.com/maps/search/etablissement+wellness+Saint-Remy-Chaussée%2BFrance/,
https://www.google.com/maps/search/etablissement+wellness+Saint-Rémy-de-Blot%2BFrance/,
https://www.google.com/maps/search/etablissement+wellness+Saint-Rémy-de-Chargnat%2BFrance/,
https://www.google.com/maps/search/etablissement+wellness+Saint-Rémy-de-Chaudes-Aigues%2BFrance/,
https://www.google.com/maps/search/etablissement+wellness+Saint-Rémy-de-Maurienne%2BFrance/,
https://www.google.com/maps/search/etablissement+wellness+Saint-Rémy-de-Provence%2BFrance/,
https://www.google.com/maps/search/etablissement+wellness+Saint-Rémy-de-Sillé%2BFrance/,
https://www.google.com/maps/search/etablissement+wellness+Saint-Rémy-des-Monts%2BFrance/,
https://www.google.com/maps/search/etablissement+wellness+Saint-Remy-du-Nord%2BFrance/,
https://www.google.com/maps/search/etablissement+wellness+Saint-Rémy-du-Plain%2BFrance/,
https://www.google.com/maps/search/etablissement+wellness+Saint-Rémy-du-Val%2BFrance/,
https://www.google.com/maps/search/etablissement+wellness+Saint-Remy-en-Bouzemont-Saint-Genest-et-Isson%2BFrance/,
https://www.google.com/maps/search/etablissement+wellness+Saint-Remy-en-l'Eau%2BFrance/,
https://www.google.com/maps/search/etablissement+wellness+Saint-Rémy-en-Rollat%2BFrance/,
https://www.google.com/maps/search/etablissement+wellness+Saint-Rémy-l'Honoré%2BFrance/,
https://www.google.com/maps/search/etablissement+wellness+Saint-Remy-la-Calonne%2BFrance/,
https://www.google.com/maps/search/etablissement+wellness+Saint-Rémy-la-Vanne%2BFrance/,
https://www.google.com/maps/search/etablissement+wellness+Saint-Rémy-la-Varenne%2BFrance/,
https://www.google.com/maps/search/etablissement+wellness+Saint-Remy-le-Petit%2BFrance/,
https://www.google.com/maps/search/etablissement+wellness+Saint-Rémy-lès-Chevreuse%2BFrance/,
https://www.google.com/maps/search/etablissement+wellness+Saint-Remy-sous-Barbuise%2BFrance/,
https://www.google.com/maps/search/etablissement+wellness+Saint-Remy-sous-Broyes%2BFrance/,
https://www.google.com/maps/search/etablissement+wellness+Saint-Rémy-sur-Avre%2BFrance/,
https://www.google.com/maps/search/etablissement+wellness+Saint-Remy-sur-Bussy%2BFrance/,
https://www.google.com/maps/search/etablissement+wellness+Saint-Rémy-sur-Creuse%2BFrance/,
https://www.google.com/maps/search/etablissement+wellness+Saint-Rémy-sur-Durolle%2BFrance/,
https://www.google.com/maps/search/etablissement+wellness+Saint-Renan%2BFrance/,
https://www.google.com/maps/search/etablissement+wellness+Saint-Restitut%2BFrance/,
https://www.google.com/maps/search/etablissement+wellness+Saint-Révérend%2BFrance/,
https://www.google.com/maps/search/etablissement+wellness+Saint-Révérien%2BFrance/,
https://www.google.com/maps/search/etablissement+wellness+Saint-Rieul%2BFrance/,
https://www.google.com/maps/search/etablissement+wellness+Saint-Rimay%2BFrance/,
https://www.google.com/maps/search/etablissement+wellness+Saint-Riquier%2BFrance/,
https://www.google.com/maps/search/etablissement+wellness+Saint-Riquier-en-Rivière%2BFrance/,
https://www.google.com/maps/search/etablissement+wellness+Saint-Riquier-ès-Plains%2BFrance/,
https://www.google.com/maps/search/etablissement+wellness+Saint-Rirand%2BFrance/,
https://www.google.com/maps/search/etablissement+wellness+Saint-Rivoal%2BFrance/,
https://www.google.com/maps/search/etablissement+wellness+Saint-Robert%2BFrance/,
https://www.google.com/maps/search/etablissement+wellness+Saint-Robert%2BFrance/,
https://www.google.com/maps/search/etablissement+wellness+Saint-Roch%2BFrance/,
https://www.google.com/maps/search/etablissement+wellness+Saint-Roch-sur-Égrenne%2BFrance/,
https://www.google.com/maps/search/etablissement+wellness+Saint-Rogatien%2BFrance/,
https://www.google.com/maps/search/etablissement+wellness+Saint-Romain%2BFrance/,
https://www.google.com/maps/search/etablissement+wellness+Saint-Romain%2BFrance/,
https://www.google.com/maps/search/etablissement+wellness+Saint-Romain%2BFrance/,
https://www.google.com/maps/search/etablissement+wellness+Saint-Romain%2BFrance/,
https://www.google.com/maps/search/etablissement+wellness+Saint-Romain-au-Mont-d'Or%2BFrance/,
https://www.google.com/maps/search/etablissement+wellness+Saint-Romain-d'Ay%2BFrance/,
https://www.google.com/maps/search/etablissement+wellness+Saint-Romain-d'Urfé%2BFrance/,
https://www.google.com/maps/search/etablissement+wellness+Saint-Romain-de-Benet%2BFrance/,
https://www.google.com/maps/search/etablissement+wellness+Saint-Romain-de-Colbosc%2BFrance/,
https://www.google.com/maps/search/etablissement+wellness+Saint-Romain-de-Jalionas%2BFrance/,
https://www.google.com/maps/search/etablissement+wellness+Saint-Romain-de-Lerps%2BFrance/,
https://www.google.com/maps/search/etablissement+wellness+Saint-Romain-de-Monpazier%2BFrance/,
https://www.google.com/maps/search/etablissement+wellness+Saint-Romain-de-Popey%2BFrance/,
https://www.google.com/maps/search/etablissement+wellness+Saint-Romain-de-Surieu%2BFrance/,
https://www.google.com/maps/search/etablissement+wellness+Saint-Romain-en-Gal%2BFrance/,
https://www.google.com/maps/search/etablissement+wellness+Saint-Romain-en-Gier%2BFrance/,
https://www.google.com/maps/search/etablissement+wellness+Saint-Romain-en-Jarez%2BFrance/,
https://www.google.com/maps/search/etablissement+wellness+Saint-Romain-en-Viennois%2BFrance/,
https://www.google.com/maps/search/etablissement+wellness+Saint-Romain-et-Saint-Clément%2BFrance/,
https://www.google.com/maps/search/etablissement+wellness+Saint-Romain-la-Motte%2BFrance/,
https://www.google.com/maps/search/etablissement+wellness+Saint-Romain-la-Virvée%2BFrance/,
https://www.google.com/maps/search/etablissement+wellness+Saint-Romain-Lachalm%2BFrance/,
https://www.google.com/maps/search/etablissement+wellness+Saint-Romain-le-Noble%2BFrance/,
https://www.google.com/maps/search/etablissement+wellness+Saint-Romain-le-Puy%2BFrance/,
https://www.google.com/maps/search/etablissement+wellness+Saint-Romain-les-Atheux%2BFrance/,
https://www.google.com/maps/search/etablissement+wellness+Saint-Romain-sous-Gourdon%2BFrance/,
https://www.google.com/maps/search/etablissement+wellness+Saint-Romain-sous-Versigny%2BFrance/,
https://www.google.com/maps/search/etablissement+wellness+Saint-Romain-sur-Cher%2BFrance/,
https://www.google.com/maps/search/etablissement+wellness+Saint-Romain-sur-Gironde%2BFrance/,
https://www.google.com/maps/search/etablissement+wellness+Saint-Roman%2BFrance/,
https://www.google.com/maps/search/etablissement+wellness+Saint-Roman-de-Codières%2BFrance/,
https://www.google.com/maps/search/etablissement+wellness+Saint-Roman-de-Malegarde%2BFrance/,
https://www.google.com/maps/search/etablissement+wellness+Saint-Romans%2BFrance/,
https://www.google.com/maps/search/etablissement+wellness+Saint-Romans-des-Champs%2BFrance/,
https://www.google.com/maps/search/etablissement+wellness+Saint-Romans-lès-Melle%2BFrance/,
https://www.google.com/maps/search/etablissement+wellness+Saint-Rome%2BFrance/,
https://www.google.com/maps/search/etablissement+wellness+Saint-Rome-de-Cernon%2BFrance/,
https://www.google.com/maps/search/etablissement+wellness+Saint-Rome-de-Dolan%2BFrance/,
https://www.google.com/maps/search/etablissement+wellness+Saint-Rome-de-Tarn%2BFrance/,
https://www.google.com/maps/search/etablissement+wellness+Saint-Rustice%2BFrance/,
https://www.google.com/maps/search/etablissement+wellness+Saint-Saëns%2BFrance/,
https://www.google.com/maps/search/etablissement+wellness+Saint-Saire%2BFrance/,
https://www.google.com/maps/search/etablissement+wellness+Saint-Salvadour%2BFrance/,
https://www.google.com/maps/search/etablissement+wellness+Saint-Salvi-de-Carcavès%2BFrance/,
https://www.google.com/maps/search/etablissement+wellness+Saint-Salvy%2BFrance/,
https://www.google.com/maps/search/etablissement+wellness+Saint-Salvy-de-la-Balme%2BFrance/,
https://www.google.com/maps/search/etablissement+wellness+Saint-Samson%2BFrance/,
https://www.google.com/maps/search/etablissement+wellness+Saint-Samson-de-la-Roque%2BFrance/,
https://www.google.com/maps/search/etablissement+wellness+Saint-Samson-la-Poterie%2BFrance/,
https://www.google.com/maps/search/etablissement+wellness+Saint-Samson-sur-Rance%2BFrance/,
https://www.google.com/maps/search/etablissement+wellness+Saint-Sandoux%2BFrance/,
https://www.google.com/maps/search/etablissement+wellness+Saint-Santin%2BFrance/,
https://www.google.com/maps/search/etablissement+wellness+Saint-Santin-Cantalès%2BFrance/,
https://www.google.com/maps/search/etablissement+wellness+Saint-Santin-de-Maurs%2BFrance/,
https://www.google.com/maps/search/etablissement+wellness+Saint-Sardos%2BFrance/,
https://www.google.com/maps/search/etablissement+wellness+Saint-Sardos%2BFrance/,
https://www.google.com/maps/search/etablissement+wellness+Saint-Satur%2BFrance/,
https://www.google.com/maps/search/etablissement+wellness+Saint-Saturnin%2BFrance/,
https://www.google.com/maps/search/etablissement+wellness+Saint-Saturnin%2BFrance/,
https://www.google.com/maps/search/etablissement+wellness+Saint-Saturnin%2BFrance/,
https://www.google.com/maps/search/etablissement+wellness+Saint-Saturnin%2BFrance/,
https://www.google.com/maps/search/etablissement+wellness+Saint-Saturnin%2BFrance/,
https://www.google.com/maps/search/etablissement+wellness+Saint-Saturnin%2BFrance/,
https://www.google.com/maps/search/etablissement+wellness+Saint-Saturnin%2BFrance/,
https://www.google.com/maps/search/etablissement+wellness+Saint-Saturnin-de-Lenne%2BFrance/,
https://www.google.com/maps/search/etablissement+wellness+Saint-Saturnin-de-Lucian%2BFrance/,
https://www.google.com/maps/search/etablissement+wellness+Saint-Saturnin-du-Bois%2BFrance/,
https://www.google.com/maps/search/etablissement+wellness+Saint-Saturnin-du-Limet%2BFrance/,
https://www.google.com/maps/search/etablissement+wellness+Saint-Saturnin-lès-Apt%2BFrance/,
https://www.google.com/maps/search/etablissement+wellness+Saint-Saturnin-lès-Avignon%2BFrance/,
https://www.google.com/maps/search/etablissement+wellness+Saint-Saturnin-sur-Loire%2BFrance/,
https://www.google.com/maps/search/etablissement+wellness+Saint-Saud-Lacoussière%2BFrance/,
https://www.google.com/maps/search/etablissement+wellness+Saint-Sauflieu%2BFrance/,
https://www.google.com/maps/search/etablissement+wellness+Saint-Saulge%2BFrance/,
https://www.google.com/maps/search/etablissement+wellness+Saint-Saulve%2BFrance/,
https://www.google.com/maps/search/etablissement+wellness+Saint-Saury%2BFrance/,
https://www.google.com/maps/search/etablissement+wellness+Saint-Sauvant%2BFrance/,
https://www.google.com/maps/search/etablissement+wellness+Saint-Sauvant%2BFrance/,
https://www.google.com/maps/search/etablissement+wellness+Saint-Sauves-d'Auvergne%2BFrance/,
https://www.google.com/maps/search/etablissement+wellness+Saint-Sauveur%2BFrance/,
https://www.google.com/maps/search/etablissement+wellness+Saint-Sauveur%2BFrance/,
https://www.google.com/maps/search/etablissement+wellness+Saint-Sauveur%2BFrance/,
https://www.google.com/maps/search/etablissement+wellness+Saint-Sauveur%2BFrance/,
https://www.google.com/maps/search/etablissement+wellness+Saint-Sauveur%2BFrance/,
https://www.google.com/maps/search/etablissement+wellness+Saint-Sauveur%2BFrance/,
https://www.google.com/maps/search/etablissement+wellness+Saint-Sauveur%2BFrance/,
https://www.google.com/maps/search/etablissement+wellness+Saint-Sauveur%2BFrance/,
https://www.google.com/maps/search/etablissement+wellness+Saint-Sauveur%2BFrance/,
https://www.google.com/maps/search/etablissement+wellness+Saint-Sauveur%2BFrance/,
https://www.google.com/maps/search/etablissement+wellness+Saint-Sauveur%2BFrance/,
https://www.google.com/maps/search/etablissement+wellness+Saint-Sauveur-Camprieu%2BFrance/,
https://www.google.com/maps/search/etablissement+wellness+Saint-Sauveur-d'Aunis%2BFrance/,
https://www.google.com/maps/search/etablissement+wellness+Saint-Sauveur-d'Émalleville%2BFrance/,
https://www.google.com/maps/search/etablissement+wellness+Saint-Sauveur-de-Carrouges%2BFrance/,
https://www.google.com/maps/search/etablissement+wellness+Saint-Sauveur-de-Cruzières%2BFrance/,
https://www.google.com/maps/search/etablissement+wellness+Saint-Sauveur-de-Flée%2BFrance/,
https://www.google.com/maps/search/etablissement+wellness+Saint-Sauveur-de-Ginestoux%2BFrance/,
https://www.google.com/maps/search/etablissement+wellness+Saint-Sauveur-de-Meilhan%2BFrance/,
https://www.google.com/maps/search/etablissement+wellness+Saint-Sauveur-de-Montagut%2BFrance/,
https://www.google.com/maps/search/etablissement+wellness+Saint-Sauveur-de-Peyre%2BFrance/,
https://www.google.com/maps/search/etablissement+wellness+Saint-Sauveur-de-Pierrepont%2BFrance/,
https://www.google.com/maps/search/etablissement+wellness+Saint-Sauveur-de-Puynormand%2BFrance/,
https://www.google.com/maps/search/etablissement+wellness+Saint-Sauveur-des-Landes%2BFrance/,
https://www.google.com/maps/search/etablissement+wellness+Saint-Sauveur-en-Diois%2BFrance/,
https://www.google.com/maps/search/etablissement+wellness+Saint-Sauveur-en-Puisaye%2BFrance/,
https://www.google.com/maps/search/etablissement+wellness+Saint-Sauveur-en-Rue%2BFrance/,
https://www.google.com/maps/search/etablissement+wellness+Saint-Sauveur-Gouvernet%2BFrance/,
https://www.google.com/maps/search/etablissement+wellness+Saint-Sauveur-la-Pommeraye%2BFrance/,
https://www.google.com/maps/search/etablissement+wellness+Saint-Sauveur-la-Sagne%2BFrance/,
https://www.google.com/maps/search/etablissement+wellness+Saint-Sauveur-Lalande%2BFrance/,
https://www.google.com/maps/search/etablissement+wellness+Saint-Sauveur-le-Vicomte%2BFrance/,
https://www.google.com/maps/search/etablissement+wellness+Saint-Sauveur-Lendelin%2BFrance/,
https://www.google.com/maps/search/etablissement+wellness+Saint-Sauveur-lès-Bray%2BFrance/,
https://www.google.com/maps/search/etablissement+wellness+Saint-Sauveur-Marville%2BFrance/,
https://www.google.com/maps/search/etablissement+wellness+Saint-Sauveur-sur-École%2BFrance/,
https://www.google.com/maps/search/etablissement+wellness+Saint-Sauveur-sur-Tinée%2BFrance/,
https://www.google.com/maps/search/etablissement+wellness+Saint-Sauvier%2BFrance/,
https://www.google.com/maps/search/etablissement+wellness+Saint-Sauvy%2BFrance/,
https://www.google.com/maps/search/etablissement+wellness+Saint-Savin%2BFrance/,
https://www.google.com/maps/search/etablissement+wellness+Saint-Savin%2BFrance/,
https://www.google.com/maps/search/etablissement+wellness+Saint-Savin%2BFrance/,
https://www.google.com/maps/search/etablissement+wellness+Saint-Savin%2BFrance/,
https://www.google.com/maps/search/etablissement+wellness+Saint-Savinien%2BFrance/,
https://www.google.com/maps/search/etablissement+wellness+Saint-Saviol%2BFrance/,
https://www.google.com/maps/search/etablissement+wellness+Saint-Savournin%2BFrance/,
https://www.google.com/maps/search/etablissement+wellness+Saint-Sébastien%2BFrance/,
https://www.google.com/maps/search/etablissement+wellness+Saint-Sébastien-d'Aigrefeuille%2BFrance/,
https://www.google.com/maps/search/etablissement+wellness+Saint-Sébastien-de-Morsent%2BFrance/,
https://www.google.com/maps/search/etablissement+wellness+Saint-Sébastien-de-Raids%2BFrance/,
https://www.google.com/maps/search/etablissement+wellness+Saint-Sébastien-sur-Loire%2BFrance/,
https://www.google.com/maps/search/etablissement+wellness+Saint-Secondin%2BFrance/,
https://www.google.com/maps/search/etablissement+wellness+Saint-Ségal%2BFrance/,
https://www.google.com/maps/search/etablissement+wellness+Saint-Séglin%2BFrance/,
https://www.google.com/maps/search/etablissement+wellness+Saint-Seine%2BFrance/,
https://www.google.com/maps/search/etablissement+wellness+Saint-Seine-en-Bâche%2BFrance/,
https://www.google.com/maps/search/etablissement+wellness+Saint-Seine-l'Abbaye%2BFrance/,
https://www.google.com/maps/search/etablissement+wellness+Saint-Seine-sur-Vingeanne%2BFrance/,
https://www.google.com/maps/search/etablissement+wellness+Saint-Selve%2BFrance/,
https://www.google.com/maps/search/etablissement+wellness+Saint-Senier-de-Beuvron%2BFrance/,
https://www.google.com/maps/search/etablissement+wellness+Saint-Senier-sous-Avranches%2BFrance/,
https://www.google.com/maps/search/etablissement+wellness+Saint-Senoch%2BFrance/,
https://www.google.com/maps/search/etablissement+wellness+Saint-Senoux%2BFrance/,
https://www.google.com/maps/search/etablissement+wellness+Saint-Sériès%2BFrance/,
https://www.google.com/maps/search/etablissement+wellness+Saint-Sernin%2BFrance/,
https://www.google.com/maps/search/etablissement+wellness+Saint-Sernin%2BFrance/,
https://www.google.com/maps/search/etablissement+wellness+Saint-Sernin%2BFrance/,
https://www.google.com/maps/search/etablissement+wellness+Saint-Sernin-du-Bois%2BFrance/,
https://www.google.com/maps/search/etablissement+wellness+Saint-Sernin-du-Plain%2BFrance/,
https://www.google.com/maps/search/etablissement+wellness+Saint-Sernin-lès-Lavaur%2BFrance/,
https://www.google.com/maps/search/etablissement+wellness+Saint-Sernin-sur-Rance%2BFrance/,
https://www.google.com/maps/search/etablissement+wellness+Saint-Sérotin%2BFrance/,
https://www.google.com/maps/search/etablissement+wellness+Saint-Servais%2BFrance/,
https://www.google.com/maps/search/etablissement+wellness+Saint-Servais%2BFrance/,
https://www.google.com/maps/search/etablissement+wellness+Saint-Servant%2BFrance/,
https://www.google.com/maps/search/etablissement+wellness+Saint-Setiers%2BFrance/,
https://www.google.com/maps/search/etablissement+wellness+Saint-Seurin-de-Bourg%2BFrance/,
https://www.google.com/maps/search/etablissement+wellness+Saint-Seurin-de-Cadourne%2BFrance/,
https://www.google.com/maps/search/etablissement+wellness+Saint-Seurin-de-Cursac%2BFrance/,
https://www.google.com/maps/search/etablissement+wellness+Saint-Seurin-de-Palenne%2BFrance/,
https://www.google.com/maps/search/etablissement+wellness+Saint-Seurin-de-Prats%2BFrance/,
https://www.google.com/maps/search/etablissement+wellness+Saint-Seurin-sur-l'Isle%2BFrance/,
https://www.google.com/maps/search/etablissement+wellness+Saint-Sève%2BFrance/,
https://www.google.com/maps/search/etablissement+wellness+Saint-Sever%2BFrance/,
https://www.google.com/maps/search/etablissement+wellness+Saint-Sever-de-Rustan%2BFrance/,
https://www.google.com/maps/search/etablissement+wellness+Saint-Sever-de-Saintonge%2BFrance/,
https://www.google.com/maps/search/etablissement+wellness+Saint-Sever-du-Moustier%2BFrance/,
https://www.google.com/maps/search/etablissement+wellness+Saint-Séverin%2BFrance/,
https://www.google.com/maps/search/etablissement+wellness+Saint-Séverin-d'Estissac%2BFrance/,
https://www.google.com/maps/search/etablissement+wellness+Saint-Séverin-sur-Boutonne%2BFrance/,
https://www.google.com/maps/search/etablissement+wellness+Saint-Siffret%2BFrance/,
https://www.google.com/maps/search/etablissement+wellness+Saint-Sigismond%2BFrance/,
https://www.google.com/maps/search/etablissement+wellness+Saint-Sigismond%2BFrance/,
https://www.google.com/maps/search/etablissement+wellness+Saint-Sigismond%2BFrance/,
https://www.google.com/maps/search/etablissement+wellness+Saint-Sigismond%2BFrance/,
https://www.google.com/maps/search/etablissement+wellness+Saint-Sigismond-de-Clermont%2BFrance/,
https://www.google.com/maps/search/etablissement+wellness+Saint-Silvain-Bas-le-Roc%2BFrance/,
https://www.google.com/maps/search/etablissement+wellness+Saint-Silvain-Bellegarde%2BFrance/,
https://www.google.com/maps/search/etablissement+wellness+Saint-Silvain-Montaigut%2BFrance/,
https://www.google.com/maps/search/etablissement+wellness+Saint-Silvain-sous-Toulx%2BFrance/,
https://www.google.com/maps/search/etablissement+wellness+Saint-Siméon%2BFrance/,
https://www.google.com/maps/search/etablissement+wellness+Saint-Siméon%2BFrance/,
https://www.google.com/maps/search/etablissement+wellness+Saint-Siméon-de-Bressieux%2BFrance/,
https://www.google.com/maps/search/etablissement+wellness+Saint-Simeux%2BFrance/,
https://www.google.com/maps/search/etablissement+wellness+Saint-Simon%2BFrance/,
https://www.google.com/maps/search/etablissement+wellness+Saint-Simon%2BFrance/,
https://www.google.com/maps/search/etablissement+wellness+Saint-Simon%2BFrance/,
https://www.google.com/maps/search/etablissement+wellness+Saint-Simon%2BFrance/,
https://www.google.com/maps/search/etablissement+wellness+Saint-Simon-de-Bordes%2BFrance/,
https://www.google.com/maps/search/etablissement+wellness+Saint-Simon-de-Pellouaille%2BFrance/,
https://www.google.com/maps/search/etablissement+wellness+Saint-Sixt%2BFrance/,
https://www.google.com/maps/search/etablissement+wellness+Saint-Sixte%2BFrance/,
https://www.google.com/maps/search/etablissement+wellness+Saint-Sixte%2BFrance/,
https://www.google.com/maps/search/etablissement+wellness+Saint-Solve%2BFrance/,
https://www.google.com/maps/search/etablissement+wellness+Saint-Sorlin%2BFrance/,
https://www.google.com/maps/search/etablissement+wellness+Saint-Sorlin-d'Arves%2BFrance/,
https://www.google.com/maps/search/etablissement+wellness+Saint-Sorlin-de-Conac%2BFrance/,
https://www.google.com/maps/search/etablissement+wellness+Saint-Sorlin-de-Morestel%2BFrance/,
https://www.google.com/maps/search/etablissement+wellness+Saint-Sorlin-de-Vienne%2BFrance/,
https://www.google.com/maps/search/etablissement+wellness+Saint-Sorlin-en-Bugey%2BFrance/,
https://www.google.com/maps/search/etablissement+wellness+Saint-Sorlin-en-Valloire%2BFrance/,
https://www.google.com/maps/search/etablissement+wellness+Saint-Sornin%2BFrance/,
https://www.google.com/maps/search/etablissement+wellness+Saint-Sornin%2BFrance/,
https://www.google.com/maps/search/etablissement+wellness+Saint-Sornin%2BFrance/,
https://www.google.com/maps/search/etablissement+wellness+Saint-Sornin-la-Marche%2BFrance/,
https://www.google.com/maps/search/etablissement+wellness+Saint-Sornin-Lavolps%2BFrance/,
https://www.google.com/maps/search/etablissement+wellness+Saint-Sornin-Leulac%2BFrance/,
https://www.google.com/maps/search/etablissement+wellness+Saint-Soulan%2BFrance/,
https://www.google.com/maps/search/etablissement+wellness+Saint-Souplet%2BFrance/,
https://www.google.com/maps/search/etablissement+wellness+Saint-Souplet-sur-Py%2BFrance/,
https://www.google.com/maps/search/etablissement+wellness+Saint-Soupplets%2BFrance/,
https://www.google.com/maps/search/etablissement+wellness+Saint-Sozy%2BFrance/,
https://www.google.com/maps/search/etablissement+wellness+Saint-Stail%2BFrance/,
https://www.google.com/maps/search/etablissement+wellness+Saint-Suliac%2BFrance/,
https://www.google.com/maps/search/etablissement+wellness+Saint-Sulpice%2BFrance/,
https://www.google.com/maps/search/etablissement+wellness+Saint-Sulpice%2BFrance/,
https://www.google.com/maps/search/etablissement+wellness+Saint-Sulpice%2BFrance/,
https://www.google.com/maps/search/etablissement+wellness+Saint-Sulpice%2BFrance/,
https://www.google.com/maps/search/etablissement+wellness+Saint-Sulpice%2BFrance/,
https://www.google.com/maps/search/etablissement+wellness+Saint-Sulpice%2BFrance/,
https://www.google.com/maps/search/etablissement+wellness+Saint-Sulpice%2BFrance/,
https://www.google.com/maps/search/etablissement+wellness+Saint-Sulpice%2BFrance/,
https://www.google.com/maps/search/etablissement+wellness+Saint-Sulpice-d'Arnoult%2BFrance/,
https://www.google.com/maps/search/etablissement+wellness+Saint-Sulpice-d'Excideuil%2BFrance/,
https://www.google.com/maps/search/etablissement+wellness+Saint-Sulpice-de-Cognac%2BFrance/,
https://www.google.com/maps/search/etablissement+wellness+Saint-Sulpice-de-Faleyrens%2BFrance/,
https://www.google.com/maps/search/etablissement+wellness+Saint-Sulpice-de-Favières%2BFrance/,
https://www.google.com/maps/search/etablissement+wellness+Saint-Sulpice-de-Grimbouville%2BFrance/,
https://www.google.com/maps/search/etablissement+wellness+Saint-Sulpice-de-Guilleragues%2BFrance/,
https://www.google.com/maps/search/etablissement+wellness+Saint-Sulpice-de-Mareuil%2BFrance/,
https://www.google.com/maps/search/etablissement+wellness+Saint-Sulpice-de-Pommeray%2BFrance/,
https://www.google.com/maps/search/etablissement+wellness+Saint-Sulpice-de-Pommiers%2BFrance/,
https://www.google.com/maps/search/etablissement+wellness+Saint-Sulpice-de-Roumagnac%2BFrance/,
https://www.google.com/maps/search/etablissement+wellness+Saint-Sulpice-de-Royan%2BFrance/,
https://www.google.com/maps/search/etablissement+wellness+Saint-Sulpice-de-Ruffec%2BFrance/,
https://www.google.com/maps/search/etablissement+wellness+Saint-Sulpice-des-Landes%2BFrance/,
https://www.google.com/maps/search/etablissement+wellness+Saint-Sulpice-des-Landes%2BFrance/,
https://www.google.com/maps/search/etablissement+wellness+Saint-Sulpice-des-Rivoires%2BFrance/,
https://www.google.com/maps/search/etablissement+wellness+Saint-Sulpice-en-Pareds%2BFrance/,
https://www.google.com/maps/search/etablissement+wellness+Saint-Sulpice-et-Cameyrac%2BFrance/,
https://www.google.com/maps/search/etablissement+wellness+Saint-Sulpice-la-Forêt%2BFrance/,
https://www.google.com/maps/search/etablissement+wellness+Saint-Sulpice-la-Pointe%2BFrance/,
https://www.google.com/maps/search/etablissement+wellness+Saint-Sulpice-Laurière%2BFrance/,
https://www.google.com/maps/search/etablissement+wellness+Saint-Sulpice-le-Dunois%2BFrance/,
https://www.google.com/maps/search/etablissement+wellness+Saint-Sulpice-le-Guérétois%2BFrance/,
https://www.google.com/maps/search/etablissement+wellness+Saint-Sulpice-les-Bois%2BFrance/,
https://www.google.com/maps/search/etablissement+wellness+Saint-Sulpice-les-Champs%2BFrance/,
https://www.google.com/maps/search/etablissement+wellness+Saint-Sulpice-les-Feuilles%2BFrance/,
https://www.google.com/maps/search/etablissement+wellness+Saint-Sulpice-sur-Lèze%2BFrance/,
https://www.google.com/maps/search/etablissement+wellness+Saint-Sulpice-sur-Risle%2BFrance/,
https://www.google.com/maps/search/etablissement+wellness+Saint-Supplet%2BFrance/,
https://www.google.com/maps/search/etablissement+wellness+Saint-Sylvain%2BFrance/,
https://www.google.com/maps/search/etablissement+wellness+Saint-Sylvain%2BFrance/,
https://www.google.com/maps/search/etablissement+wellness+Saint-Sylvain%2BFrance/,
https://www.google.com/maps/search/etablissement+wellness+Saint-Sylvestre%2BFrance/,
https://www.google.com/maps/search/etablissement+wellness+Saint-Sylvestre%2BFrance/,
https://www.google.com/maps/search/etablissement+wellness+Saint-Sylvestre%2BFrance/,
https://www.google.com/maps/search/etablissement+wellness+Saint-Sylvestre-Cappel%2BFrance/,
https://www.google.com/maps/search/etablissement+wellness+Saint-Sylvestre-de-Cormeilles%2BFrance/,
https://www.google.com/maps/search/etablissement+wellness+Saint-Sylvestre-Pragoulin%2BFrance/,
https://www.google.com/maps/search/etablissement+wellness+Saint-Sylvestre-sur-Lot%2BFrance/,
https://www.google.com/maps/search/etablissement+wellness+Saint-Symphorien%2BFrance/,
https://www.google.com/maps/search/etablissement+wellness+Saint-Symphorien%2BFrance/,
https://www.google.com/maps/search/etablissement+wellness+Saint-Symphorien%2BFrance/,
https://www.google.com/maps/search/etablissement+wellness+Saint-Symphorien%2BFrance/,
https://www.google.com/maps/search/etablissement+wellness+Saint-Symphorien%2BFrance/,
https://www.google.com/maps/search/etablissement+wellness+Saint-Symphorien%2BFrance/,
https://www.google.com/maps/search/etablissement+wellness+Saint-Symphorien%2BFrance/,
https://www.google.com/maps/search/etablissement+wellness+Saint-Symphorien-d'Ancelles%2BFrance/,
https://www.google.com/maps/search/etablissement+wellness+Saint-Symphorien-d'Ozon%2BFrance/,
https://www.google.com/maps/search/etablissement+wellness+Saint-Symphorien-de-Lay%2BFrance/,
https://www.google.com/maps/search/etablissement+wellness+Saint-Symphorien-de-Mahun%2BFrance/,
https://www.google.com/maps/search/etablissement+wellness+Saint-Symphorien-de-Marmagne%2BFrance/,
https://www.google.com/maps/search/etablissement+wellness+Saint-Symphorien-de-Thénières%2BFrance/,
https://www.google.com/maps/search/etablissement+wellness+Saint-Symphorien-des-Bois%2BFrance/,
https://www.google.com/maps/search/etablissement+wellness+Saint-Symphorien-des-Bruyères%2BFrance/,
https://www.google.com/maps/search/etablissement+wellness+Saint-Symphorien-sous-Chomérac%2BFrance/,
https://www.google.com/maps/search/etablissement+wellness+Saint-Symphorien-sur-Coise%2BFrance/,
https://www.google.com/maps/search/etablissement+wellness+Saint-Symphorien-sur-Couze%2BFrance/,
https://www.google.com/maps/search/etablissement+wellness+Saint-Symphorien-sur-Saône%2BFrance/,
https://www.google.com/maps/search/etablissement+wellness+Saint-Thégonnec Loc-Eguiner%2BFrance/,
https://www.google.com/maps/search/etablissement+wellness+Saint-Thélo%2BFrance/,
https://www.google.com/maps/search/etablissement+wellness+Saint-Théodorit%2BFrance/,
https://www.google.com/maps/search/etablissement+wellness+Saint-Théoffrey%2BFrance/,
https://www.google.com/maps/search/etablissement+wellness+Saint-Thibaud-de-Couz%2BFrance/,
https://www.google.com/maps/search/etablissement+wellness+Saint-Thibault%2BFrance/,
https://www.google.com/maps/search/etablissement+wellness+Saint-Thibault%2BFrance/,
https://www.google.com/maps/search/etablissement+wellness+Saint-Thibault%2BFrance/,
https://www.google.com/maps/search/etablissement+wellness+Saint-Thibault-des-Vignes%2BFrance/,
https://www.google.com/maps/search/etablissement+wellness+Saint-Thibaut%2BFrance/,
https://www.google.com/maps/search/etablissement+wellness+Saint-Thibéry%2BFrance/,
https://www.google.com/maps/search/etablissement+wellness+Saint-Thiébaud%2BFrance/,
https://www.google.com/maps/search/etablissement+wellness+Saint-Thiébault%2BFrance/,
https://www.google.com/maps/search/etablissement+wellness+Saint-Thierry%2BFrance/,
https://www.google.com/maps/search/etablissement+wellness+Saint-Thois%2BFrance/,
https://www.google.com/maps/search/etablissement+wellness+Saint-Thomas%2BFrance/,
https://www.google.com/maps/search/etablissement+wellness+Saint-Thomas%2BFrance/,
https://www.google.com/maps/search/etablissement+wellness+Saint-Thomas-de-Conac%2BFrance/,
https://www.google.com/maps/search/etablissement+wellness+Saint-Thomas-de-Courceriers%2BFrance/,
https://www.google.com/maps/search/etablissement+wellness+Saint-Thomas-en-Argonne%2BFrance/,
https://www.google.com/maps/search/etablissement+wellness+Saint-Thomas-en-Royans%2BFrance/,
https://www.google.com/maps/search/etablissement+wellness+Saint-Thomas-la-Garde%2BFrance/,
https://www.google.com/maps/search/etablissement+wellness+Saint-Thomé%2BFrance/,
https://www.google.com/maps/search/etablissement+wellness+Saint-Thonan%2BFrance/,
https://www.google.com/maps/search/etablissement+wellness+Saint-Thual%2BFrance/,
https://www.google.com/maps/search/etablissement+wellness+Saint-Thurial%2BFrance/,
https://www.google.com/maps/search/etablissement+wellness+Saint-Thuriau%2BFrance/,
https://www.google.com/maps/search/etablissement+wellness+Saint-Thurien%2BFrance/,
https://www.google.com/maps/search/etablissement+wellness+Saint-Thurien%2BFrance/,
https://www.google.com/maps/search/etablissement+wellness+Saint-Thurin%2BFrance/,
https://www.google.com/maps/search/etablissement+wellness+Saint-Tricat%2BFrance/,
https://www.google.com/maps/search/etablissement+wellness+Saint-Trimoël%2BFrance/,
https://www.google.com/maps/search/etablissement+wellness+Saint-Trinit%2BFrance/,
https://www.google.com/maps/search/etablissement+wellness+Saint-Trivier-de-Courtes%2BFrance/,
https://www.google.com/maps/search/etablissement+wellness+Saint-Trivier-sur-Moignans%2BFrance/,
https://www.google.com/maps/search/etablissement+wellness+Saint-Trojan%2BFrance/,
https://www.google.com/maps/search/etablissement+wellness+Saint-Trojan-les-Bains%2BFrance/,
https://www.google.com/maps/search/etablissement+wellness+Saint-Tropez%2BFrance/,
https://www.google.com/maps/search/etablissement+wellness+Saint-Tugdual%2BFrance/,
https://www.google.com/maps/search/etablissement+wellness+Saint-Ulphace%2BFrance/,
https://www.google.com/maps/search/etablissement+wellness+Saint-Ulrich%2BFrance/,
https://www.google.com/maps/search/etablissement+wellness+Saint-Uniac%2BFrance/,
https://www.google.com/maps/search/etablissement+wellness+Saint-Urbain%2BFrance/,
https://www.google.com/maps/search/etablissement+wellness+Saint-Urbain%2BFrance/,
https://www.google.com/maps/search/etablissement+wellness+Saint-Urbain-Maconcourt%2BFrance/,
https://www.google.com/maps/search/etablissement+wellness+Saint-Urcisse%2BFrance/,
https://www.google.com/maps/search/etablissement+wellness+Saint-Urcisse%2BFrance/,
https://www.google.com/maps/search/etablissement+wellness+Saint-Urcize%2BFrance/,
https://www.google.com/maps/search/etablissement+wellness+Saint-Usage%2BFrance/,
https://www.google.com/maps/search/etablissement+wellness+Saint-Usage%2BFrance/,
https://www.google.com/maps/search/etablissement+wellness+Saint-Usuge%2BFrance/,
https://www.google.com/maps/search/etablissement+wellness+Saint-Utin%2BFrance/,
https://www.google.com/maps/search/etablissement+wellness+Saint-Uze%2BFrance/,
https://www.google.com/maps/search/etablissement+wellness+Saint-Vaast-d'Équiqueville%2BFrance/,
https://www.google.com/maps/search/etablissement+wellness+Saint-Vaast-de-Longmont%2BFrance/,
https://www.google.com/maps/search/etablissement+wellness+Saint-Vaast-Dieppedalle%2BFrance/,
https://www.google.com/maps/search/etablissement+wellness+Saint-Vaast-du-Val%2BFrance/,
https://www.google.com/maps/search/etablissement+wellness+Saint-Vaast-en-Auge%2BFrance/,
https://www.google.com/maps/search/etablissement+wellness+Saint-Vaast-en-Cambrésis%2BFrance/,
https://www.google.com/maps/search/etablissement+wellness+Saint-Vaast-en-Chaussée%2BFrance/,
https://www.google.com/maps/search/etablissement+wellness+Saint-Vaast-la-Hougue%2BFrance/,
https://www.google.com/maps/search/etablissement+wellness+Saint-Vaast-lès-Mello%2BFrance/,
https://www.google.com/maps/search/etablissement+wellness+Saint-Vaast-sur-Seulles%2BFrance/,
https://www.google.com/maps/search/etablissement+wellness+Saint-Vaize%2BFrance/,
https://www.google.com/maps/search/etablissement+wellness+Saint-Valbert%2BFrance/,
https://www.google.com/maps/search/etablissement+wellness+Saint-Valentin%2BFrance/,
https://www.google.com/maps/search/etablissement+wellness+Saint-Valérien%2BFrance/,
https://www.google.com/maps/search/etablissement+wellness+Saint-Valérien%2BFrance/,
https://www.google.com/maps/search/etablissement+wellness+Saint-Valery%2BFrance/,
https://www.google.com/maps/search/etablissement+wellness+Saint-Valery-en-Caux%2BFrance/,
https://www.google.com/maps/search/etablissement+wellness+Saint-Valery-sur-Somme%2BFrance/,
https://www.google.com/maps/search/etablissement+wellness+Saint-Vallerin%2BFrance/,
https://www.google.com/maps/search/etablissement+wellness+Saint-Vallier%2BFrance/,
https://www.google.com/maps/search/etablissement+wellness+Saint-Vallier%2BFrance/,
https://www.google.com/maps/search/etablissement+wellness+Saint-Vallier%2BFrance/,
https://www.google.com/maps/search/etablissement+wellness+Saint-Vallier%2BFrance/,
https://www.google.com/maps/search/etablissement+wellness+Saint-Vallier-de-Thiey%2BFrance/,
https://www.google.com/maps/search/etablissement+wellness+Saint-Vallier-sur-Marne%2BFrance/,
https://www.google.com/maps/search/etablissement+wellness+Saint-Varent%2BFrance/,
https://www.google.com/maps/search/etablissement+wellness+Saint-Vaury%2BFrance/,
https://www.google.com/maps/search/etablissement+wellness+Saint-Venant%2BFrance/,
https://www.google.com/maps/search/etablissement+wellness+Saint-Vénérand%2BFrance/,
https://www.google.com/maps/search/etablissement+wellness+Saint-Vérain%2BFrance/,
https://www.google.com/maps/search/etablissement+wellness+Saint-Véran%2BFrance/,
https://www.google.com/maps/search/etablissement+wellness+Saint-Vérand%2BFrance/,
https://www.google.com/maps/search/etablissement+wellness+Saint-Vérand%2BFrance/,
https://www.google.com/maps/search/etablissement+wellness+Saint-Vérand%2BFrance/,
https://www.google.com/maps/search/etablissement+wellness+Saint-Vert%2BFrance/,
https://www.google.com/maps/search/etablissement+wellness+Saint-Viance%2BFrance/,
https://www.google.com/maps/search/etablissement+wellness+Saint-Viâtre%2BFrance/,
https://www.google.com/maps/search/etablissement+wellness+Saint-Viaud%2BFrance/,
https://www.google.com/maps/search/etablissement+wellness+Saint-Victeur%2BFrance/,
https://www.google.com/maps/search/etablissement+wellness+Saint-Victor%2BFrance/,
https://www.google.com/maps/search/etablissement+wellness+Saint-Victor%2BFrance/,
https://www.google.com/maps/search/etablissement+wellness+Saint-Victor%2BFrance/,
https://www.google.com/maps/search/etablissement+wellness+Saint-Victor%2BFrance/,
https://www.google.com/maps/search/etablissement+wellness+Saint-Victor-d'Épine%2BFrance/,
https://www.google.com/maps/search/etablissement+wellness+Saint-Victor-de-Buthon%2BFrance/,
https://www.google.com/maps/search/etablissement+wellness+Saint-Victor-de-Cessieu%2BFrance/,
https://www.google.com/maps/search/etablissement+wellness+Saint-Victor-de-Chrétienville%2BFrance/,
https://www.google.com/maps/search/etablissement+wellness+Saint-Victor-de-Malcap%2BFrance/,
https://www.google.com/maps/search/etablissement+wellness+Saint-Victor-de-Morestel%2BFrance/,
https://www.google.com/maps/search/etablissement+wellness+Saint-Victor-des-Oules%2BFrance/,
https://www.google.com/maps/search/etablissement+wellness+Saint-Victor-en-Marche%2BFrance/,
https://www.google.com/maps/search/etablissement+wellness+Saint-Victor-et-Melvieu%2BFrance/,
https://www.google.com/maps/search/etablissement+wellness+Saint-Victor-l'Abbaye%2BFrance/,
https://www.google.com/maps/search/etablissement+wellness+Saint-Victor-la-Coste%2BFrance/,
https://www.google.com/maps/search/etablissement+wellness+Saint-Victor-la-Rivière%2BFrance/,
https://www.google.com/maps/search/etablissement+wellness+Saint-Victor-Malescours%2BFrance/,
https://www.google.com/maps/search/etablissement+wellness+Saint-Victor-Montvianeix%2BFrance/,
https://www.google.com/maps/search/etablissement+wellness+Saint-Victor-Rouzaud%2BFrance/,
https://www.google.com/maps/search/etablissement+wellness+Saint-Victor-sur-Arlanc%2BFrance/,
https://www.google.com/maps/search/etablissement+wellness+Saint-Victor-sur-Avre%2BFrance/,
https://www.google.com/maps/search/etablissement+wellness+Saint-Victor-sur-Ouche%2BFrance/,
https://www.google.com/maps/search/etablissement+wellness+Saint-Victor-sur-Rhins%2BFrance/,
https://www.google.com/maps/search/etablissement+wellness+Saint-Victoret%2BFrance/,
https://www.google.com/maps/search/etablissement+wellness+Saint-Victour%2BFrance/,
https://www.google.com/maps/search/etablissement+wellness+Saint-Victurnien%2BFrance/,
https://www.google.com/maps/search/etablissement+wellness+Saint-Vidal%2BFrance/,
https://www.google.com/maps/search/etablissement+wellness+Saint-Vigor%2BFrance/,
https://www.google.com/maps/search/etablissement+wellness+Saint-Vigor-d'Ymonville%2BFrance/,
https://www.google.com/maps/search/etablissement+wellness+Saint-Vigor-des-Mézerets%2BFrance/,
https://www.google.com/maps/search/etablissement+wellness+Saint-Vigor-des-Monts%2BFrance/,
https://www.google.com/maps/search/etablissement+wellness+Saint-Vigor-le-Grand%2BFrance/,
https://www.google.com/maps/search/etablissement+wellness+Saint-Vincent%2BFrance/,
https://www.google.com/maps/search/etablissement+wellness+Saint-Vincent%2BFrance/,
https://www.google.com/maps/search/etablissement+wellness+Saint-Vincent%2BFrance/,
https://www.google.com/maps/search/etablissement+wellness+Saint-Vincent%2BFrance/,
https://www.google.com/maps/search/etablissement+wellness+Saint-Vincent-Bragny%2BFrance/,
https://www.google.com/maps/search/etablissement+wellness+Saint-Vincent-Cramesnil%2BFrance/,
https://www.google.com/maps/search/etablissement+wellness+Saint-Vincent-d'Autéjac%2BFrance/,
https://www.google.com/maps/search/etablissement+wellness+Saint-Vincent-d'Olargues%2BFrance/,
https://www.google.com/maps/search/etablissement+wellness+Saint-Vincent-de-Barbeyrargues%2BFrance/,
https://www.google.com/maps/search/etablissement+wellness+Saint-Vincent-de-Barrès%2BFrance/,
https://www.google.com/maps/search/etablissement+wellness+Saint-Vincent-de-Boisset%2BFrance/,
https://www.google.com/maps/search/etablissement+wellness+Saint-Vincent-de-Connezac%2BFrance/,
https://www.google.com/maps/search/etablissement+wellness+Saint-Vincent-de-Cosse%2BFrance/,
https://www.google.com/maps/search/etablissement+wellness+Saint-Vincent-de-Durfort%2BFrance/,
https://www.google.com/maps/search/etablissement+wellness+Saint-Vincent-de-Lamontjoie%2BFrance/,
https://www.google.com/maps/search/etablissement+wellness+Saint-Vincent-de-Mercuze%2BFrance/,
https://www.google.com/maps/search/etablissement+wellness+Saint-Vincent-de-Paul%2BFrance/,
https://www.google.com/maps/search/etablissement+wellness+Saint-Vincent-de-Paul%2BFrance/,
https://www.google.com/maps/search/etablissement+wellness+Saint-Vincent-de-Pertignas%2BFrance/,
https://www.google.com/maps/search/etablissement+wellness+Saint-Vincent-de-Reins%2BFrance/,
https://www.google.com/maps/search/etablissement+wellness+Saint-Vincent-de-Salers%2BFrance/,
https://www.google.com/maps/search/etablissement+wellness+Saint-Vincent-de-Tyrosse%2BFrance/,
https://www.google.com/maps/search/etablissement+wellness+Saint-Vincent-des-Bois%2BFrance/,
https://www.google.com/maps/search/etablissement+wellness+Saint-Vincent-des-Landes%2BFrance/,
https://www.google.com/maps/search/etablissement+wellness+Saint-Vincent-des-Prés%2BFrance/,
https://www.google.com/maps/search/etablissement+wellness+Saint-Vincent-des-Prés%2BFrance/,
https://www.google.com/maps/search/etablissement+wellness+Saint-Vincent-du-Boulay%2BFrance/,
https://www.google.com/maps/search/etablissement+wellness+Saint-Vincent-du-Lorouër%2BFrance/,
https://www.google.com/maps/search/etablissement+wellness+Saint-Vincent-du-Pendit%2BFrance/,
https://www.google.com/maps/search/etablissement+wellness+Saint-Vincent-en-Bresse%2BFrance/,
https://www.google.com/maps/search/etablissement+wellness+Saint-Vincent-Jalmoutiers%2BFrance/,
https://www.google.com/maps/search/etablissement+wellness+Saint-Vincent-la-Châtre%2BFrance/,
https://www.google.com/maps/search/etablissement+wellness+Saint-Vincent-la-Commanderie%2BFrance/,
https://www.google.com/maps/search/etablissement+wellness+Saint-Vincent-le-Paluel%2BFrance/,
https://www.google.com/maps/search/etablissement+wellness+Saint-Vincent-les-Forts%2BFrance/,
https://www.google.com/maps/search/etablissement+wellness+Saint-Vincent-Lespinasse%2BFrance/,
https://www.google.com/maps/search/etablissement+wellness+Saint-Vincent-Rive-d'Olt%2BFrance/,
https://www.google.com/maps/search/etablissement+wellness+Saint-Vincent-Sterlanges%2BFrance/,
https://www.google.com/maps/search/etablissement+wellness+Saint-Vincent-sur-Graon%2BFrance/,
https://www.google.com/maps/search/etablissement+wellness+Saint-Vincent-sur-Jabron%2BFrance/,
https://www.google.com/maps/search/etablissement+wellness+Saint-Vincent-sur-Jard%2BFrance/,
https://www.google.com/maps/search/etablissement+wellness+Saint-Vincent-sur-l'Isle%2BFrance/,
https://www.google.com/maps/search/etablissement+wellness+Saint-Vincent-sur-Oust%2BFrance/,
https://www.google.com/maps/search/etablissement+wellness+Saint-Vit%2BFrance/,
https://www.google.com/maps/search/etablissement+wellness+Saint-Vital%2BFrance/,
https://www.google.com/maps/search/etablissement+wellness+Saint-Vite%2BFrance/,
https://www.google.com/maps/search/etablissement+wellness+Saint-Vitte%2BFrance/,
https://www.google.com/maps/search/etablissement+wellness+Saint-Vitte-sur-Briance%2BFrance/,
https://www.google.com/maps/search/etablissement+wellness+Saint-Vivien%2BFrance/,
https://www.google.com/maps/search/etablissement+wellness+Saint-Vivien%2BFrance/,
https://www.google.com/maps/search/etablissement+wellness+Saint-Vivien-de-Blaye%2BFrance/,
https://www.google.com/maps/search/etablissement+wellness+Saint-Vivien-de-Médoc%2BFrance/,
https://www.google.com/maps/search/etablissement+wellness+Saint-Vivien-de-Monségur%2BFrance/,
https://www.google.com/maps/search/etablissement+wellness+Saint-Voir%2BFrance/,
https://www.google.com/maps/search/etablissement+wellness+Saint-Vougay%2BFrance/,
https://www.google.com/maps/search/etablissement+wellness+Saint-Vrain%2BFrance/,
https://www.google.com/maps/search/etablissement+wellness+Saint-Vrain%2BFrance/,
https://www.google.com/maps/search/etablissement+wellness+Saint-Vran%2BFrance/,
https://www.google.com/maps/search/etablissement+wellness+Saint-Vulbas%2BFrance/,
https://www.google.com/maps/search/etablissement+wellness+Saint-Waast%2BFrance/,
https://www.google.com/maps/search/etablissement+wellness+Saint-Witz%2BFrance/,
https://www.google.com/maps/search/etablissement+wellness+Saint-Xandre%2BFrance/,
https://www.google.com/maps/search/etablissement+wellness+Saint-Yaguen%2BFrance/,
https://www.google.com/maps/search/etablissement+wellness+Saint-Yan%2BFrance/,
https://www.google.com/maps/search/etablissement+wellness+Saint-Ybard%2BFrance/,
https://www.google.com/maps/search/etablissement+wellness+Saint-Ybars%2BFrance/,
https://www.google.com/maps/search/etablissement+wellness+Saint-Yon%2BFrance/,
https://www.google.com/maps/search/etablissement+wellness+Saint-Yorre%2BFrance/,
https://www.google.com/maps/search/etablissement+wellness+Saint-Yrieix-la-Montagne%2BFrance/,
https://www.google.com/maps/search/etablissement+wellness+Saint-Yrieix-la-Perche%2BFrance/,
https://www.google.com/maps/search/etablissement+wellness+Saint-Yrieix-le-Déjalat%2BFrance/,
https://www.google.com/maps/search/etablissement+wellness+Saint-Yrieix-les-Bois%2BFrance/,
https://www.google.com/maps/search/etablissement+wellness+Saint-Yrieix-sous-Aixe%2BFrance/,
https://www.google.com/maps/search/etablissement+wellness+Saint-Yrieix-sur-Charente%2BFrance/,
https://www.google.com/maps/search/etablissement+wellness+Saint-Ythaire%2BFrance/,
https://www.google.com/maps/search/etablissement+wellness+Saint-Yvi%2BFrance/,
https://www.google.com/maps/search/etablissement+wellness+Saint-Yvoine%2BFrance/,
https://www.google.com/maps/search/etablissement+wellness+Saint-Yzan-de-Soudiac%2BFrance/,
https://www.google.com/maps/search/etablissement+wellness+Saint-Yzans-de-Médoc%2BFrance/,
https://www.google.com/maps/search/etablissement+wellness+Saint-Zacharie%2BFrance/,
https://www.google.com/maps/search/etablissement+wellness+Sainte-Adresse%2BFrance/,
https://www.google.com/maps/search/etablissement+wellness+Sainte-Agathe%2BFrance/,
https://www.google.com/maps/search/etablissement+wellness+Sainte-Agathe-d'Aliermont%2BFrance/,
https://www.google.com/maps/search/etablissement+wellness+Sainte-Agathe-en-Donzy%2BFrance/,
https://www.google.com/maps/search/etablissement+wellness+Sainte-Agathe-la-Bouteresse%2BFrance/,
https://www.google.com/maps/search/etablissement+wellness+Sainte-Agnès%2BFrance/,
https://www.google.com/maps/search/etablissement+wellness+Sainte-Agnès%2BFrance/,
https://www.google.com/maps/search/etablissement+wellness+Sainte-Agnès%2BFrance/,
https://www.google.com/maps/search/etablissement+wellness+Sainte-Alauzie%2BFrance/,
https://www.google.com/maps/search/etablissement+wellness+Sainte-Anastasie%2BFrance/,
https://www.google.com/maps/search/etablissement+wellness+Sainte-Anastasie%2BFrance/,
https://www.google.com/maps/search/etablissement+wellness+Sainte-Anastasie-sur-Issole%2BFrance/,
https://www.google.com/maps/search/etablissement+wellness+Sainte-Anne%2BFrance/,
https://www.google.com/maps/search/etablissement+wellness+Sainte-Anne%2BFrance/,
https://www.google.com/maps/search/etablissement+wellness+Sainte-Anne%2BFrance/,
https://www.google.com/maps/search/etablissement+wellness+Sainte-Anne%2BFrance/,
https://www.google.com/maps/search/etablissement+wellness+Sainte-Anne%2BFrance/,
https://www.google.com/maps/search/etablissement+wellness+Sainte-Anne-d'Auray%2BFrance/,
https://www.google.com/maps/search/etablissement+wellness+Sainte-Anne-Saint-Priest%2BFrance/,
https://www.google.com/maps/search/etablissement+wellness+Sainte-Anne-sur-Brivet%2BFrance/,
https://www.google.com/maps/search/etablissement+wellness+Sainte-Anne-sur-Gervonde%2BFrance/,
https://www.google.com/maps/search/etablissement+wellness+Sainte-Anne-sur-Vilaine%2BFrance/,
https://www.google.com/maps/search/etablissement+wellness+Sainte-Aulde%2BFrance/,
https://www.google.com/maps/search/etablissement+wellness+Sainte-Aurence-Cazaux%2BFrance/,
https://www.google.com/maps/search/etablissement+wellness+Sainte-Austreberthe%2BFrance/,
https://www.google.com/maps/search/etablissement+wellness+Sainte-Austreberthe%2BFrance/,
https://www.google.com/maps/search/etablissement+wellness+Sainte-Barbe%2BFrance/,
https://www.google.com/maps/search/etablissement+wellness+Sainte-Barbe%2BFrance/,
https://www.google.com/maps/search/etablissement+wellness+Sainte-Bazeille%2BFrance/,
https://www.google.com/maps/search/etablissement+wellness+Sainte-Beuve-en-Rivière%2BFrance/,
https://www.google.com/maps/search/etablissement+wellness+Sainte-Blandine%2BFrance/,
https://www.google.com/maps/search/etablissement+wellness+Sainte-Blandine%2BFrance/,
https://www.google.com/maps/search/etablissement+wellness+Sainte-Brigitte%2BFrance/,
https://www.google.com/maps/search/etablissement+wellness+Sainte-Camelle%2BFrance/,
https://www.google.com/maps/search/etablissement+wellness+Sainte-Catherine%2BFrance/,
https://www.google.com/maps/search/etablissement+wellness+Sainte-Catherine%2BFrance/,
https://www.google.com/maps/search/etablissement+wellness+Sainte-Catherine%2BFrance/,
https://www.google.com/maps/search/etablissement+wellness+Sainte-Catherine-de-Fierbois%2BFrance/,
https://www.google.com/maps/search/etablissement+wellness+Sainte-Cécile%2BFrance/,
https://www.google.com/maps/search/etablissement+wellness+Sainte-Cécile%2BFrance/,
https://www.google.com/maps/search/etablissement+wellness+Sainte-Cécile%2BFrance/,
https://www.google.com/maps/search/etablissement+wellness+Sainte-Cécile-d'Andorge%2BFrance/,
https://www.google.com/maps/search/etablissement+wellness+Sainte-Cécile-du-Cayrou%2BFrance/,
https://www.google.com/maps/search/etablissement+wellness+Sainte-Cécile-les-Vignes%2BFrance/,
https://www.google.com/maps/search/etablissement+wellness+Sainte-Céronne-lès-Mortagne%2BFrance/,
https://www.google.com/maps/search/etablissement+wellness+Sainte-Cérotte%2BFrance/,
https://www.google.com/maps/search/etablissement+wellness+Sainte-Christie%2BFrance/,
https://www.google.com/maps/search/etablissement+wellness+Sainte-Christie-d'Armagnac%2BFrance/,
https://www.google.com/maps/search/etablissement+wellness+Sainte-Christine%2BFrance/,
https://www.google.com/maps/search/etablissement+wellness+Sainte-Colombe%2BFrance/,
https://www.google.com/maps/search/etablissement+wellness+Sainte-Colombe%2BFrance/,
https://www.google.com/maps/search/etablissement+wellness+Sainte-Colombe%2BFrance/,
https://www.google.com/maps/search/etablissement+wellness+Sainte-Colombe%2BFrance/,
https://www.google.com/maps/search/etablissement+wellness+Sainte-Colombe%2BFrance/,
https://www.google.com/maps/search/etablissement+wellness+Sainte-Colombe%2BFrance/,
https://www.google.com/maps/search/etablissement+wellness+Sainte-Colombe%2BFrance/,
https://www.google.com/maps/search/etablissement+wellness+Sainte-Colombe%2BFrance/,
https://www.google.com/maps/search/etablissement+wellness+Sainte-Colombe%2BFrance/,
https://www.google.com/maps/search/etablissement+wellness+Sainte-Colombe%2BFrance/,
https://www.google.com/maps/search/etablissement+wellness+Sainte-Colombe%2BFrance/,
https://www.google.com/maps/search/etablissement+wellness+Sainte-Colombe%2BFrance/,
https://www.google.com/maps/search/etablissement+wellness+Sainte-Colombe%2BFrance/,
https://www.google.com/maps/search/etablissement+wellness+Sainte-Colombe-de-Duras%2BFrance/,
https://www.google.com/maps/search/etablissement+wellness+Sainte-Colombe-de-la-Commanderie%2BFrance/,
https://www.google.com/maps/search/etablissement+wellness+Sainte-Colombe-de-Peyre%2BFrance/,
https://www.google.com/maps/search/etablissement+wellness+Sainte-Colombe-de-Villeneuve%2BFrance/,
https://www.google.com/maps/search/etablissement+wellness+Sainte-Colombe-des-Bois%2BFrance/,
https://www.google.com/maps/search/etablissement+wellness+Sainte-Colombe-en-Auxois%2BFrance/,
https://www.google.com/maps/search/etablissement+wellness+Sainte-Colombe-en-Bruilhois%2BFrance/,
https://www.google.com/maps/search/etablissement+wellness+Sainte-Colombe-la-Commanderie%2BFrance/,
https://www.google.com/maps/search/etablissement+wellness+Sainte-Colombe-près-Vernon%2BFrance/,
https://www.google.com/maps/search/etablissement+wellness+Sainte-Colombe-sur-Gand%2BFrance/,
https://www.google.com/maps/search/etablissement+wellness+Sainte-Colombe-sur-Guette%2BFrance/,
https://www.google.com/maps/search/etablissement+wellness+Sainte-Colombe-sur-l'Hers%2BFrance/,
https://www.google.com/maps/search/etablissement+wellness+Sainte-Colombe-sur-Loing%2BFrance/,
https://www.google.com/maps/search/etablissement+wellness+Sainte-Colombe-sur-Seine%2BFrance/,
https://www.google.com/maps/search/etablissement+wellness+Sainte-Colome%2BFrance/,
https://www.google.com/maps/search/etablissement+wellness+Sainte-Consorce%2BFrance/,
https://www.google.com/maps/search/etablissement+wellness+Sainte-Croix%2BFrance/,
https://www.google.com/maps/search/etablissement+wellness+Sainte-Croix%2BFrance/,
https://www.google.com/maps/search/etablissement+wellness+Sainte-Croix%2BFrance/,
https://www.google.com/maps/search/etablissement+wellness+Sainte-Croix%2BFrance/,
https://www.google.com/maps/search/etablissement+wellness+Sainte-Croix%2BFrance/,
https://www.google.com/maps/search/etablissement+wellness+Sainte-Croix%2BFrance/,
https://www.google.com/maps/search/etablissement+wellness+Sainte-Croix%2BFrance/,
https://www.google.com/maps/search/etablissement+wellness+Sainte-Croix-à-Lauze%2BFrance/,
https://www.google.com/maps/search/etablissement+wellness+Sainte-Croix-aux-Mines%2BFrance/,
https://www.google.com/maps/search/etablissement+wellness+Sainte-Croix-de-Caderle%2BFrance/,
https://www.google.com/maps/search/etablissement+wellness+Sainte-Croix-de-Mareuil%2BFrance/,
https://www.google.com/maps/search/etablissement+wellness+Sainte-Croix-de-Quintillargues%2BFrance/,
https://www.google.com/maps/search/etablissement+wellness+Sainte-Croix-du-Mont%2BFrance/,
https://www.google.com/maps/search/etablissement+wellness+Sainte-Croix-du-Verdon%2BFrance/,
https://www.google.com/maps/search/etablissement+wellness+Sainte-Croix-en-Jarez%2BFrance/,
https://www.google.com/maps/search/etablissement+wellness+Sainte-Croix-en-Plaine%2BFrance/,
https://www.google.com/maps/search/etablissement+wellness+Sainte-Croix-Grand-Tonne%2BFrance/,
https://www.google.com/maps/search/etablissement+wellness+Sainte-Croix-Hague%2BFrance/,
https://www.google.com/maps/search/etablissement+wellness+Sainte-Croix-sur-Buchy%2BFrance/,
https://www.google.com/maps/search/etablissement+wellness+Sainte-Croix-sur-Mer%2BFrance/,
https://www.google.com/maps/search/etablissement+wellness+Sainte-Croix-Vallée-Française%2BFrance/,
https://www.google.com/maps/search/etablissement+wellness+Sainte-Croix-Volvestre%2BFrance/,
https://www.google.com/maps/search/etablissement+wellness+Sainte-Dode%2BFrance/,
https://www.google.com/maps/search/etablissement+wellness+Sainte-Eanne%2BFrance/,
https://www.google.com/maps/search/etablissement+wellness+Sainte-Engrâce%2BFrance/,
https://www.google.com/maps/search/etablissement+wellness+Sainte-Eugénie-de-Villeneuve%2BFrance/,
https://www.google.com/maps/search/etablissement+wellness+Sainte-Eulalie%2BFrance/,
https://www.google.com/maps/search/etablissement+wellness+Sainte-Eulalie%2BFrance/,
https://www.google.com/maps/search/etablissement+wellness+Sainte-Eulalie%2BFrance/,
https://www.google.com/maps/search/etablissement+wellness+Sainte-Eulalie%2BFrance/,
https://www.google.com/maps/search/etablissement+wellness+Sainte-Eulalie%2BFrance/,
https://www.google.com/maps/search/etablissement+wellness+Sainte-Eulalie-d'Ans%2BFrance/,
https://www.google.com/maps/search/etablissement+wellness+Sainte-Eulalie-d'Eymet%2BFrance/,
https://www.google.com/maps/search/etablissement+wellness+Sainte-Eulalie-d'Olt%2BFrance/,
https://www.google.com/maps/search/etablissement+wellness+Sainte-Eulalie-de-Cernon%2BFrance/,
https://www.google.com/maps/search/etablissement+wellness+Sainte-Eulalie-en-Born%2BFrance/,
https://www.google.com/maps/search/etablissement+wellness+Sainte-Eulalie-en-Royans%2BFrance/,
https://www.google.com/maps/search/etablissement+wellness+Sainte-Euphémie%2BFrance/,
https://www.google.com/maps/search/etablissement+wellness+Sainte-Euphémie-sur-Ouvèze%2BFrance/,
https://www.google.com/maps/search/etablissement+wellness+Sainte-Eusoye%2BFrance/,
https://www.google.com/maps/search/etablissement+wellness+Sainte-Fauste%2BFrance/,
https://www.google.com/maps/search/etablissement+wellness+Sainte-Féréole%2BFrance/,
https://www.google.com/maps/search/etablissement+wellness+Sainte-Feyre%2BFrance/,
https://www.google.com/maps/search/etablissement+wellness+Sainte-Feyre-la-Montagne%2BFrance/,
https://www.google.com/maps/search/etablissement+wellness+Sainte-Flaive-des-Loups%2BFrance/,
https://www.google.com/maps/search/etablissement+wellness+Sainte-Florence%2BFrance/,
https://www.google.com/maps/search/etablissement+wellness+Sainte-Florine%2BFrance/,
https://www.google.com/maps/search/etablissement+wellness+Sainte-Foi%2BFrance/,
https://www.google.com/maps/search/etablissement+wellness+Sainte-Fortunade%2BFrance/,
https://www.google.com/maps/search/etablissement+wellness+Sainte-Foy%2BFrance/,
https://www.google.com/maps/search/etablissement+wellness+Sainte-Foy%2BFrance/,
https://www.google.com/maps/search/etablissement+wellness+Sainte-Foy%2BFrance/,
https://www.google.com/maps/search/etablissement+wellness+Sainte-Foy%2BFrance/,
https://www.google.com/maps/search/etablissement+wellness+Sainte-Foy-d'Aigrefeuille%2BFrance/,
https://www.google.com/maps/search/etablissement+wellness+Sainte-Foy-de-Belvès%2BFrance/,
https://www.google.com/maps/search/etablissement+wellness+Sainte-Foy-de-Longas%2BFrance/,
https://www.google.com/maps/search/etablissement+wellness+Sainte-Foy-de-Peyrolières%2BFrance/,
https://www.google.com/maps/search/etablissement+wellness+Sainte-Foy-l'Argentière%2BFrance/,
https://www.google.com/maps/search/etablissement+wellness+Sainte-Foy-la-Grande%2BFrance/,
https://www.google.com/maps/search/etablissement+wellness+Sainte-Foy-la-Longue%2BFrance/,
https://www.google.com/maps/search/etablissement+wellness+Sainte-Foy-lès-Lyon%2BFrance/,
https://www.google.com/maps/search/etablissement+wellness+Sainte-Foy-Saint-Sulpice%2BFrance/,
https://www.google.com/maps/search/etablissement+wellness+Sainte-Foy-Tarentaise%2BFrance/,
https://www.google.com/maps/search/etablissement+wellness+Sainte-Gauburge-Sainte-Colombe%2BFrance/,
https://www.google.com/maps/search/etablissement+wellness+Sainte-Gemme%2BFrance/,
https://www.google.com/maps/search/etablissement+wellness+Sainte-Gemme%2BFrance/,
https://www.google.com/maps/search/etablissement+wellness+Sainte-Gemme%2BFrance/,
https://www.google.com/maps/search/etablissement+wellness+Sainte-Gemme%2BFrance/,
https://www.google.com/maps/search/etablissement+wellness+Sainte-Gemme%2BFrance/,
https://www.google.com/maps/search/etablissement+wellness+Sainte-Gemme%2BFrance/,
https://www.google.com/maps/search/etablissement+wellness+Sainte-Gemme%2BFrance/,
https://www.google.com/maps/search/etablissement+wellness+Sainte-Gemme-en-Sancerrois%2BFrance/,
https://www.google.com/maps/search/etablissement+wellness+Sainte-Gemme-la-Plaine%2BFrance/,
https://www.google.com/maps/search/etablissement+wellness+Sainte-Gemme-Martaillac%2BFrance/,
https://www.google.com/maps/search/etablissement+wellness+Sainte-Gemme-Moronval%2BFrance/,
https://www.google.com/maps/search/etablissement+wellness+Sainte-Gemmes%2BFrance/,
https://www.google.com/maps/search/etablissement+wellness+Sainte-Gemmes-d'Andigné%2BFrance/,
https://www.google.com/maps/search/etablissement+wellness+Sainte-Gemmes-le-Robert%2BFrance/,
https://www.google.com/maps/search/etablissement+wellness+Sainte-Gemmes-sur-Loire%2BFrance/,
https://www.google.com/maps/search/etablissement+wellness+Sainte-Geneviève%2BFrance/,
https://www.google.com/maps/search/etablissement+wellness+Sainte-Geneviève%2BFrance/,
https://www.google.com/maps/search/etablissement+wellness+Sainte-Geneviève%2BFrance/,
https://www.google.com/maps/search/etablissement+wellness+Sainte-Geneviève%2BFrance/,
https://www.google.com/maps/search/etablissement+wellness+Sainte-Geneviève%2BFrance/,
https://www.google.com/maps/search/etablissement+wellness+Sainte-Geneviève-des-Bois%2BFrance/,
https://www.google.com/maps/search/etablissement+wellness+Sainte-Geneviève-des-Bois%2BFrance/,
https://www.google.com/maps/search/etablissement+wellness+Sainte-Geneviève-lès-Gasny%2BFrance/,
https://www.google.com/maps/search/etablissement+wellness+Sainte-Hélène%2BFrance/,
https://www.google.com/maps/search/etablissement+wellness+Sainte-Hélène%2BFrance/,
https://www.google.com/maps/search/etablissement+wellness+Sainte-Hélène%2BFrance/,
https://www.google.com/maps/search/etablissement+wellness+Sainte-Hélène%2BFrance/,
https://www.google.com/maps/search/etablissement+wellness+Sainte-Hélène%2BFrance/,
https://www.google.com/maps/search/etablissement+wellness+Sainte-Hélène-Bondeville%2BFrance/,
https://www.google.com/maps/search/etablissement+wellness+Sainte-Hélène-du-Lac%2BFrance/,
https://www.google.com/maps/search/etablissement+wellness+Sainte-Hélène-sur-Isère%2BFrance/,
https://www.google.com/maps/search/etablissement+wellness+Sainte-Hermine%2BFrance/,
https://www.google.com/maps/search/etablissement+wellness+Sainte-Honorine-de-Ducy%2BFrance/,
https://www.google.com/maps/search/etablissement+wellness+Sainte-Honorine-du-Fay%2BFrance/,
https://www.google.com/maps/search/etablissement+wellness+Sainte-Honorine-la-Chardonne%2BFrance/,
https://www.google.com/maps/search/etablissement+wellness+Sainte-Honorine-la-Guillaume%2BFrance/,
https://www.google.com/maps/search/etablissement+wellness+Sainte-Innocence%2BFrance/,
https://www.google.com/maps/search/etablissement+wellness+Sainte-Jalle%2BFrance/,
https://www.google.com/maps/search/etablissement+wellness+Sainte-Jamme-sur-Sarthe%2BFrance/,
https://www.google.com/maps/search/etablissement+wellness+Sainte-Julie%2BFrance/,
https://www.google.com/maps/search/etablissement+wellness+Sainte-Juliette%2BFrance/,
https://www.google.com/maps/search/etablissement+wellness+Sainte-Juliette-sur-Viaur%2BFrance/,
https://www.google.com/maps/search/etablissement+wellness+Sainte-Léocadie%2BFrance/,
https://www.google.com/maps/search/etablissement+wellness+Sainte-Lheurine%2BFrance/,
https://www.google.com/maps/search/etablissement+wellness+Sainte-Livrade%2BFrance/,
https://www.google.com/maps/search/etablissement+wellness+Sainte-Livrade-sur-Lot%2BFrance/,
https://www.google.com/maps/search/etablissement+wellness+Sainte-Lizaigne%2BFrance/,
https://www.google.com/maps/search/etablissement+wellness+Sainte-Luce%2BFrance/,
https://www.google.com/maps/search/etablissement+wellness+Sainte-Luce%2BFrance/,
https://www.google.com/maps/search/etablissement+wellness+Sainte-Luce-sur-Loire%2BFrance/,
https://www.google.com/maps/search/etablissement+wellness+Sainte-Lucie-de-Tallano%2BFrance/,
https://www.google.com/maps/search/etablissement+wellness+Sainte-Lunaise%2BFrance/,
https://www.google.com/maps/search/etablissement+wellness+Sainte-Magnance%2BFrance/,
https://www.google.com/maps/search/etablissement+wellness+Sainte-Marguerite%2BFrance/,
https://www.google.com/maps/search/etablissement+wellness+Sainte-Marguerite%2BFrance/,
https://www.google.com/maps/search/etablissement+wellness+Sainte-Marguerite-d'Elle%2BFrance/,
https://www.google.com/maps/search/etablissement+wellness+Sainte-Marguerite-de-Carrouges%2BFrance/,
https://www.google.com/maps/search/etablissement+wellness+Sainte-Marguerite-de-Viette%2BFrance/,
https://www.google.com/maps/search/etablissement+wellness+Sainte-Marguerite-Lafigère%2BFrance/,
https://www.google.com/maps/search/etablissement+wellness+Sainte-Marguerite-sur-Duclair%2BFrance/,
https://www.google.com/maps/search/etablissement+wellness+Sainte-Marguerite-sur-Fauville%2BFrance/,
https://www.google.com/maps/search/etablissement+wellness+Sainte-Marguerite-sur-Mer%2BFrance/,
https://www.google.com/maps/search/etablissement+wellness+Sainte-Marie%2BFrance/,
https://www.google.com/maps/search/etablissement+wellness+Sainte-Marie%2BFrance/,
https://www.google.com/maps/search/etablissement+wellness+Sainte-Marie%2BFrance/,
https://www.google.com/maps/search/etablissement+wellness+Sainte-Marie%2BFrance/,
https://www.google.com/maps/search/etablissement+wellness+Sainte-Marie%2BFrance/,
https://www.google.com/maps/search/etablissement+wellness+Sainte-Marie%2BFrance/,
https://www.google.com/maps/search/etablissement+wellness+Sainte-Marie%2BFrance/,
https://www.google.com/maps/search/etablissement+wellness+Sainte-Marie%2BFrance/,
https://www.google.com/maps/search/etablissement+wellness+Sainte-Marie%2BFrance/,
https://www.google.com/maps/search/etablissement+wellness+Sainte-Marie%2BFrance/,
https://www.google.com/maps/search/etablissement+wellness+Sainte-Marie-à-Py%2BFrance/,
https://www.google.com/maps/search/etablissement+wellness+Sainte-Marie-au-Bosc%2BFrance/,
https://www.google.com/maps/search/etablissement+wellness+Sainte-Marie-aux-Chênes%2BFrance/,
https://www.google.com/maps/search/etablissement+wellness+Sainte-Marie-aux-Mines%2BFrance/,
https://www.google.com/maps/search/etablissement+wellness+Sainte-Marie-Cappel%2BFrance/,
https://www.google.com/maps/search/etablissement+wellness+Sainte-Marie-d'Alloix%2BFrance/,
https://www.google.com/maps/search/etablissement+wellness+Sainte-Marie-d'Alvey%2BFrance/,
https://www.google.com/maps/search/etablissement+wellness+Sainte-Marie-d'Attez%2BFrance/,
https://www.google.com/maps/search/etablissement+wellness+Sainte-Marie-de-Chignac%2BFrance/,
https://www.google.com/maps/search/etablissement+wellness+Sainte-Marie-de-Cuines%2BFrance/,
https://www.google.com/maps/search/etablissement+wellness+Sainte-Marie-de-Gosse%2BFrance/,
https://www.google.com/maps/search/etablissement+wellness+Sainte-Marie-de-Ré%2BFrance/,
https://www.google.com/maps/search/etablissement+wellness+Sainte-Marie-de-Vatimesnil%2BFrance/,
https://www.google.com/maps/search/etablissement+wellness+Sainte-Marie-de-Vaux%2BFrance/,
https://www.google.com/maps/search/etablissement+wellness+Sainte-Marie-des-Champs%2BFrance/,
https://www.google.com/maps/search/etablissement+wellness+Sainte-Marie-du-Bois%2BFrance/,
https://www.google.com/maps/search/etablissement+wellness+Sainte-Marie-du-Lac-Nuisement%2BFrance/,
https://www.google.com/maps/search/etablissement+wellness+Sainte-Marie-du-Mont%2BFrance/,
https://www.google.com/maps/search/etablissement+wellness+Sainte-Marie-du-Mont%2BFrance/,
https://www.google.com/maps/search/etablissement+wellness+Sainte-Marie-en-Chanois%2BFrance/,
https://www.google.com/maps/search/etablissement+wellness+Sainte-Marie-en-Chaux%2BFrance/,
https://www.google.com/maps/search/etablissement+wellness+Sainte-Marie-Kerque%2BFrance/,
https://www.google.com/maps/search/etablissement+wellness+Sainte-Marie-la-Blanche%2BFrance/,
https://www.google.com/maps/search/etablissement+wellness+Sainte-Marie-la-Mer%2BFrance/,
https://www.google.com/maps/search/etablissement+wellness+Sainte-Marie-la-Robert%2BFrance/,
https://www.google.com/maps/search/etablissement+wellness+Sainte-Marie-Lapanouze%2BFrance/,
https://www.google.com/maps/search/etablissement+wellness+Sainte-Marie-Outre-l'Eau%2BFrance/,
https://www.google.com/maps/search/etablissement+wellness+Sainte-Marie-sur-Ouche%2BFrance/,
https://www.google.com/maps/search/etablissement+wellness+Sainte-Marthe%2BFrance/,
https://www.google.com/maps/search/etablissement+wellness+Sainte-Marthe%2BFrance/,
https://www.google.com/maps/search/etablissement+wellness+Sainte-Maure%2BFrance/,
https://www.google.com/maps/search/etablissement+wellness+Sainte-Maure-de-Peyriac%2BFrance/,
https://www.google.com/maps/search/etablissement+wellness+Sainte-Maure-de-Touraine%2BFrance/,
https://www.google.com/maps/search/etablissement+wellness+Sainte-Maxime%2BFrance/,
https://www.google.com/maps/search/etablissement+wellness+Sainte-Même%2BFrance/,
https://www.google.com/maps/search/etablissement+wellness+Sainte-Menehould%2BFrance/,
https://www.google.com/maps/search/etablissement+wellness+Sainte-Mère%2BFrance/,
https://www.google.com/maps/search/etablissement+wellness+Sainte-Mère-Église%2BFrance/,
https://www.google.com/maps/search/etablissement+wellness+Sainte-Mesme%2BFrance/,
https://www.google.com/maps/search/etablissement+wellness+Sainte-Mondane%2BFrance/,
https://www.google.com/maps/search/etablissement+wellness+Sainte-Montaine%2BFrance/,
https://www.google.com/maps/search/etablissement+wellness+Sainte-Nathalène%2BFrance/,
https://www.google.com/maps/search/etablissement+wellness+Sainte-Néomaye%2BFrance/,
https://www.google.com/maps/search/etablissement+wellness+Sainte-Olive%2BFrance/,
https://www.google.com/maps/search/etablissement+wellness+Sainte-Opportune%2BFrance/,
https://www.google.com/maps/search/etablissement+wellness+Sainte-Opportune-du-Bosc%2BFrance/,
https://www.google.com/maps/search/etablissement+wellness+Sainte-Opportune-la-Mare%2BFrance/,
https://www.google.com/maps/search/etablissement+wellness+Sainte-Orse%2BFrance/,
https://www.google.com/maps/search/etablissement+wellness+Sainte-Osmane%2BFrance/,
https://www.google.com/maps/search/etablissement+wellness+Sainte-Ouenne%2BFrance/,
https://www.google.com/maps/search/etablissement+wellness+Sainte-Pallaye%2BFrance/,
https://www.google.com/maps/search/etablissement+wellness+Sainte-Paule%2BFrance/,
https://www.google.com/maps/search/etablissement+wellness+Sainte-Pazanne%2BFrance/,
https://www.google.com/maps/search/etablissement+wellness+Sainte-Pexine%2BFrance/,
https://www.google.com/maps/search/etablissement+wellness+Sainte-Pôle%2BFrance/,
https://www.google.com/maps/search/etablissement+wellness+Sainte-Preuve%2BFrance/,
https://www.google.com/maps/search/etablissement+wellness+Sainte-Radegonde%2BFrance/,
https://www.google.com/maps/search/etablissement+wellness+Sainte-Radegonde%2BFrance/,
https://www.google.com/maps/search/etablissement+wellness+Sainte-Radegonde%2BFrance/,
https://www.google.com/maps/search/etablissement+wellness+Sainte-Radegonde%2BFrance/,
https://www.google.com/maps/search/etablissement+wellness+Sainte-Radegonde%2BFrance/,
https://www.google.com/maps/search/etablissement+wellness+Sainte-Radegonde%2BFrance/,
https://www.google.com/maps/search/etablissement+wellness+Sainte-Radegonde%2BFrance/,
https://www.google.com/maps/search/etablissement+wellness+Sainte-Radégonde%2BFrance/,
https://www.google.com/maps/search/etablissement+wellness+Sainte-Radégonde-des-Noyers%2BFrance/,
https://www.google.com/maps/search/etablissement+wellness+Sainte-Ramée%2BFrance/,
https://www.google.com/maps/search/etablissement+wellness+Sainte-Reine%2BFrance/,
https://www.google.com/maps/search/etablissement+wellness+Sainte-Reine%2BFrance/,
https://www.google.com/maps/search/etablissement+wellness+Sainte-Reine-de-Bretagne%2BFrance/,
https://www.google.com/maps/search/etablissement+wellness+Sainte-Rose%2BFrance/,
https://www.google.com/maps/search/etablissement+wellness+Sainte-Rose%2BFrance/,
https://www.google.com/maps/search/etablissement+wellness+Sainte-Ruffine%2BFrance/,
https://www.google.com/maps/search/etablissement+wellness+Sainte-Sabine%2BFrance/,
https://www.google.com/maps/search/etablissement+wellness+Sainte-Sabine-sur-Longève%2BFrance/,
https://www.google.com/maps/search/etablissement+wellness+Sainte-Savine%2BFrance/,
https://www.google.com/maps/search/etablissement+wellness+Sainte-Scolasse-sur-Sarthe%2BFrance/,
https://www.google.com/maps/search/etablissement+wellness+Sainte-Segrée%2BFrance/,
https://www.google.com/maps/search/etablissement+wellness+Sainte-Sève%2BFrance/,
https://www.google.com/maps/search/etablissement+wellness+Sainte-Sévère%2BFrance/,
https://www.google.com/maps/search/etablissement+wellness+Sainte-Sévère-sur-Indre%2BFrance/,
https://www.google.com/maps/search/etablissement+wellness+Sainte-Sigolène%2BFrance/,
https://www.google.com/maps/search/etablissement+wellness+Sainte-Solange%2BFrance/,
https://www.google.com/maps/search/etablissement+wellness+Sainte-Soline%2BFrance/,
https://www.google.com/maps/search/etablissement+wellness+Sainte-Souline%2BFrance/,
https://www.google.com/maps/search/etablissement+wellness+Sainte-Soulle%2BFrance/,
https://www.google.com/maps/search/etablissement+wellness+Sainte-Suzanne%2BFrance/,
https://www.google.com/maps/search/etablissement+wellness+Sainte-Suzanne%2BFrance/,
https://www.google.com/maps/search/etablissement+wellness+Sainte-Suzanne%2BFrance/,
https://www.google.com/maps/search/etablissement+wellness+Sainte-Suzanne-et-Chammes%2BFrance/,
https://www.google.com/maps/search/etablissement+wellness+Sainte-Suzanne-sur-Vire%2BFrance/,
https://www.google.com/maps/search/etablissement+wellness+Sainte-Terre%2BFrance/,
https://www.google.com/maps/search/etablissement+wellness+Sainte-Thérence%2BFrance/,
https://www.google.com/maps/search/etablissement+wellness+Sainte-Thorette%2BFrance/,
https://www.google.com/maps/search/etablissement+wellness+Sainte-Tréphine%2BFrance/,
https://www.google.com/maps/search/etablissement+wellness+Sainte-Trie%2BFrance/,
https://www.google.com/maps/search/etablissement+wellness+Sainte-Tulle%2BFrance/,
https://www.google.com/maps/search/etablissement+wellness+Sainte-Valière%2BFrance/,
https://www.google.com/maps/search/etablissement+wellness+Sainte-Vaubourg%2BFrance/,
https://www.google.com/maps/search/etablissement+wellness+Sainte-Verge%2BFrance/,
https://www.google.com/maps/search/etablissement+wellness+Sainte-Vertu%2BFrance/,traité (2026-08-22 17:47)
https://www.google.com/maps/search/etablissement+wellness+Saintes%2BFrance/,traité (2026-08-22 17:48)
https://www.google.com/maps/search/etablissement+wellness+Saintes-Maries-de-la-Mer%2BFrance/,traité (2026-08-22 17:48)
https://www.google.com/maps/search/etablissement+wellness+Saintines%2BFrance/,traité (2026-08-22 17:49)
https://www.google.com/maps/search/etablissement+wellness+Saintry-sur-Seine%2BFrance/,traité (2026-08-22 17:49)
https://www.google.com/maps/search/etablissement+wellness+Saints%2BFrance/,traité (2026-08-22 17:50)
https://www.google.com/maps/search/etablissement+wellness+Saints-en-Puisaye%2BFrance/,traité (2026-08-22 17:50)
https://www.google.com/maps/search/etablissement+wellness+Saints-Geosmes%2BFrance/,traité (2026-08-22 17:51)
https://www.google.com/maps/search/etablissement+wellness+Sainville%2BFrance/,traité (2026-08-22 17:51)
https://www.google.com/maps/search/etablissement+wellness+Saires%2BFrance/,traité (2026-08-22 17:53)
https://www.google.com/maps/search/etablissement+wellness+Saires-la-Verrerie%2BFrance/,traité (2026-08-22 17:53)
https://www.google.com/maps/search/etablissement+wellness+Saissac%2BFrance/,traité (2026-08-22 17:53)
https://www.google.com/maps/search/etablissement+wellness+Saisseval%2BFrance/,traité (2026-08-22 17:53)
https://www.google.com/maps/search/etablissement+wellness+Saisy%2BFrance/,traité (2026-08-22 17:53)
https://www.google.com/maps/search/etablissement+wellness+Saivres%2BFrance/,traité (2026-08-22 17:53)
https://www.google.com/maps/search/etablissement+wellness+Le Saix%2BFrance/,traité (2026-08-22 17:54)
https://www.google.com/maps/search/etablissement+wellness+Saix%2BFrance/,traité (2026-08-22 17:54)
https://www.google.com/maps/search/etablissement+wellness+Saïx%2BFrance/,traité (2026-08-22 17:56)
https://www.google.com/maps/search/etablissement+wellness+Saizenay%2BFrance/,traité (2026-08-22 17:56)
https://www.google.com/maps/search/etablissement+wellness+Saizerais%2BFrance/,traité (2026-08-22 17:56)
https://www.google.com/maps/search/etablissement+wellness+Saizy%2BFrance/,traité (2026-08-22 17:56)
https://www.google.com/maps/search/etablissement+wellness+Sajas%2BFrance/,traité (2026-08-22 17:56)
https://www.google.com/maps/search/etablissement+wellness+Salagnac%2BFrance/,traité (2026-08-22 17:57)
https://www.google.com/maps/search/etablissement+wellness+Salagnon%2BFrance/,traité (2026-08-22 17:57)
https://www.google.com/maps/search/etablissement+wellness+Salaise-sur-Sanne%2BFrance/,traité (2026-08-22 17:58)
https://www.google.com/maps/search/etablissement+wellness+Salans%2BFrance/,traité (2026-08-22 18:00)
https://www.google.com/maps/search/etablissement+wellness+Salasc%2BFrance/,traité (2026-08-22 18:00)
https://www.google.com/maps/search/etablissement+wellness+Salaunes%2BFrance/,traité (2026-08-22 18:00)
https://www.google.com/maps/search/etablissement+wellness+Salavas%2BFrance/,traité (2026-08-22 18:00)
https://www.google.com/maps/search/etablissement+wellness+Salavre%2BFrance/,traité (2026-08-22 18:00)
https://www.google.com/maps/search/etablissement+wellness+Salazac%2BFrance/,traité (2026-08-22 18:00)
https://www.google.com/maps/search/etablissement+wellness+Salazie%2BFrance/,traité (2026-08-22 18:01)
https://www.google.com/maps/search/etablissement+wellness+Salbris%2BFrance/,traité (2026-08-22 18:01)
https://www.google.com/maps/search/etablissement+wellness+Les Salces%2BFrance/,traité (2026-08-22 18:03)
https://www.google.com/maps/search/etablissement+wellness+Saléchan%2BFrance/,traité (2026-08-22 18:03)
https://www.google.com/maps/search/etablissement+wellness+Saleich%2BFrance/,traité (2026-08-22 18:03)
https://www.google.com/maps/search/etablissement+wellness+Saleignes%2BFrance/,traité (2026-08-22 18:03)
https://www.google.com/maps/search/etablissement+wellness+Saleilles%2BFrance/,traité (2026-08-22 18:04)
https://www.google.com/maps/search/etablissement+wellness+Les Salelles%2BFrance/,traité (2026-08-22 18:04)
https://www.google.com/maps/search/etablissement+wellness+Les Salelles%2BFrance/,traité (2026-08-22 18:04)
https://www.google.com/maps/search/etablissement+wellness+Salency%2BFrance/,traité (2026-08-22 18:05)
https://www.google.com/maps/search/etablissement+wellness+Saléon%2BFrance/,traité (2026-08-22 18:05)
https://www.google.com/maps/search/etablissement+wellness+Salérans%2BFrance/,traité (2026-08-22 18:07)
https://www.google.com/maps/search/etablissement+wellness+Salerm%2BFrance/,traité (2026-08-22 18:07)
https://www.google.com/maps/search/etablissement+wellness+Salernes%2BFrance/,traité (2026-08-22 18:07)
https://www.google.com/maps/search/etablissement+wellness+Salers%2BFrance/,traité (2026-08-22 18:07)
https://www.google.com/maps/search/etablissement+wellness+Sales%2BFrance/,traité (2026-08-22 18:07)
https://www.google.com/maps/search/etablissement+wellness+Salesches%2BFrance/,traité (2026-08-22 18:07)
https://www.google.com/maps/search/etablissement+wellness+La Salette-Fallavaux%2BFrance/,traité (2026-08-22 18:08)
https://www.google.com/maps/search/etablissement+wellness+Salettes%2BFrance/,traité (2026-08-22 18:10)
https://www.google.com/maps/search/etablissement+wellness+Salettes%2BFrance/,traité (2026-08-22 18:10)
https://www.google.com/maps/search/etablissement+wellness+Saleux%2BFrance/,traité (2026-08-22 18:10)
https://www.google.com/maps/search/etablissement+wellness+Salice%2BFrance/,traité (2026-08-22 18:10)
https://www.google.com/maps/search/etablissement+wellness+Saliceto%2BFrance/,traité (2026-08-22 18:10)
https://www.google.com/maps/search/etablissement+wellness+Saliès%2BFrance/,traité (2026-08-22 18:10)
https://www.google.com/maps/search/etablissement+wellness+Salies-de-Béarn%2BFrance/,traité (2026-08-22 18:11)
https://www.google.com/maps/search/etablissement+wellness+Salies-du-Salat%2BFrance/,traité (2026-08-22 18:11)
https://www.google.com/maps/search/etablissement+wellness+Salignac%2BFrance/,traité (2026-08-22 18:11)
https://www.google.com/maps/search/etablissement+wellness+Salignac-de-Mirambeau%2BFrance/,traité (2026-08-22 18:14)
https://www.google.com/maps/search/etablissement+wellness+Salignac-Eyvigues%2BFrance/,traité (2026-08-22 18:14)
https://www.google.com/maps/search/etablissement+wellness+Salignac-sur-Charente%2BFrance/,traité (2026-08-22 18:14)
https://www.google.com/maps/search/etablissement+wellness+Saligney%2BFrance/,traité (2026-08-22 18:14)
https://www.google.com/maps/search/etablissement+wellness+Saligny%2BFrance/,traité (2026-08-22 18:14)
https://www.google.com/maps/search/etablissement+wellness+Saligny-le-Vif%2BFrance/,traité (2026-08-22 18:14)
https://www.google.com/maps/search/etablissement+wellness+Saligny-sur-Roudon%2BFrance/,traité (2026-08-22 18:15)
https://www.google.com/maps/search/etablissement+wellness+Saligos%2BFrance/,traité (2026-08-22 18:15)
https://www.google.com/maps/search/etablissement+wellness+Salindres%2BFrance/,traité (2026-08-22 18:15)
https://www.google.com/maps/search/etablissement+wellness+Saline%2BFrance/,traité (2026-08-22 18:18)
https://www.google.com/maps/search/etablissement+wellness+Salinelles%2BFrance/,traité (2026-08-22 18:18)
https://www.google.com/maps/search/etablissement+wellness+Salins%2BFrance/,traité (2026-08-22 18:18)
https://www.google.com/maps/search/etablissement+wellness+Salins%2BFrance/,traité (2026-08-22 18:18)
https://www.google.com/maps/search/etablissement+wellness+Salins-Fontaine%2BFrance/,traité (2026-08-22 18:18)
https://www.google.com/maps/search/etablissement+wellness+Salins-les-Bains%2BFrance/,traité (2026-08-22 18:18)
https://www.google.com/maps/search/etablissement+wellness+Salives%2BFrance/,traité (2026-08-22 18:19)
https://www.google.com/maps/search/etablissement+wellness+Sallagriffon%2BFrance/,traité (2026-08-22 18:19)
https://www.google.com/maps/search/etablissement+wellness+Sallanches%2BFrance/,traité (2026-08-22 18:20)
https://www.google.com/maps/search/etablissement+wellness+Sallaumines%2BFrance/,traité (2026-08-22 18:22)
https://www.google.com/maps/search/etablissement+wellness+La Salle%2BFrance/,traité (2026-08-22 18:22)
https://www.google.com/maps/search/etablissement+wellness+La Salle%2BFrance/,traité (2026-08-22 18:22)
https://www.google.com/maps/search/etablissement+wellness+La Salle-en-Beaumont%2BFrance/,traité (2026-08-22 18:22)
https://www.google.com/maps/search/etablissement+wellness+La Salle-les-Alpes%2BFrance/,traité (2026-08-22 18:22)
https://www.google.com/maps/search/etablissement+wellness+Sallebœuf%2BFrance/,traité (2026-08-22 18:23)
https://www.google.com/maps/search/etablissement+wellness+Sallèdes%2BFrance/,traité (2026-08-22 18:23)
https://www.google.com/maps/search/etablissement+wellness+Sallèles-Cabardès%2BFrance/,traité (2026-08-22 18:26)
https://www.google.com/maps/search/etablissement+wellness+Sallèles-d'Aude%2BFrance/,traité (2026-08-22 18:26)
https://www.google.com/maps/search/etablissement+wellness+Sallen%2BFrance/,traité (2026-08-22 18:26)
https://www.google.com/maps/search/etablissement+wellness+Sallenelles%2BFrance/,traité (2026-08-22 18:26)
https://www.google.com/maps/search/etablissement+wellness+Sallenôves%2BFrance/,traité (2026-08-22 18:26)
https://www.google.com/maps/search/etablissement+wellness+Sallertaine%2BFrance/,traité (2026-08-22 18:26)
https://www.google.com/maps/search/etablissement+wellness+Salles%2BFrance/,traité (2026-08-22 18:29)
https://www.google.com/maps/search/etablissement+wellness+Les Salles%2BFrance/,traité (2026-08-22 18:26)
https://www.google.com/maps/search/etablissement+wellness+Salles%2BFrance/,traité (2026-08-22 18:29)
https://www.google.com/maps/search/etablissement+wellness+Salles%2BFrance/,traité (2026-08-22 18:29)
https://www.google.com/maps/search/etablissement+wellness+Salles%2BFrance/,traité (2026-08-22 18:29)
https://www.google.com/maps/search/etablissement+wellness+Salles%2BFrance/,traité (2026-08-22 18:29)
https://www.google.com/maps/search/etablissement+wellness+Salles-Adour%2BFrance/,traité (2026-08-22 18:29)
https://www.google.com/maps/search/etablissement+wellness+Salles-Arbuissonnas-en-Beaujolais%2BFrance/,traité (2026-08-22 18:29)
https://www.google.com/maps/search/etablissement+wellness+Salles-Courbatiès%2BFrance/,traité (2026-08-22 18:30)
https://www.google.com/maps/search/etablissement+wellness+Salles-Curan%2BFrance/,traité (2026-08-22 18:30)
https://www.google.com/maps/search/etablissement+wellness+Salles-d'Angles%2BFrance/,traité (2026-08-22 18:31)
https://www.google.com/maps/search/etablissement+wellness+Salles-d'Armagnac%2BFrance/,traité (2026-08-22 18:33)
https://www.google.com/maps/search/etablissement+wellness+Salles-d'Aude%2BFrance/,traité (2026-08-22 18:33)
https://www.google.com/maps/search/etablissement+wellness+Salles-de-Barbezieux%2BFrance/,traité (2026-08-22 18:33)
https://www.google.com/maps/search/etablissement+wellness+Salles-de-Belvès%2BFrance/,traité (2026-08-22 18:33)
https://www.google.com/maps/search/etablissement+wellness+Les Salles-de-Castillon%2BFrance/,traité (2026-08-22 18:33)
https://www.google.com/maps/search/etablissement+wellness+Salles-de-Villefagnan%2BFrance/,traité (2026-08-22 18:33)
https://www.google.com/maps/search/etablissement+wellness+Les Salles-du-Gardon%2BFrance/,traité (2026-08-22 18:34)
https://www.google.com/maps/search/etablissement+wellness+Salles-et-Pratviel%2BFrance/,traité (2026-08-22 18:35)
https://www.google.com/maps/search/etablissement+wellness+Salles-la-Source%2BFrance/,traité (2026-08-22 18:35)
https://www.google.com/maps/search/etablissement+wellness+Salles-Lavalette%2BFrance/,traité (2026-08-22 18:37)
https://www.google.com/maps/search/etablissement+wellness+Les Salles-Lavauguyon%2BFrance/,traité (2026-08-22 18:37)
https://www.google.com/maps/search/etablissement+wellness+Salles-Mongiscard%2BFrance/,traité (2026-08-22 18:37)
https://www.google.com/maps/search/etablissement+wellness+Salles-sous-Bois%2BFrance/,traité (2026-08-22 18:37)
https://www.google.com/maps/search/etablissement+wellness+Salles-sur-Garonne%2BFrance/,traité (2026-08-22 18:38)
https://www.google.com/maps/search/etablissement+wellness+Salles-sur-l'Hers%2BFrance/,traité (2026-08-22 18:38)
https://www.google.com/maps/search/etablissement+wellness+Salles-sur-Mer%2BFrance/,traité (2026-08-22 18:39)
https://www.google.com/maps/search/etablissement+wellness+Les Salles-sur-Verdon%2BFrance/,traité (2026-08-22 18:39)
https://www.google.com/maps/search/etablissement+wellness+Sallespisse%2BFrance/,traité (2026-08-22 18:41)
https://www.google.com/maps/search/etablissement+wellness+Salmagne%2BFrance/,traité (2026-08-22 18:41)
https://www.google.com/maps/search/etablissement+wellness+Salmaise%2BFrance/,traité (2026-08-22 18:41)
https://www.google.com/maps/search/etablissement+wellness+Salmbach%2BFrance/,traité (2026-08-22 18:41)
https://www.google.com/maps/search/etablissement+wellness+Salmiech%2BFrance/,traité (2026-08-22 18:41)
https://www.google.com/maps/search/etablissement+wellness+Salomé%2BFrance/,traité (2026-08-22 18:42)
https://www.google.com/maps/search/etablissement+wellness+Salon%2BFrance/,traité (2026-08-22 18:43)
https://www.google.com/maps/search/etablissement+wellness+Salon%2BFrance/,traité (2026-08-22 18:43)
https://www.google.com/maps/search/etablissement+wellness+Salon-de-Provence%2BFrance/,traité (2026-08-22 18:45)
https://www.google.com/maps/search/etablissement+wellness+Salon-la-Tour%2BFrance/,traité (2026-08-22 18:45)
https://www.google.com/maps/search/etablissement+wellness+Salonnes%2BFrance/,traité (2026-08-22 18:45)
https://www.google.com/maps/search/etablissement+wellness+Salornay-sur-Guye%2BFrance/,traité (2026-08-22 18:45)
https://www.google.com/maps/search/etablissement+wellness+Salouël%2BFrance/,traité (2026-08-22 18:45)
https://www.google.com/maps/search/etablissement+wellness+Salperwick%2BFrance/,traité (2026-08-22 18:46)
https://www.google.com/maps/search/etablissement+wellness+Salsein%2BFrance/,traité (2026-08-22 18:46)
https://www.google.com/maps/search/etablissement+wellness+Salses-le-Château%2BFrance/,traité (2026-08-22 18:47)
https://www.google.com/maps/search/etablissement+wellness+Salsigne%2BFrance/,traité (2026-08-22 18:49)
https://www.google.com/maps/search/etablissement+wellness+Salt-en-Donzy%2BFrance/,traité (2026-08-22 18:49)
https://www.google.com/maps/search/etablissement+wellness+Salvagnac%2BFrance/,traité (2026-08-22 18:49)
https://www.google.com/maps/search/etablissement+wellness+Salvagnac-Cajarc%2BFrance/,traité (2026-08-22 18:49)
https://www.google.com/maps/search/etablissement+wellness+La Salvetat-Belmontet%2BFrance/,échec (2026-08-22 18:49)
https://www.google.com/maps/search/etablissement+wellness+La Salvetat-Lauragais%2BFrance/,traité (2026-08-22 18:49)
https://www.google.com/maps/search/etablissement+wellness+La Salvetat-Peyralès%2BFrance/,traité (2026-08-22 18:49)
https://www.google.com/maps/search/etablissement+wellness+La Salvetat-Saint-Gilles%2BFrance/,traité (2026-08-22 18:50)
https://www.google.com/maps/search/etablissement+wellness+La Salvetat-sur-Agout%2BFrance/,traité (2026-08-22 18:50)
https://www.google.com/maps/search/etablissement+wellness+Salvezines%2BFrance/,traité (2026-08-22 18:53)
https://www.google.com/maps/search/etablissement+wellness+Salviac%2BFrance/,traité (2026-08-22 18:53)
https://www.google.com/maps/search/etablissement+wellness+Salvizinet%2BFrance/,traité (2026-08-22 18:53)
https://www.google.com/maps/search/etablissement+wellness+Salza%2BFrance/,échec (2026-08-22 18:53)
https://www.google.com/maps/search/etablissement+wellness+Salzuit%2BFrance/,traité (2026-08-22 18:53)
https://www.google.com/maps/search/etablissement+wellness+Samadet%2BFrance/,traité (2026-08-22 18:53)
https://www.google.com/maps/search/etablissement+wellness+Saman%2BFrance/,traité (2026-08-22 18:53)
https://www.google.com/maps/search/etablissement+wellness+Samaran%2BFrance/,traité (2026-08-22 18:54)
https://www.google.com/maps/search/etablissement+wellness+Samatan%2BFrance/,traité (2026-08-22 18:56)
https://www.google.com/maps/search/etablissement+wellness+Samazan%2BFrance/,traité (2026-08-22 18:56)
https://www.google.com/maps/search/etablissement+wellness+Sambin%2BFrance/,traité (2026-08-22 18:56)
https://www.google.com/maps/search/etablissement+wellness+Sambourg%2BFrance/,traité (2026-08-22 18:56)
https://www.google.com/maps/search/etablissement+wellness+Saméon%2BFrance/,traité (2026-08-22 18:56)
https://www.google.com/maps/search/etablissement+wellness+Samer%2BFrance/,traité (2026-08-22 18:56)
https://www.google.com/maps/search/etablissement+wellness+Samerey%2BFrance/,traité (2026-08-22 18:57)
https://www.google.com/maps/search/etablissement+wellness+Sames%2BFrance/,traité (2026-08-22 18:58)
https://www.google.com/maps/search/etablissement+wellness+Sammarçolles%2BFrance/,traité (2026-08-22 18:58)
https://www.google.com/maps/search/etablissement+wellness+Sammeron%2BFrance/,traité (2026-08-22 19:00)
https://www.google.com/maps/search/etablissement+wellness+Samoëns%2BFrance/,traité (2026-08-22 19:00)
https://www.google.com/maps/search/etablissement+wellness+Samognat%2BFrance/,traité (2026-08-22 19:00)
https://www.google.com/maps/search/etablissement+wellness+Samogneux%2BFrance/,traité (2026-08-22 19:00)
https://www.google.com/maps/search/etablissement+wellness+Samois-sur-Seine%2BFrance/,traité (2026-08-22 19:01)
https://www.google.com/maps/search/etablissement+wellness+Samonac%2BFrance/,traité (2026-08-22 19:01)
https://www.google.com/maps/search/etablissement+wellness+Samoreau%2BFrance/,traité (2026-08-22 19:02)
https://www.google.com/maps/search/etablissement+wellness+Samouillan%2BFrance/,traité (2026-08-22 19:02)
https://www.google.com/maps/search/etablissement+wellness+Samoussy%2BFrance/,traité (2026-08-22 19:04)
https://www.google.com/maps/search/etablissement+wellness+Sampans%2BFrance/,traité (2026-08-22 19:04)
https://www.google.com/maps/search/etablissement+wellness+Sampigny%2BFrance/,traité (2026-08-22 19:04)
https://www.google.com/maps/search/etablissement+wellness+Sampigny-lès-Maranges%2BFrance/,traité (2026-08-22 19:04)
https://www.google.com/maps/search/etablissement+wellness+Sampolo%2BFrance/,traité (2026-08-22 19:05)
https://www.google.com/maps/search/etablissement+wellness+Sampzon%2BFrance/,traité (2026-08-22 19:06)
https://www.google.com/maps/search/etablissement+wellness+Samson%2BFrance/,traité (2026-08-22 19:06)
https://www.google.com/maps/search/etablissement+wellness+Samsons-Lion%2BFrance/,traité (2026-08-22 19:06)
https://www.google.com/maps/search/etablissement+wellness+Samuran%2BFrance/,traité (2026-08-22 19:09)
https://www.google.com/maps/search/etablissement+wellness+San-Damiano%2BFrance/,traité (2026-08-22 19:09)
https://www.google.com/maps/search/etablissement+wellness+San-Gavino-d'Ampugnani%2BFrance/,traité (2026-08-22 19:09)
https://www.google.com/maps/search/etablissement+wellness+San-Gavino-di-Carbini%2BFrance/,traité (2026-08-22 19:09)
https://www.google.com/maps/search/etablissement+wellness+San-Gavino-di-Fiumorbo%2BFrance/,traité (2026-08-22 19:09)
https://www.google.com/maps/search/etablissement+wellness+San-Gavino-di-Tenda%2BFrance/,traité (2026-08-22 19:10)
https://www.google.com/maps/search/etablissement+wellness+San-Giovanni-di-Moriani%2BFrance/,traité (2026-08-22 19:10)
https://www.google.com/maps/search/etablissement+wellness+San-Giuliano%2BFrance/,traité (2026-08-22 19:10)
https://www.google.com/maps/search/etablissement+wellness+San-Lorenzo%2BFrance/,traité (2026-08-22 19:11)
https://www.google.com/maps/search/etablissement+wellness+San-Martino-di-Lota%2BFrance/,traité (2026-08-22 19:13)
https://www.google.com/maps/search/etablissement+wellness+San-Nicolao%2BFrance/,traité (2026-08-22 19:13)
https://www.google.com/maps/search/etablissement+wellness+Sana%2BFrance/,traité (2026-08-22 19:13)
https://www.google.com/maps/search/etablissement+wellness+Sanary-sur-Mer%2BFrance/,traité (2026-08-22 19:13)
https://www.google.com/maps/search/etablissement+wellness+Sancé%2BFrance/,traité (2026-08-22 19:13)
https://www.google.com/maps/search/etablissement+wellness+Sancergues%2BFrance/,traité (2026-08-22 19:13)
https://www.google.com/maps/search/etablissement+wellness+Sancerre%2BFrance/,traité (2026-08-22 19:14)
https://www.google.com/maps/search/etablissement+wellness+Sancey%2BFrance/,traité (2026-08-22 19:14)
https://www.google.com/maps/search/etablissement+wellness+Sancheville%2BFrance/,traité (2026-08-22 19:16)
https://www.google.com/maps/search/etablissement+wellness+Sanchey%2BFrance/,traité (2026-08-22 19:16)
https://www.google.com/maps/search/etablissement+wellness+Sancoins%2BFrance/,traité (2026-08-22 19:16)
https://www.google.com/maps/search/etablissement+wellness+Sancourt%2BFrance/,échec (2026-08-22 19:16)
https://www.google.com/maps/search/etablissement+wellness+Sancourt%2BFrance/,échec (2026-08-22 19:16)
https://www.google.com/maps/search/etablissement+wellness+Sancourt%2BFrance/,échec (2026-08-22 19:16)
https://www.google.com/maps/search/etablissement+wellness+Sancy%2BFrance/,
https://www.google.com/maps/search/etablissement+wellness+Sancy%2BFrance/,
https://www.google.com/maps/search/etablissement+wellness+Sancy-les-Cheminots%2BFrance/,
https://www.google.com/maps/search/etablissement+wellness+Sancy-lès-Provins%2BFrance/,
https://www.google.com/maps/search/etablissement+wellness+Sand%2BFrance/,
https://www.google.com/maps/search/etablissement+wellness+Sandarville%2BFrance/,
https://www.google.com/maps/search/etablissement+wellness+Sandaucourt%2BFrance/,
https://www.google.com/maps/search/etablissement+wellness+Sandillon%2BFrance/,
https://www.google.com/maps/search/etablissement+wellness+Sandouville%2BFrance/,
https://www.google.com/maps/search/etablissement+wellness+Sandrans%2BFrance/,
https://www.google.com/maps/search/etablissement+wellness+Sangatte%2BFrance/,
https://www.google.com/maps/search/etablissement+wellness+Sanghen%2BFrance/,
https://www.google.com/maps/search/etablissement+wellness+Sanguinet%2BFrance/,
https://www.google.com/maps/search/etablissement+wellness+Sanilhac%2BFrance/,
https://www.google.com/maps/search/etablissement+wellness+Sanilhac%2BFrance/,
https://www.google.com/maps/search/etablissement+wellness+Sanilhac-Sagriès%2BFrance/,
https://www.google.com/maps/search/etablissement+wellness+Sannat%2BFrance/,
https://www.google.com/maps/search/etablissement+wellness+Sannerville%2BFrance/,
https://www.google.com/maps/search/etablissement+wellness+Sannes%2BFrance/,
https://www.google.com/maps/search/etablissement+wellness+Sannois%2BFrance/,
https://www.google.com/maps/search/etablissement+wellness+Sanous%2BFrance/,
https://www.google.com/maps/search/etablissement+wellness+Sanry-lès-Vigy%2BFrance/,
https://www.google.com/maps/search/etablissement+wellness+Sanry-sur-Nied%2BFrance/,
https://www.google.com/maps/search/etablissement+wellness+Sans-Vallois%2BFrance/,
https://www.google.com/maps/search/etablissement+wellness+Sansa%2BFrance/,
https://www.google.com/maps/search/etablissement+wellness+Sansac-de-Marmiesse%2BFrance/,
https://www.google.com/maps/search/etablissement+wellness+Sansac-Veinazès%2BFrance/,
https://www.google.com/maps/search/etablissement+wellness+Sansais%2BFrance/,
https://www.google.com/maps/search/etablissement+wellness+Sansan%2BFrance/,
https://www.google.com/maps/search/etablissement+wellness+Sanssac-l'Église%2BFrance/,
https://www.google.com/maps/search/etablissement+wellness+Sanssat%2BFrance/,
https://www.google.com/maps/search/etablissement+wellness+Sant'Andréa-d'Orcino%2BFrance/,
https://www.google.com/maps/search/etablissement+wellness+Sant'Andréa-di-Bozio%2BFrance/,
https://www.google.com/maps/search/etablissement+wellness+Sant'Andréa-di-Cotone%2BFrance/,
https://www.google.com/maps/search/etablissement+wellness+Sant'Antonino%2BFrance/,
https://www.google.com/maps/search/etablissement+wellness+Santa-Lucia-di-Mercurio%2BFrance/,
https://www.google.com/maps/search/etablissement+wellness+Santa-Lucia-di-Moriani%2BFrance/,
https://www.google.com/maps/search/etablissement+wellness+Santa-Maria-di-Lota%2BFrance/,
https://www.google.com/maps/search/etablissement+wellness+Santa-Maria-Figaniella%2BFrance/,
https://www.google.com/maps/search/etablissement+wellness+Santa-Maria-Poggio%2BFrance/,
https://www.google.com/maps/search/etablissement+wellness+Santa-Maria-Siché%2BFrance/,
https://www.google.com/maps/search/etablissement+wellness+Santa-Reparata-di-Balagna%2BFrance/,
https://www.google.com/maps/search/etablissement+wellness+Santa-Reparata-di-Moriani%2BFrance/,
https://www.google.com/maps/search/etablissement+wellness+Santans%2BFrance/,
https://www.google.com/maps/search/etablissement+wellness+Santeau%2BFrance/,
https://www.google.com/maps/search/etablissement+wellness+Santec%2BFrance/,
https://www.google.com/maps/search/etablissement+wellness+Santenay%2BFrance/,
https://www.google.com/maps/search/etablissement+wellness+Santenay%2BFrance/,
https://www.google.com/maps/search/etablissement+wellness+Santeny%2BFrance/,
https://www.google.com/maps/search/etablissement+wellness+Santes%2BFrance/,
https://www.google.com/maps/search/etablissement+wellness+Santeuil%2BFrance/,
https://www.google.com/maps/search/etablissement+wellness+Santeuil%2BFrance/,
https://www.google.com/maps/search/etablissement+wellness+Santigny%2BFrance/,
https://www.google.com/maps/search/etablissement+wellness+Santilly%2BFrance/,
https://www.google.com/maps/search/etablissement+wellness+Santilly%2BFrance/,
https://www.google.com/maps/search/etablissement+wellness+Santo-Pietro-di-Tenda%2BFrance/,
https://www.google.com/maps/search/etablissement+wellness+Santo-Pietro-di-Venaco%2BFrance/,
https://www.google.com/maps/search/etablissement+wellness+Santoche%2BFrance/,
https://www.google.com/maps/search/etablissement+wellness+Santosse%2BFrance/,
https://www.google.com/maps/search/etablissement+wellness+Santranges%2BFrance/,
https://www.google.com/maps/search/etablissement+wellness+Sanvensa%2BFrance/,
https://www.google.com/maps/search/etablissement+wellness+Sanvignes-les-Mines%2BFrance/,
https://www.google.com/maps/search/etablissement+wellness+Sanxay%2BFrance/,
https://www.google.com/maps/search/etablissement+wellness+Sanzey%2BFrance/,
https://www.google.com/maps/search/etablissement+wellness+Saon%2BFrance/,
https://www.google.com/maps/search/etablissement+wellness+Saône%2BFrance/,
https://www.google.com/maps/search/etablissement+wellness+Saonnet%2BFrance/,
https://www.google.com/maps/search/etablissement+wellness+Saorge%2BFrance/,
https://www.google.com/maps/search/etablissement+wellness+Saosnes%2BFrance/,
https://www.google.com/maps/search/etablissement+wellness+Saou%2BFrance/,
https://www.google.com/maps/search/etablissement+wellness+Le Sap-André%2BFrance/,
https://www.google.com/maps/search/etablissement+wellness+Sap-en-Auge%2BFrance/,
https://www.google.com/maps/search/etablissement+wellness+Sapignicourt%2BFrance/,
https://www.google.com/maps/search/etablissement+wellness+Sapignies%2BFrance/,
https://www.google.com/maps/search/etablissement+wellness+Sapogne-et-Feuchères%2BFrance/,
https://www.google.com/maps/search/etablissement+wellness+Sapogne-sur-Marche%2BFrance/,
https://www.google.com/maps/search/etablissement+wellness+Sapois%2BFrance/,
https://www.google.com/maps/search/etablissement+wellness+Sapois%2BFrance/,
https://www.google.com/maps/search/etablissement+wellness+Saponay%2BFrance/,
https://www.google.com/maps/search/etablissement+wellness+Saponcourt%2BFrance/,
https://www.google.com/maps/search/etablissement+wellness+Le Sappey%2BFrance/,
https://www.google.com/maps/search/etablissement+wellness+Le Sappey-en-Chartreuse%2BFrance/,
https://www.google.com/maps/search/etablissement+wellness+Saramon%2BFrance/,
https://www.google.com/maps/search/etablissement+wellness+Saran%2BFrance/,
https://www.google.com/maps/search/etablissement+wellness+Saraz%2BFrance/,
https://www.google.com/maps/search/etablissement+wellness+Sarbazan%2BFrance/,
https://www.google.com/maps/search/etablissement+wellness+Sarcé%2BFrance/,
https://www.google.com/maps/search/etablissement+wellness+Sarceaux%2BFrance/,
https://www.google.com/maps/search/etablissement+wellness+Sarcelles%2BFrance/,
https://www.google.com/maps/search/etablissement+wellness+Sarcenas%2BFrance/,
https://www.google.com/maps/search/etablissement+wellness+Sarcey%2BFrance/,traité (2026-08-22 19:18)
https://www.google.com/maps/search/etablissement+wellness+Sarcey%2BFrance/,traité (2026-08-22 19:18)
https://www.google.com/maps/search/etablissement+wellness+Sarcos%2BFrance/,traité (2026-08-22 19:18)
https://www.google.com/maps/search/etablissement+wellness+Sarcus%2BFrance/,traité (2026-08-22 19:19)
https://www.google.com/maps/search/etablissement+wellness+Sarcy%2BFrance/,traité (2026-08-22 19:19)
https://www.google.com/maps/search/etablissement+wellness+Sardan%2BFrance/,traité (2026-08-22 19:19)
https://www.google.com/maps/search/etablissement+wellness+Sardent%2BFrance/,traité (2026-08-22 19:20)
https://www.google.com/maps/search/etablissement+wellness+Sardieu%2BFrance/,traité (2026-08-22 19:20)
https://www.google.com/maps/search/etablissement+wellness+Sardon%2BFrance/,traité (2026-08-22 19:21)
https://www.google.com/maps/search/etablissement+wellness+Sardy-lès-Épiry%2BFrance/,traité (2026-08-22 19:21)
https://www.google.com/maps/search/etablissement+wellness+Sare%2BFrance/,traité (2026-08-22 19:23)
https://www.google.com/maps/search/etablissement+wellness+Sargé-lès-le-Mans%2BFrance/,traité (2026-08-22 19:23)
https://www.google.com/maps/search/etablissement+wellness+Sargé-sur-Braye%2BFrance/,traité (2026-08-22 19:24)
https://www.google.com/maps/search/etablissement+wellness+Sari-d'Orcino%2BFrance/,traité (2026-08-22 19:24)
https://www.google.com/maps/search/etablissement+wellness+Sari-Solenzara%2BFrance/,traité (2026-08-22 19:24)
https://www.google.com/maps/search/etablissement+wellness+Sariac-Magnoac%2BFrance/,traité (2026-08-22 19:24)
https://www.google.com/maps/search/etablissement+wellness+Sarlabous%2BFrance/,traité (2026-08-22 19:24)
https://www.google.com/maps/search/etablissement+wellness+Sarlande%2BFrance/,traité (2026-08-22 19:25)
https://www.google.com/maps/search/etablissement+wellness+Sarlat-la-Canéda%2BFrance/,traité (2026-08-22 19:25)
https://www.google.com/maps/search/etablissement+wellness+Sarliac-sur-l'Isle%2BFrance/,traité (2026-08-22 19:25)
https://www.google.com/maps/search/etablissement+wellness+Sarniguet%2BFrance/,traité (2026-08-22 19:27)
https://www.google.com/maps/search/etablissement+wellness+Sarnois%2BFrance/,traité (2026-08-22 19:27)
https://www.google.com/maps/search/etablissement+wellness+Saron-sur-Aube%2BFrance/,traité (2026-08-22 19:27)
https://www.google.com/maps/search/etablissement+wellness+Sarp%2BFrance/,traité (2026-08-22 19:27)
https://www.google.com/maps/search/etablissement+wellness+Sarpourenx%2BFrance/,traité (2026-08-22 19:27)
https://www.google.com/maps/search/etablissement+wellness+Sarragachies%2BFrance/,traité (2026-08-22 19:28)
https://www.google.com/maps/search/etablissement+wellness+Sarrageois%2BFrance/,traité (2026-08-22 19:28)
https://www.google.com/maps/search/etablissement+wellness+Sarraguzan%2BFrance/,traité (2026-08-22 19:28)
https://www.google.com/maps/search/etablissement+wellness+Sarralbe%2BFrance/,traité (2026-08-22 19:29)
https://www.google.com/maps/search/etablissement+wellness+Sarraltroff%2BFrance/,traité (2026-08-22 19:29)
https://www.google.com/maps/search/etablissement+wellness+Sarran%2BFrance/,traité (2026-08-22 19:31)
https://www.google.com/maps/search/etablissement+wellness+Sarrance%2BFrance/,traité (2026-08-22 19:31)
https://www.google.com/maps/search/etablissement+wellness+Sarrancolin%2BFrance/,traité (2026-08-22 19:31)
https://www.google.com/maps/search/etablissement+wellness+Sarrant%2BFrance/,traité (2026-08-22 19:31)
https://www.google.com/maps/search/etablissement+wellness+Sarras%2BFrance/,traité (2026-08-22 19:31)
https://www.google.com/maps/search/etablissement+wellness+Sarrazac%2BFrance/,traité (2026-08-22 19:32)
https://www.google.com/maps/search/etablissement+wellness+Sarrazac%2BFrance/,traité (2026-08-22 19:32)
https://www.google.com/maps/search/etablissement+wellness+Sarraziet%2BFrance/,traité (2026-08-22 19:33)
https://www.google.com/maps/search/etablissement+wellness+Sarre-Union%2BFrance/,traité (2026-08-22 19:33)
https://www.google.com/maps/search/etablissement+wellness+Sarrebourg%2BFrance/,traité (2026-08-22 19:33)
https://www.google.com/maps/search/etablissement+wellness+Sarrecave%2BFrance/,traité (2026-08-22 19:35)
https://www.google.com/maps/search/etablissement+wellness+Sarreguemines%2BFrance/,traité (2026-08-22 19:35)
https://www.google.com/maps/search/etablissement+wellness+Sarreinsming%2BFrance/,traité (2026-08-22 19:35)
https://www.google.com/maps/search/etablissement+wellness+Sarremezan%2BFrance/,traité (2026-08-22 19:35)
https://www.google.com/maps/search/etablissement+wellness+Sarrewerden%2BFrance/,traité (2026-08-22 19:36)
https://www.google.com/maps/search/etablissement+wellness+Sarrey%2BFrance/,traité (2026-08-22 19:36)
https://www.google.com/maps/search/etablissement+wellness+Sarriac-Bigorre%2BFrance/,traité (2026-08-22 19:36)
https://www.google.com/maps/search/etablissement+wellness+Sarrians%2BFrance/,traité (2026-08-22 19:36)
https://www.google.com/maps/search/etablissement+wellness+Sarrigné%2BFrance/,traité (2026-08-22 19:37)
https://www.google.com/maps/search/etablissement+wellness+Sarrogna%2BFrance/,traité (2026-08-22 19:37)
https://www.google.com/maps/search/etablissement+wellness+Sarrola-Carcopino%2BFrance/,traité (2026-08-22 19:40)
https://www.google.com/maps/search/etablissement+wellness+Sarron%2BFrance/,traité (2026-08-22 19:40)
https://www.google.com/maps/search/etablissement+wellness+Sarrouilles%2BFrance/,traité (2026-08-22 19:40)
https://www.google.com/maps/search/etablissement+wellness+Sarroux - Saint Julien%2BFrance/,traité (2026-08-22 19:40)
https://www.google.com/maps/search/etablissement+wellness+Sarry%2BFrance/,traité (2026-08-22 19:40)
https://www.google.com/maps/search/etablissement+wellness+Sarry%2BFrance/,traité (2026-08-22 19:40)
https://www.google.com/maps/search/etablissement+wellness+Sarry%2BFrance/,traité (2026-08-22 19:40)
https://www.google.com/maps/search/etablissement+wellness+Le Sars%2BFrance/,échec (2026-08-22 19:40)
https://www.google.com/maps/search/etablissement+wellness+Sars-et-Rosières%2BFrance/,traité (2026-08-22 19:41)
https://www.google.com/maps/search/etablissement+wellness+Sars-le-Bois%2BFrance/,traité (2026-08-22 19:41)
https://www.google.com/maps/search/etablissement+wellness+Sars-Poteries%2BFrance/,traité (2026-08-22 19:43)
https://www.google.com/maps/search/etablissement+wellness+Sartène%2BFrance/,traité (2026-08-22 19:43)
https://www.google.com/maps/search/etablissement+wellness+Sartes%2BFrance/,traité (2026-08-22 19:43)
https://www.google.com/maps/search/etablissement+wellness+Sartilly-Baie-Bocage%2BFrance/,traité (2026-08-22 19:43)
https://www.google.com/maps/search/etablissement+wellness+Sarton%2BFrance/,traité (2026-08-22 19:43)
https://www.google.com/maps/search/etablissement+wellness+Sartrouville%2BFrance/,traité (2026-08-22 19:43)
https://www.google.com/maps/search/etablissement+wellness+Sarzay%2BFrance/,traité (2026-08-22 19:44)
https://www.google.com/maps/search/etablissement+wellness+Sarzeau%2BFrance/,traité (2026-08-22 19:44)
https://www.google.com/maps/search/etablissement+wellness+Sasnières%2BFrance/,traité (2026-08-22 19:44)
https://www.google.com/maps/search/etablissement+wellness+Sassangy%2BFrance/,traité (2026-08-22 19:45)
https://www.google.com/maps/search/etablissement+wellness+Sassay%2BFrance/,traité (2026-08-22 19:47)
https://www.google.com/maps/search/etablissement+wellness+Sassegnies%2BFrance/,traité (2026-08-22 19:47)
https://www.google.com/maps/search/etablissement+wellness+Sassenage%2BFrance/,traité (2026-08-22 19:47)
https://www.google.com/maps/search/etablissement+wellness+Sassenay%2BFrance/,traité (2026-08-22 19:47)
https://www.google.com/maps/search/etablissement+wellness+Sassetot-le-Malgardé%2BFrance/,traité (2026-08-22 19:47)
https://www.google.com/maps/search/etablissement+wellness+Sassetot-le-Mauconduit%2BFrance/,traité (2026-08-22 19:47)
https://www.google.com/maps/search/etablissement+wellness+Sasseville%2BFrance/,traité (2026-08-22 19:47)
https://www.google.com/maps/search/etablissement+wellness+Sassey%2BFrance/,traité (2026-08-22 19:47)
https://www.google.com/maps/search/etablissement+wellness+Sassey-sur-Meuse%2BFrance/,traité (2026-08-22 19:48)
https://www.google.com/maps/search/etablissement+wellness+Sassierges-Saint-Germain%2BFrance/,traité (2026-08-22 19:48)
https://www.google.com/maps/search/etablissement+wellness+Sassis%2BFrance/,traité (2026-08-22 19:51)
https://www.google.com/maps/search/etablissement+wellness+Sassy%2BFrance/,traité (2026-08-22 19:51)
https://www.google.com/maps/search/etablissement+wellness+Sathonay-Camp%2BFrance/,traité (2026-08-22 19:51)
https://www.google.com/maps/search/etablissement+wellness+Sathonay-Village%2BFrance/,traité (2026-08-22 19:51)
https://www.google.com/maps/search/etablissement+wellness+Satillieu%2BFrance/,traité (2026-08-22 19:51)
https://www.google.com/maps/search/etablissement+wellness+Satolas-et-Bonce%2BFrance/,traité (2026-08-22 19:51)
https://www.google.com/maps/search/etablissement+wellness+Saturargues%2BFrance/,traité (2026-08-22 19:51)
https://www.google.com/maps/search/etablissement+wellness+Saubens%2BFrance/,traité (2026-08-22 19:52)
https://www.google.com/maps/search/etablissement+wellness+Saubion%2BFrance/,traité (2026-08-22 19:52)
https://www.google.com/maps/search/etablissement+wellness+Saubole%2BFrance/,traité (2026-08-22 19:53)
https://www.google.com/maps/search/etablissement+wellness+Saubrigues%2BFrance/,traité (2026-08-22 19:55)
https://www.google.com/maps/search/etablissement+wellness+Saubusse%2BFrance/,traité (2026-08-22 19:55)
https://www.google.com/maps/search/etablissement+wellness+Saucats%2BFrance/,traité (2026-08-22 19:55)
https://www.google.com/maps/search/etablissement+wellness+Saucède%2BFrance/,traité (2026-08-22 19:55)
https://www.google.com/maps/search/etablissement+wellness+La Saucelle%2BFrance/,traité (2026-08-22 19:55)
https://www.google.com/maps/search/etablissement+wellness+Sauchay%2BFrance/,traité (2026-08-22 19:55)
https://www.google.com/maps/search/etablissement+wellness+Sauchy-Cauchy%2BFrance/,traité (2026-08-22 19:55)
https://www.google.com/maps/search/etablissement+wellness+Sauchy-Lestrée%2BFrance/,traité (2026-08-22 19:55)
https://www.google.com/maps/search/etablissement+wellness+Sauclières%2BFrance/,traité (2026-08-22 19:56)
https://www.google.com/maps/search/etablissement+wellness+Saudemont%2BFrance/,traité (2026-08-22 19:56)
https://www.google.com/maps/search/etablissement+wellness+Saudoy%2BFrance/,traité (2026-08-22 19:58)
https://www.google.com/maps/search/etablissement+wellness+Saudron%2BFrance/,traité (2026-08-22 19:58)
https://www.google.com/maps/search/etablissement+wellness+Saudrupt%2BFrance/,traité (2026-08-22 19:58)
https://www.google.com/maps/search/etablissement+wellness+Saugeot%2BFrance/,traité (2026-08-22 19:58)
https://www.google.com/maps/search/etablissement+wellness+Saugnac-et-Cambran%2BFrance/,traité (2026-08-22 19:58)
https://www.google.com/maps/search/etablissement+wellness+Saugnacq-et-Muret%2BFrance/,traité (2026-08-22 19:59)
https://www.google.com/maps/search/etablissement+wellness+Saugon%2BFrance/,traité (2026-08-22 19:59)
https://www.google.com/maps/search/etablissement+wellness+Saugues%2BFrance/,traité (2026-08-22 19:59)
https://www.google.com/maps/search/etablissement+wellness+Sauguis-Saint-Étienne%2BFrance/,traité (2026-08-22 20:00)
https://www.google.com/maps/search/etablissement+wellness+Saugy%2BFrance/,traité (2026-08-22 20:00)
https://www.google.com/maps/search/etablissement+wellness+Saujac%2BFrance/,traité (2026-08-22 20:02)
https://www.google.com/maps/search/etablissement+wellness+Saujon%2BFrance/,traité (2026-08-22 20:02)
https://www.google.com/maps/search/etablissement+wellness+Saül%2BFrance/,traité (2026-08-22 20:03)
https://www.google.com/maps/search/etablissement+wellness+La Saulce%2BFrance/,traité (2026-08-22 20:03)
https://www.google.com/maps/search/etablissement+wellness+Saulce-sur-Rhône%2BFrance/,traité (2026-08-22 20:03)
https://www.google.com/maps/search/etablissement+wellness+Saulces-Champenoises%2BFrance/,traité (2026-08-22 20:03)
https://www.google.com/maps/search/etablissement+wellness+Saulces-Monclin%2BFrance/,traité (2026-08-22 20:03)
https://www.google.com/maps/search/etablissement+wellness+Saulcet%2BFrance/,traité (2026-08-22 20:04)
https://www.google.com/maps/search/etablissement+wellness+Saulchery%2BFrance/,traité (2026-08-22 20:04)
https://www.google.com/maps/search/etablissement+wellness+Le Saulchoy%2BFrance/,traité (2026-08-22 20:04)
https://www.google.com/maps/search/etablissement+wellness+Saulchoy%2BFrance/,traité (2026-08-22 20:07)
https://www.google.com/maps/search/etablissement+wellness+Saulchoy-sous-Poix%2BFrance/,traité (2026-08-22 20:07)
https://www.google.com/maps/search/etablissement+wellness+Saulcy%2BFrance/,traité (2026-08-22 20:07)
https://www.google.com/maps/search/etablissement+wellness+Le Saulcy%2BFrance/,traité (2026-08-22 20:07)
https://www.google.com/maps/search/etablissement+wellness+Saulcy-sur-Meurthe%2BFrance/,traité (2026-08-22 20:07)
https://www.google.com/maps/search/etablissement+wellness+Saules%2BFrance/,traité (2026-08-22 20:07)
https://www.google.com/maps/search/etablissement+wellness+Saules%2BFrance/,traité (2026-08-22 20:07)
https://www.google.com/maps/search/etablissement+wellness+Saulgé%2BFrance/,traité (2026-08-22 20:07)
https://www.google.com/maps/search/etablissement+wellness+Saulgé-l'Hôpital%2BFrance/,traité (2026-08-22 20:07)
https://www.google.com/maps/search/etablissement+wellness+Saulges%2BFrance/,traité (2026-08-22 20:08)
https://www.google.com/maps/search/etablissement+wellness+Saulgond%2BFrance/,traité (2026-08-22 20:10)
https://www.google.com/maps/search/etablissement+wellness+Sauliac-sur-Célé%2BFrance/,traité (2026-08-22 20:10)
https://www.google.com/maps/search/etablissement+wellness+Saulieu%2BFrance/,traité (2026-08-22 20:10)
https://www.google.com/maps/search/etablissement+wellness+Saulles%2BFrance/,traité (2026-08-22 20:10)
https://www.google.com/maps/search/etablissement+wellness+Saulmory-Villefranche%2BFrance/,traité (2026-08-22 20:10)
https://www.google.com/maps/search/etablissement+wellness+Saulnay%2BFrance/,traité (2026-08-22 20:10)
https://www.google.com/maps/search/etablissement+wellness+Saulnes%2BFrance/,traité (2026-08-22 20:11)
https://www.google.com/maps/search/etablissement+wellness+Saulnières%2BFrance/,traité (2026-08-22 20:11)
https://www.google.com/maps/search/etablissement+wellness+Saulnières%2BFrance/,traité (2026-08-22 20:11)
https://www.google.com/maps/search/etablissement+wellness+Saulnot%2BFrance/,traité (2026-08-22 20:12)
https://www.google.com/maps/search/etablissement+wellness+Saulny%2BFrance/,traité (2026-08-22 20:14)
https://www.google.com/maps/search/etablissement+wellness+Saulon-la-Chapelle%2BFrance/,traité (2026-08-22 20:14)
https://www.google.com/maps/search/etablissement+wellness+Saulon-la-Rue%2BFrance/,traité (2026-08-22 20:14)
https://www.google.com/maps/search/etablissement+wellness+La Saulsotte%2BFrance/,traité (2026-08-22 20:14)
https://www.google.com/maps/search/etablissement+wellness+Sault%2BFrance/,traité (2026-08-22 20:14)
https://www.google.com/maps/search/etablissement+wellness+Sault-Brénaz%2BFrance/,traité (2026-08-22 20:14)
https://www.google.com/maps/search/etablissement+wellness+Sault-de-Navailles%2BFrance/,traité (2026-08-22 20:15)
https://www.google.com/maps/search/etablissement+wellness+Sault-lès-Rethel%2BFrance/,traité (2026-08-22 20:15)
https://www.google.com/maps/search/etablissement+wellness+Sault-Saint-Remy%2BFrance/,traité (2026-08-22 20:15)
https://www.google.com/maps/search/etablissement+wellness+Saultain%2BFrance/,traité (2026-08-22 20:16)
https://www.google.com/maps/search/etablissement+wellness+Saulty%2BFrance/,traité (2026-08-22 20:18)
https://www.google.com/maps/search/etablissement+wellness+Saulvaux%2BFrance/,échec (2026-08-22 20:18)
https://www.google.com/maps/search/etablissement+wellness+Saulx%2BFrance/,traité (2026-08-22 20:18)
https://www.google.com/maps/search/etablissement+wellness+Saulx-le-Duc%2BFrance/,traité (2026-08-22 20:18)
https://www.google.com/maps/search/etablissement+wellness+Saulx-lès-Champlon%2BFrance/,traité (2026-08-22 20:18)
https://www.google.com/maps/search/etablissement+wellness+Saulx-les-Chartreux%2BFrance/,traité (2026-08-22 20:18)
https://www.google.com/maps/search/etablissement+wellness+Saulx-Marchais%2BFrance/,traité (2026-08-22 20:18)
https://www.google.com/maps/search/etablissement+wellness+Saulxerotte%2BFrance/,traité (2026-08-22 20:19)
https://www.google.com/maps/search/etablissement+wellness+Saulxures%2BFrance/,traité (2026-08-22 20:19)
https://www.google.com/maps/search/etablissement+wellness+Saulxures%2BFrance/,traité (2026-08-22 20:19)
https://www.google.com/maps/search/etablissement+wellness+Saulxures-lès-Bulgnéville%2BFrance/,traité (2026-08-22 20:20)
https://www.google.com/maps/search/etablissement+wellness+Saulxures-lès-Nancy%2BFrance/,traité (2026-08-22 20:22)
https://www.google.com/maps/search/etablissement+wellness+Saulxures-lès-Vannes%2BFrance/,traité (2026-08-22 20:22)
https://www.google.com/maps/search/etablissement+wellness+Saulxures-sur-Moselotte%2BFrance/,traité (2026-08-22 20:22)
https://www.google.com/maps/search/etablissement+wellness+Saulzais-le-Potier%2BFrance/,traité (2026-08-22 20:22)
https://www.google.com/maps/search/etablissement+wellness+Saulzet%2BFrance/,traité (2026-08-22 20:22)
https://www.google.com/maps/search/etablissement+wellness+Saulzet-le-Froid%2BFrance/,traité (2026-08-22 20:23)
https://www.google.com/maps/search/etablissement+wellness+Saulzoir%2BFrance/,traité (2026-08-22 20:23)
https://www.google.com/maps/search/etablissement+wellness+Saumane%2BFrance/,traité (2026-08-22 20:24)
https://www.google.com/maps/search/etablissement+wellness+Saumane%2BFrance/,traité (2026-08-22 20:24)
https://www.google.com/maps/search/etablissement+wellness+Saumane-de-Vaucluse%2BFrance/,traité (2026-08-22 20:26)
https://www.google.com/maps/search/etablissement+wellness+Sauméjan%2BFrance/,traité (2026-08-22 20:26)
https://www.google.com/maps/search/etablissement+wellness+Saumeray%2BFrance/,traité (2026-08-22 20:26)
https://www.google.com/maps/search/etablissement+wellness+Saumont%2BFrance/,traité (2026-08-22 20:26)
https://www.google.com/maps/search/etablissement+wellness+Saumont-la-Poterie%2BFrance/,traité (2026-08-22 20:26)
https://www.google.com/maps/search/etablissement+wellness+Saumos%2BFrance/,traité (2026-08-22 20:26)
https://www.google.com/maps/search/etablissement+wellness+Saumur%2BFrance/,traité (2026-08-22 20:26)
https://www.google.com/maps/search/etablissement+wellness+Saunay%2BFrance/,traité (2026-08-22 20:26)
https://www.google.com/maps/search/etablissement+wellness+La Saunière%2BFrance/,traité (2026-08-22 20:27)
https://www.google.com/maps/search/etablissement+wellness+Saunières%2BFrance/,traité (2026-08-22 20:28)
https://www.google.com/maps/search/etablissement+wellness+Sauqueville%2BFrance/,traité (2026-08-22 20:30)
https://www.google.com/maps/search/etablissement+wellness+Saurais%2BFrance/,traité (2026-08-22 20:30)
https://www.google.com/maps/search/etablissement+wellness+Saurat%2BFrance/,traité (2026-08-22 20:30)
https://www.google.com/maps/search/etablissement+wellness+Sauret-Besserve%2BFrance/,traité (2026-08-22 20:30)
https://www.google.com/maps/search/etablissement+wellness+Saurier%2BFrance/,traité (2026-08-22 20:30)
https://www.google.com/maps/search/etablissement+wellness+Sausheim%2BFrance/,traité (2026-08-22 20:30)
https://www.google.com/maps/search/etablissement+wellness+Saussan%2BFrance/,traité (2026-08-22 20:30)
https://www.google.com/maps/search/etablissement+wellness+Saussay%2BFrance/,traité (2026-08-22 20:31)
https://www.google.com/maps/search/etablissement+wellness+Saussay%2BFrance/,traité (2026-08-22 20:31)
https://www.google.com/maps/search/etablissement+wellness+Saussay-la-Campagne%2BFrance/,traité (2026-08-22 20:31)
https://www.google.com/maps/search/etablissement+wellness+La Saussaye%2BFrance/,traité (2026-08-22 20:33)
https://www.google.com/maps/search/etablissement+wellness+Saussemesnil%2BFrance/,traité (2026-08-22 20:33)
https://www.google.com/maps/search/etablissement+wellness+Saussenac%2BFrance/,traité (2026-08-22 20:34)
https://www.google.com/maps/search/etablissement+wellness+Saussens%2BFrance/,traité (2026-08-22 20:34)
https://www.google.com/maps/search/etablissement+wellness+Sausses%2BFrance/,traité (2026-08-22 20:34)
https://www.google.com/maps/search/etablissement+wellness+Sausset-les-Pins%2BFrance/,traité (2026-08-22 20:34)
https://www.google.com/maps/search/etablissement+wellness+Sausseuzemare-en-Caux%2BFrance/,traité (2026-08-22 20:34)
https://www.google.com/maps/search/etablissement+wellness+Saussey%2BFrance/,traité (2026-08-22 20:35)
https://www.google.com/maps/search/etablissement+wellness+Saussey%2BFrance/,traité (2026-08-22 20:35)
https://www.google.com/maps/search/etablissement+wellness+Saussignac%2BFrance/,traité (2026-08-22 20:35)
https://www.google.com/maps/search/etablissement+wellness+Saussines%2BFrance/,traité (2026-08-22 20:37)
https://www.google.com/maps/search/etablissement+wellness+Saussy%2BFrance/,traité (2026-08-22 20:37)
https://www.google.com/maps/search/etablissement+wellness+Sautel%2BFrance/,traité (2026-08-22 20:37)
https://www.google.com/maps/search/etablissement+wellness+Sauternes%2BFrance/,traité (2026-08-22 20:37)
https://www.google.com/maps/search/etablissement+wellness+Sauteyrargues%2BFrance/,traité (2026-08-22 20:37)
https://www.google.com/maps/search/etablissement+wellness+Sauto%2BFrance/,traité (2026-08-22 20:38)
https://www.google.com/maps/search/etablissement+wellness+Sautron%2BFrance/,traité (2026-08-22 20:38)
https://www.google.com/maps/search/etablissement+wellness+Les Sauvages%2BFrance/,traité (2026-08-22 20:38)
https://www.google.com/maps/search/etablissement+wellness+Sauvagnac%2BFrance/,traité (2026-08-22 20:39)
https://www.google.com/maps/search/etablissement+wellness+Sauvagnas%2BFrance/,traité (2026-08-22 20:39)
https://www.google.com/maps/search/etablissement+wellness+Sauvagnat%2BFrance/,traité (2026-08-22 20:41)
https://www.google.com/maps/search/etablissement+wellness+Sauvagnat-Sainte-Marthe%2BFrance/,traité (2026-08-22 20:41)
https://www.google.com/maps/search/etablissement+wellness+Sauvagney%2BFrance/,traité (2026-08-22 20:41)
https://www.google.com/maps/search/etablissement+wellness+Sauvagnon%2BFrance/,traité (2026-08-22 20:41)
https://www.google.com/maps/search/etablissement+wellness+Sauvagny%2BFrance/,traité (2026-08-22 20:41)
https://www.google.com/maps/search/etablissement+wellness+Sauvain%2BFrance/,traité (2026-08-22 20:41)
https://www.google.com/maps/search/etablissement+wellness+Sauvat%2BFrance/,traité (2026-08-22 20:41)
https://www.google.com/maps/search/etablissement+wellness+Sauve%2BFrance/,traité (2026-08-22 20:42)
https://www.google.com/maps/search/etablissement+wellness+La Sauve%2BFrance/,traité (2026-08-22 20:42)
https://www.google.com/maps/search/etablissement+wellness+Sauvelade%2BFrance/,traité (2026-08-22 20:42)
https://www.google.com/maps/search/etablissement+wellness+Sauverny%2BFrance/,traité (2026-08-22 20:45)
https://www.google.com/maps/search/etablissement+wellness+Sauvessanges%2BFrance/,traité (2026-08-22 20:45)
https://www.google.com/maps/search/etablissement+wellness+La Sauvetat%2BFrance/,traité (2026-08-22 20:45)
https://www.google.com/maps/search/etablissement+wellness+La Sauvetat%2BFrance/,traité (2026-08-22 20:45)
https://www.google.com/maps/search/etablissement+wellness+La Sauvetat-de-Savères%2BFrance/,traité (2026-08-22 20:45)
https://www.google.com/maps/search/etablissement+wellness+La Sauvetat-du-Dropt%2BFrance/,traité (2026-08-22 20:45)
https://www.google.com/maps/search/etablissement+wellness+La Sauvetat-sur-Lède%2BFrance/,traité (2026-08-22 20:46)
https://www.google.com/maps/search/etablissement+wellness+Sauveterre%2BFrance/,traité (2026-08-22 20:47)
https://www.google.com/maps/search/etablissement+wellness+Sauveterre%2BFrance/,traité (2026-08-22 20:47)
https://www.google.com/maps/search/etablissement+wellness+Sauveterre%2BFrance/,traité (2026-08-22 20:47)
https://www.google.com/maps/search/etablissement+wellness+Sauveterre%2BFrance/,traité (2026-08-22 20:47)
https://www.google.com/maps/search/etablissement+wellness+Sauveterre%2BFrance/,traité (2026-08-22 20:47)
https://www.google.com/maps/search/etablissement+wellness+Sauveterre-de-Béarn%2BFrance/,
https://www.google.com/maps/search/etablissement+wellness+Sauveterre-de-Comminges%2BFrance/,
https://www.google.com/maps/search/etablissement+wellness+Sauveterre-de-Guyenne%2BFrance/,
https://www.google.com/maps/search/etablissement+wellness+Sauveterre-de-Rouergue%2BFrance/,
https://www.google.com/maps/search/etablissement+wellness+Sauveterre-la-Lémance%2BFrance/,
https://www.google.com/maps/search/etablissement+wellness+Sauveterre-Saint-Denis%2BFrance/,
https://www.google.com/maps/search/etablissement+wellness+Sauviac%2BFrance/,
https://www.google.com/maps/search/etablissement+wellness+Sauviac%2BFrance/,
https://www.google.com/maps/search/etablissement+wellness+Sauvian%2BFrance/,
https://www.google.com/maps/search/etablissement+wellness+Sauviat%2BFrance/,
https://www.google.com/maps/search/etablissement+wellness+Sauviat-sur-Vige%2BFrance/,
https://www.google.com/maps/search/etablissement+wellness+Sauvignac%2BFrance/,
https://www.google.com/maps/search/etablissement+wellness+Sauvigney-lès-Gray%2BFrance/,
https://www.google.com/maps/search/etablissement+wellness+Sauvigney-lès-Pesmes%2BFrance/,
https://www.google.com/maps/search/etablissement+wellness+Sauvigny%2BFrance/,
https://www.google.com/maps/search/etablissement+wellness+Sauvigny-le-Beuréal%2BFrance/,
https://www.google.com/maps/search/etablissement+wellness+Sauvigny-le-Bois%2BFrance/,
https://www.google.com/maps/search/etablissement+wellness+Sauvigny-les-Bois%2BFrance/,
https://www.google.com/maps/search/etablissement+wellness+Sauville%2BFrance/,
https://www.google.com/maps/search/etablissement+wellness+Sauville%2BFrance/,
https://www.google.com/maps/search/etablissement+wellness+Sauvillers-Mongival%2BFrance/,
https://www.google.com/maps/search/etablissement+wellness+Sauvimont%2BFrance/,
https://www.google.com/maps/search/etablissement+wellness+Sauvoy%2BFrance/,
https://www.google.com/maps/search/etablissement+wellness+Saux%2BFrance/,
https://www.google.com/maps/search/etablissement+wellness+Saux-et-Pomarède%2BFrance/,
https://www.google.com/maps/search/etablissement+wellness+Sauxillanges%2BFrance/,
https://www.google.com/maps/search/etablissement+wellness+Sauze%2BFrance/,
https://www.google.com/maps/search/etablissement+wellness+Le Sauze-du-Lac%2BFrance/,
https://www.google.com/maps/search/etablissement+wellness+Sauzé-Vaussais%2BFrance/,
https://www.google.com/maps/search/etablissement+wellness+Sauzelles%2BFrance/,
https://www.google.com/maps/search/etablissement+wellness+Sauzet%2BFrance/,
https://www.google.com/maps/search/etablissement+wellness+Sauzet%2BFrance/,
https://www.google.com/maps/search/etablissement+wellness+Sauzet%2BFrance/,
https://www.google.com/maps/search/etablissement+wellness+La Sauzière-Saint-Jean%2BFrance/,
https://www.google.com/maps/search/etablissement+wellness+Sauzon%2BFrance/,
https://www.google.com/maps/search/etablissement+wellness+Savarthès%2BFrance/,
https://www.google.com/maps/search/etablissement+wellness+Savas%2BFrance/,
https://www.google.com/maps/search/etablissement+wellness+Savas-Mépin%2BFrance/,
https://www.google.com/maps/search/etablissement+wellness+Savasse%2BFrance/,
https://www.google.com/maps/search/etablissement+wellness+Savenay%2BFrance/,
https://www.google.com/maps/search/etablissement+wellness+Savenès%2BFrance/,
https://www.google.com/maps/search/etablissement+wellness+Savennes%2BFrance/,
https://www.google.com/maps/search/etablissement+wellness+Savennes%2BFrance/,
https://www.google.com/maps/search/etablissement+wellness+Savennières%2BFrance/,
https://www.google.com/maps/search/etablissement+wellness+Saverdun%2BFrance/,
https://www.google.com/maps/search/etablissement+wellness+Savères%2BFrance/,
https://www.google.com/maps/search/etablissement+wellness+Saverne%2BFrance/,
https://www.google.com/maps/search/etablissement+wellness+Saveuse%2BFrance/,
https://www.google.com/maps/search/etablissement+wellness+Savianges%2BFrance/,
https://www.google.com/maps/search/etablissement+wellness+Savières%2BFrance/,
https://www.google.com/maps/search/etablissement+wellness+Savigna%2BFrance/,
https://www.google.com/maps/search/etablissement+wellness+Savignac%2BFrance/,
https://www.google.com/maps/search/etablissement+wellness+Savignac%2BFrance/,
https://www.google.com/maps/search/etablissement+wellness+Savignac-de-Duras%2BFrance/,
https://www.google.com/maps/search/etablissement+wellness+Savignac-de-l'Isle%2BFrance/,
https://www.google.com/maps/search/etablissement+wellness+Savignac-de-Miremont%2BFrance/,
https://www.google.com/maps/search/etablissement+wellness+Savignac-de-Nontron%2BFrance/,
https://www.google.com/maps/search/etablissement+wellness+Savignac-Lédrier%2BFrance/,
https://www.google.com/maps/search/etablissement+wellness+Savignac-les-Églises%2BFrance/,
https://www.google.com/maps/search/etablissement+wellness+Savignac-les-Ormeaux%2BFrance/,
https://www.google.com/maps/search/etablissement+wellness+Savignac-Mona%2BFrance/,
https://www.google.com/maps/search/etablissement+wellness+Savignac-sur-Leyze%2BFrance/,
https://www.google.com/maps/search/etablissement+wellness+Savignargues%2BFrance/,
https://www.google.com/maps/search/etablissement+wellness+Savigné%2BFrance/,
https://www.google.com/maps/search/etablissement+wellness+Savigné-l'Évêque%2BFrance/,
https://www.google.com/maps/search/etablissement+wellness+Savigné-sous-le-Lude%2BFrance/,
https://www.google.com/maps/search/etablissement+wellness+Savigné-sur-Lathan%2BFrance/,
https://www.google.com/maps/search/etablissement+wellness+Savigneux%2BFrance/,
https://www.google.com/maps/search/etablissement+wellness+Savigneux%2BFrance/,
https://www.google.com/maps/search/etablissement+wellness+Savignies%2BFrance/,
https://www.google.com/maps/search/etablissement+wellness+Savigny%2BFrance/,
https://www.google.com/maps/search/etablissement+wellness+Savigny%2BFrance/,
https://www.google.com/maps/search/etablissement+wellness+Savigny%2BFrance/,
https://www.google.com/maps/search/etablissement+wellness+Savigny%2BFrance/,
https://www.google.com/maps/search/etablissement+wellness+Savigny%2BFrance/,
https://www.google.com/maps/search/etablissement+wellness+Savigny-en-Revermont%2BFrance/,
https://www.google.com/maps/search/etablissement+wellness+Savigny-en-Sancerre%2BFrance/,
https://www.google.com/maps/search/etablissement+wellness+Savigny-en-Septaine%2BFrance/,
https://www.google.com/maps/search/etablissement+wellness+Savigny-en-Terre-Plaine%2BFrance/,
https://www.google.com/maps/search/etablissement+wellness+Savigny-en-Véron%2BFrance/,
https://www.google.com/maps/search/etablissement+wellness+Savigny-le-Sec%2BFrance/,
https://www.google.com/maps/search/etablissement+wellness+Savigny-le-Temple%2BFrance/,
https://www.google.com/maps/search/etablissement+wellness+Savigny-le-Vieux%2BFrance/,
https://www.google.com/maps/search/etablissement+wellness+Savigny-lès-Beaune%2BFrance/,
https://www.google.com/maps/search/etablissement+wellness+Savigny-Lévescault%2BFrance/,
https://www.google.com/maps/search/etablissement+wellness+Savigny-Poil-Fol%2BFrance/,
https://www.google.com/maps/search/etablissement+wellness+Savigny-sous-Faye%2BFrance/,
https://www.google.com/maps/search/etablissement+wellness+Savigny-sous-Mâlain%2BFrance/,
https://www.google.com/maps/search/etablissement+wellness+Savigny-sur-Aisne%2BFrance/,
https://www.google.com/maps/search/etablissement+wellness+Savigny-sur-Ardres%2BFrance/,
https://www.google.com/maps/search/etablissement+wellness+Savigny-sur-Braye%2BFrance/,
https://www.google.com/maps/search/etablissement+wellness+Savigny-sur-Clairis%2BFrance/,
https://www.google.com/maps/search/etablissement+wellness+Savigny-sur-Grosne%2BFrance/,
https://www.google.com/maps/search/etablissement+wellness+Savigny-sur-Orge%2BFrance/,
https://www.google.com/maps/search/etablissement+wellness+Savigny-sur-Seille%2BFrance/,
https://www.google.com/maps/search/etablissement+wellness+Savilly%2BFrance/,
https://www.google.com/maps/search/etablissement+wellness+Savines-le-Lac%2BFrance/,
https://www.google.com/maps/search/etablissement+wellness+Savins%2BFrance/,
https://www.google.com/maps/search/etablissement+wellness+Savoillan%2BFrance/,
https://www.google.com/maps/search/etablissement+wellness+Savoisy%2BFrance/,
https://www.google.com/maps/search/etablissement+wellness+Savolles%2BFrance/,
https://www.google.com/maps/search/etablissement+wellness+Savonnières%2BFrance/,
https://www.google.com/maps/search/etablissement+wellness+Savonnières-devant-Bar%2BFrance/,traité (2026-08-22 20:48)
https://www.google.com/maps/search/etablissement+wellness+Savonnières-en-Perthois%2BFrance/,traité (2026-08-22 20:49)
https://www.google.com/maps/search/etablissement+wellness+Savouges%2BFrance/,traité (2026-08-22 20:49)
https://www.google.com/maps/search/etablissement+wellness+Savournon%2BFrance/,traité (2026-08-22 20:50)
https://www.google.com/maps/search/etablissement+wellness+Savoyeux%2BFrance/,traité (2026-08-22 20:50)
https://www.google.com/maps/search/etablissement+wellness+Savy%2BFrance/,traité (2026-08-22 20:50)
https://www.google.com/maps/search/etablissement+wellness+Savy-Berlette%2BFrance/,traité (2026-08-22 20:51)
https://www.google.com/maps/search/etablissement+wellness+Saxel%2BFrance/,traité (2026-08-22 20:51)
https://www.google.com/maps/search/etablissement+wellness+Saxi-Bourdon%2BFrance/,traité (2026-08-22 20:52)
https://www.google.com/maps/search/etablissement+wellness+Saxon-Sion%2BFrance/,traité (2026-08-22 20:52)
https://www.google.com/maps/search/etablissement+wellness+Sayat%2BFrance/,traité (2026-08-22 20:54)
https://www.google.com/maps/search/etablissement+wellness+Saze%2BFrance/,traité (2026-08-22 20:54)
https://www.google.com/maps/search/etablissement+wellness+Sazeray%2BFrance/,traité (2026-08-22 20:54)
https://www.google.com/maps/search/etablissement+wellness+Sazeret%2BFrance/,traité (2026-08-22 20:54)
https://www.google.com/maps/search/etablissement+wellness+Sazilly%2BFrance/,traité (2026-08-22 20:54)
https://www.google.com/maps/search/etablissement+wellness+Sazos%2BFrance/,traité (2026-08-22 20:54)
https://www.google.com/maps/search/etablissement+wellness+Scaër%2BFrance/,traité (2026-08-22 20:55)
https://www.google.com/maps/search/etablissement+wellness+Scata%2BFrance/,traité (2026-08-22 20:55)
https://www.google.com/maps/search/etablissement+wellness+Sceau-Saint-Angel%2BFrance/,traité (2026-08-22 20:55)
https://www.google.com/maps/search/etablissement+wellness+Sceautres%2BFrance/,traité (2026-08-22 20:56)
https://www.google.com/maps/search/etablissement+wellness+Sceaux%2BFrance/,traité (2026-08-22 20:58)
https://www.google.com/maps/search/etablissement+wellness+Sceaux%2BFrance/,traité (2026-08-22 20:58)
https://www.google.com/maps/search/etablissement+wellness+Sceaux-d'Anjou%2BFrance/,traité (2026-08-22 20:58)
https://www.google.com/maps/search/etablissement+wellness+Sceaux-du-Gâtinais%2BFrance/,traité (2026-08-22 20:58)
https://www.google.com/maps/search/etablissement+wellness+Sceaux-sur-Huisne%2BFrance/,traité (2026-08-22 20:58)
https://www.google.com/maps/search/etablissement+wellness+Scey-Maisières%2BFrance/,traité (2026-08-22 20:58)
https://www.google.com/maps/search/etablissement+wellness+Scey-sur-Saône-et-Saint-Albin%2BFrance/,traité (2026-08-22 20:58)
https://www.google.com/maps/search/etablissement+wellness+Schaeffersheim%2BFrance/,traité (2026-08-22 20:58)
https://www.google.com/maps/search/etablissement+wellness+Schaffhouse-près-Seltz%2BFrance/,traité (2026-08-22 20:59)
https://www.google.com/maps/search/etablissement+wellness+Schaffhouse-sur-Zorn%2BFrance/,traité (2026-08-22 20:59)
https://www.google.com/maps/search/etablissement+wellness+Schalbach%2BFrance/,traité (2026-08-22 21:01)
https://www.google.com/maps/search/etablissement+wellness+Schalkendorf%2BFrance/,traité (2026-08-22 21:01)
https://www.google.com/maps/search/etablissement+wellness+Scharrachbergheim-Irmstett%2BFrance/,traité (2026-08-22 21:01)
https://www.google.com/maps/search/etablissement+wellness+Scheibenhard%2BFrance/,traité (2026-08-22 21:01)
https://www.google.com/maps/search/etablissement+wellness+Scherlenheim%2BFrance/,traité (2026-08-22 21:01)
https://www.google.com/maps/search/etablissement+wellness+Scherwiller%2BFrance/,traité (2026-08-22 21:01)
https://www.google.com/maps/search/etablissement+wellness+Schillersdorf%2BFrance/,traité (2026-08-22 21:02)
https://www.google.com/maps/search/etablissement+wellness+Schiltigheim%2BFrance/,traité (2026-08-22 21:02)
https://www.google.com/maps/search/etablissement+wellness+Schirmeck%2BFrance/,traité (2026-08-22 21:02)
https://www.google.com/maps/search/etablissement+wellness+Schirrhein%2BFrance/,traité (2026-08-22 21:03)
https://www.google.com/maps/search/etablissement+wellness+Schirrhoffen%2BFrance/,traité (2026-08-22 21:05)
https://www.google.com/maps/search/etablissement+wellness+Schleithal%2BFrance/,échec (2026-08-22 21:05)
https://www.google.com/maps/search/etablissement+wellness+Schlierbach%2BFrance/,traité (2026-08-22 21:05)
https://www.google.com/maps/search/etablissement+wellness+Schmittviller%2BFrance/,traité (2026-08-22 21:05)
https://www.google.com/maps/search/etablissement+wellness+Schneckenbusch%2BFrance/,traité (2026-08-22 21:05)
https://www.google.com/maps/search/etablissement+wellness+Schnersheim%2BFrance/,traité (2026-08-22 21:05)
https://www.google.com/maps/search/etablissement+wellness+Schœlcher%2BFrance/,traité (2026-08-22 21:05)
https://www.google.com/maps/search/etablissement+wellness+Schœnau%2BFrance/,traité (2026-08-22 21:06)
https://www.google.com/maps/search/etablissement+wellness+Schœnbourg%2BFrance/,traité (2026-08-22 21:07)
https://www.google.com/maps/search/etablissement+wellness+Schœneck%2BFrance/,traité (2026-08-22 21:07)
https://www.google.com/maps/search/etablissement+wellness+Schœnenbourg%2BFrance/,échec (2026-08-22 21:09)
https://www.google.com/maps/search/etablissement+wellness+Schopperten%2BFrance/,traité (2026-08-22 21:09)
https://www.google.com/maps/search/etablissement+wellness+Schorbach%2BFrance/,traité (2026-08-22 21:10)
https://www.google.com/maps/search/etablissement+wellness+Schweighouse-sur-Moder%2BFrance/,traité (2026-08-22 21:10)
https://www.google.com/maps/search/etablissement+wellness+Schweighouse-Thann%2BFrance/,traité (2026-08-22 21:10)
https://www.google.com/maps/search/etablissement+wellness+Schwenheim%2BFrance/,traité (2026-08-22 21:10)
https://www.google.com/maps/search/etablissement+wellness+Schwerdorff%2BFrance/,traité (2026-08-22 21:11)
https://www.google.com/maps/search/etablissement+wellness+Schweyen%2BFrance/,traité (2026-08-22 21:11)
https://www.google.com/maps/search/etablissement+wellness+Schwindratzheim%2BFrance/,traité (2026-08-22 21:12)
https://www.google.com/maps/search/etablissement+wellness+Schwoben%2BFrance/,traité (2026-08-22 21:12)
https://www.google.com/maps/search/etablissement+wellness+Schwobsheim%2BFrance/,traité (2026-08-22 21:15)
https://www.google.com/maps/search/etablissement+wellness+Sciecq%2BFrance/,traité (2026-08-22 21:15)
https://www.google.com/maps/search/etablissement+wellness+Scientrier%2BFrance/,traité (2026-08-22 21:15)
https://www.google.com/maps/search/etablissement+wellness+Scieurac-et-Flourès%2BFrance/,traité (2026-08-22 21:15)
https://www.google.com/maps/search/etablissement+wellness+Sciez%2BFrance/,traité (2026-08-22 21:15)
https://www.google.com/maps/search/etablissement+wellness+Scillé%2BFrance/,traité (2026-08-22 21:15)
https://www.google.com/maps/search/etablissement+wellness+Scionzier%2BFrance/,traité (2026-08-22 21:15)
https://www.google.com/maps/search/etablissement+wellness+Scolca%2BFrance/,traité (2026-08-22 21:15)
https://www.google.com/maps/search/etablissement+wellness+Scorbé-Clairvaux%2BFrance/,traité (2026-08-22 21:15)
https://www.google.com/maps/search/etablissement+wellness+Scrignac%2BFrance/,traité (2026-08-22 21:16)
https://www.google.com/maps/search/etablissement+wellness+Scrupt%2BFrance/,traité (2026-08-22 21:18)
https://www.google.com/maps/search/etablissement+wellness+Scy-Chazelles%2BFrance/,traité (2026-08-22 21:18)
https://www.google.com/maps/search/etablissement+wellness+Scye%2BFrance/,traité (2026-08-22 21:18)
https://www.google.com/maps/search/etablissement+wellness+Séailles%2BFrance/,traité (2026-08-22 21:18)
https://www.google.com/maps/search/etablissement+wellness+La Séauve-sur-Semène%2BFrance/,traité (2026-08-22 21:18)
https://www.google.com/maps/search/etablissement+wellness+Sébazac-Concourès%2BFrance/,traité (2026-08-22 21:18)
https://www.google.com/maps/search/etablissement+wellness+Sébécourt%2BFrance/,traité (2026-08-22 21:18)
https://www.google.com/maps/search/etablissement+wellness+Sébeville%2BFrance/,traité (2026-08-22 21:18)
https://www.google.com/maps/search/etablissement+wellness+Seboncourt%2BFrance/,traité (2026-08-22 21:19)
https://www.google.com/maps/search/etablissement+wellness+Sebourg%2BFrance/,traité (2026-08-22 21:19)
https://www.google.com/maps/search/etablissement+wellness+Sébrazac%2BFrance/,traité (2026-08-22 21:21)
https://www.google.com/maps/search/etablissement+wellness+Séby%2BFrance/,traité (2026-08-22 21:21)
https://www.google.com/maps/search/etablissement+wellness+Secenans%2BFrance/,traité (2026-08-22 21:21)
https://www.google.com/maps/search/etablissement+wellness+Séchault%2BFrance/,traité (2026-08-22 21:21)
https://www.google.com/maps/search/etablissement+wellness+Sécheras%2BFrance/,traité (2026-08-22 21:21)
https://www.google.com/maps/search/etablissement+wellness+Sécheval%2BFrance/,traité (2026-08-22 21:21)
https://www.google.com/maps/search/etablissement+wellness+Séchilienne%2BFrance/,traité (2026-08-22 21:22)
https://www.google.com/maps/search/etablissement+wellness+Séchin%2BFrance/,traité (2026-08-22 21:22)
https://www.google.com/maps/search/etablissement+wellness+Seclin%2BFrance/,traité (2026-08-22 21:22)
https://www.google.com/maps/search/etablissement+wellness+Secondigné-sur-Belle%2BFrance/,traité (2026-08-22 21:23)
https://www.google.com/maps/search/etablissement+wellness+Secondigny%2BFrance/,traité (2026-08-22 21:25)
https://www.google.com/maps/search/etablissement+wellness+Secourt%2BFrance/,traité (2026-08-22 21:25)
https://www.google.com/maps/search/etablissement+wellness+Sedan%2BFrance/,traité (2026-08-22 21:25)
https://www.google.com/maps/search/etablissement+wellness+Sédeilhac%2BFrance/,traité (2026-08-22 21:25)
https://www.google.com/maps/search/etablissement+wellness+Séderon%2BFrance/,traité (2026-08-22 21:25)
https://www.google.com/maps/search/etablissement+wellness+Sedze-Maubecq%2BFrance/,traité (2026-08-22 21:25)
https://www.google.com/maps/search/etablissement+wellness+Sedzère%2BFrance/,traité (2026-08-22 21:26)
https://www.google.com/maps/search/etablissement+wellness+Seebach%2BFrance/,traité (2026-08-22 21:26)
https://www.google.com/maps/search/etablissement+wellness+Sées%2BFrance/,traité (2026-08-22 21:26)
https://www.google.com/maps/search/etablissement+wellness+Séez%2BFrance/,traité (2026-08-22 21:29)
https://www.google.com/maps/search/etablissement+wellness+Ségalas%2BFrance/,traité (2026-08-22 21:29)
https://www.google.com/maps/search/etablissement+wellness+Ségalas%2BFrance/,traité (2026-08-22 21:29)
https://www.google.com/maps/search/etablissement+wellness+La Ségalassière%2BFrance/,traité (2026-08-22 21:29)
https://www.google.com/maps/search/etablissement+wellness+Séglien%2BFrance/,traité (2026-08-22 21:29)
https://www.google.com/maps/search/etablissement+wellness+Ségny%2BFrance/,traité (2026-08-22 21:29)
https://www.google.com/maps/search/etablissement+wellness+Segonzac%2BFrance/,traité (2026-08-22 21:29)
https://www.google.com/maps/search/etablissement+wellness+Segonzac%2BFrance/,traité (2026-08-22 21:29)
https://www.google.com/maps/search/etablissement+wellness+Segonzac%2BFrance/,traité (2026-08-22 21:29)
https://www.google.com/maps/search/etablissement+wellness+Ségos%2BFrance/,traité (2026-08-22 21:30)
https://www.google.com/maps/search/etablissement+wellness+Ségoufielle%2BFrance/,traité (2026-08-22 21:30)
https://www.google.com/maps/search/etablissement+wellness+Segré-en-Anjou Bleu%2BFrance/,traité (2026-08-22 21:32)
https://www.google.com/maps/search/etablissement+wellness+Ségreville%2BFrance/,traité (2026-08-22 21:32)
https://www.google.com/maps/search/etablissement+wellness+Ségrie%2BFrance/,traité (2026-08-22 21:32)
https://www.google.com/maps/search/etablissement+wellness+Segrois%2BFrance/,traité (2026-08-22 21:32)
https://www.google.com/maps/search/etablissement+wellness+Ségry%2BFrance/,traité (2026-08-22 21:32)
https://www.google.com/maps/search/etablissement+wellness+La Séguinière%2BFrance/,traité (2026-08-22 21:32)
https://www.google.com/maps/search/etablissement+wellness+Ségur%2BFrance/,traité (2026-08-22 21:33)
https://www.google.com/maps/search/etablissement+wellness+Le Ségur%2BFrance/,traité (2026-08-22 21:33)
https://www.google.com/maps/search/etablissement+wellness+Ségur-le-Château%2BFrance/,traité (2026-08-22 21:33)
https://www.google.com/maps/search/etablissement+wellness+Ségur-les-Villas%2BFrance/,traité (2026-08-22 21:34)
https://www.google.com/maps/search/etablissement+wellness+Ségura%2BFrance/,traité (2026-08-22 21:36)
https://www.google.com/maps/search/etablissement+wellness+Séguret%2BFrance/,traité (2026-08-22 21:36)
https://www.google.com/maps/search/etablissement+wellness+Ségus%2BFrance/,traité (2026-08-22 21:36)
https://www.google.com/maps/search/etablissement+wellness+Seich%2BFrance/,traité (2026-08-22 21:36)
https://www.google.com/maps/search/etablissement+wellness+Seichamps%2BFrance/,traité (2026-08-22 21:36)
https://www.google.com/maps/search/etablissement+wellness+Seichebrières%2BFrance/,traité (2026-08-22 21:36)
https://www.google.com/maps/search/etablissement+wellness+Seicheprey%2BFrance/,traité (2026-08-22 21:36)
https://www.google.com/maps/search/etablissement+wellness+Seiches-sur-le-Loir%2BFrance/,traité (2026-08-22 21:37)
https://www.google.com/maps/search/etablissement+wellness+Seignalens%2BFrance/,traité (2026-08-22 21:37)
https://www.google.com/maps/search/etablissement+wellness+Seigné%2BFrance/,traité (2026-08-22 21:38)
https://www.google.com/maps/search/etablissement+wellness+Seignelay%2BFrance/,traité (2026-08-22 21:40)
https://www.google.com/maps/search/etablissement+wellness+Seigneulles%2BFrance/,traité (2026-08-22 21:40)
https://www.google.com/maps/search/etablissement+wellness+Seignosse%2BFrance/,traité (2026-08-22 21:40)
https://www.google.com/maps/search/etablissement+wellness+Seigny%2BFrance/,traité (2026-08-22 21:40)
https://www.google.com/maps/search/etablissement+wellness+Seigy%2BFrance/,traité (2026-08-22 21:40)
https://www.google.com/maps/search/etablissement+wellness+Seilh%2BFrance/,traité (2026-08-22 21:40)
https://www.google.com/maps/search/etablissement+wellness+Seilhac%2BFrance/,traité (2026-08-22 21:41)
https://www.google.com/maps/search/etablissement+wellness+Seilhan%2BFrance/,traité (2026-08-22 21:41)
https://www.google.com/maps/search/etablissement+wellness+Seillac%2BFrance/,traité (2026-08-22 21:42)
https://www.google.com/maps/search/etablissement+wellness+Seillans%2BFrance/,traité (2026-08-22 21:42)
https://www.google.com/maps/search/etablissement+wellness+Seillonnaz%2BFrance/,traité (2026-08-22 21:44)
https://www.google.com/maps/search/etablissement+wellness+Seillons-Source-d'Argens%2BFrance/,traité (2026-08-22 21:44)
https://www.google.com/maps/search/etablissement+wellness+Seine-Port%2BFrance/,traité (2026-08-22 21:44)
https://www.google.com/maps/search/etablissement+wellness+Seingbouse%2BFrance/,traité (2026-08-22 21:44)
https://www.google.com/maps/search/etablissement+wellness+Seissan%2BFrance/,traité (2026-08-22 21:44)
https://www.google.com/maps/search/etablissement+wellness+Seix%2BFrance/,traité (2026-08-22 21:44)
https://www.google.com/maps/search/etablissement+wellness+Le Sel-de-Bretagne%2BFrance/,traité (2026-08-22 21:44)
https://www.google.com/maps/search/etablissement+wellness+Selaincourt%2BFrance/,traité (2026-08-22 21:45)
https://www.google.com/maps/search/etablissement+wellness+Selens%2BFrance/,traité (2026-08-22 21:45)
https://www.google.com/maps/search/etablissement+wellness+Sélestat%2BFrance/,traité (2026-08-22 21:45)
https://www.google.com/maps/search/etablissement+wellness+Séligné%2BFrance/,traité (2026-08-22 21:47)
https://www.google.com/maps/search/etablissement+wellness+Séligney%2BFrance/,traité (2026-08-22 21:47)
https://www.google.com/maps/search/etablissement+wellness+La Selle-Craonnaise%2BFrance/,traité (2026-08-22 21:47)
https://www.google.com/maps/search/etablissement+wellness+La Selle-en-Coglès%2BFrance/,traité (2026-08-22 21:47)
https://www.google.com/maps/search/etablissement+wellness+La Selle-en-Hermoy%2BFrance/,traité (2026-08-22 21:47)
https://www.google.com/maps/search/etablissement+wellness+La Selle-en-Luitré%2BFrance/,traité (2026-08-22 21:47)
https://www.google.com/maps/search/etablissement+wellness+La Selle-Guerchaise%2BFrance/,traité (2026-08-22 21:47)
https://www.google.com/maps/search/etablissement+wellness+La Selle-la-Forge%2BFrance/,traité (2026-08-22 21:48)
https://www.google.com/maps/search/etablissement+wellness+La Selle-sur-le-Bied%2BFrance/,traité (2026-08-22 21:48)
https://www.google.com/maps/search/etablissement+wellness+Selles%2BFrance/,traité (2026-08-22 21:50)
https://www.google.com/maps/search/etablissement+wellness+Selles%2BFrance/,traité (2026-08-22 21:50)
https://www.google.com/maps/search/etablissement+wellness+Selles%2BFrance/,traité (2026-08-22 21:50)
https://www.google.com/maps/search/etablissement+wellness+Selles%2BFrance/,traité (2026-08-22 21:50)
https://www.google.com/maps/search/etablissement+wellness+Selles-Saint-Denis%2BFrance/,traité (2026-08-22 21:50)
https://www.google.com/maps/search/etablissement+wellness+Selles-sur-Cher%2BFrance/,traité (2026-08-22 21:50)
https://www.google.com/maps/search/etablissement+wellness+Selles-sur-Nahon%2BFrance/,traité (2026-08-22 21:50)
https://www.google.com/maps/search/etablissement+wellness+Sellières%2BFrance/,traité (2026-08-22 21:51)
https://www.google.com/maps/search/etablissement+wellness+Selommes%2BFrance/,traité (2026-08-22 21:51)
https://www.google.com/maps/search/etablissement+wellness+Seloncourt%2BFrance/,traité (2026-08-22 21:51)
https://www.google.com/maps/search/etablissement+wellness+Selongey%2BFrance/,traité (2026-08-22 21:52)
https://www.google.com/maps/search/etablissement+wellness+Selonnet%2BFrance/,traité (2026-08-22 21:54)
https://www.google.com/maps/search/etablissement+wellness+Seltz%2BFrance/,traité (2026-08-22 21:54)
https://www.google.com/maps/search/etablissement+wellness+La Selve%2BFrance/,traité (2026-08-22 21:54)
https://www.google.com/maps/search/etablissement+wellness+La Selve%2BFrance/,traité (2026-08-22 21:54)
https://www.google.com/maps/search/etablissement+wellness+Sem%2BFrance/,traité (2026-08-22 21:54)
https://www.google.com/maps/search/etablissement+wellness+Sémalens%2BFrance/,traité (2026-08-22 21:54)
https://www.google.com/maps/search/etablissement+wellness+Semallé%2BFrance/,traité (2026-08-22 21:54)
https://www.google.com/maps/search/etablissement+wellness+Semarey%2BFrance/,traité (2026-08-22 21:54)
https://www.google.com/maps/search/etablissement+wellness+Sembadel%2BFrance/,traité (2026-08-22 21:55)
https://www.google.com/maps/search/etablissement+wellness+Sembas%2BFrance/,traité (2026-08-22 21:55)
https://www.google.com/maps/search/etablissement+wellness+Semblançay%2BFrance/,traité (2026-08-22 21:57)
https://www.google.com/maps/search/etablissement+wellness+Sembleçay%2BFrance/,traité (2026-08-22 21:57)
https://www.google.com/maps/search/etablissement+wellness+Sembouès%2BFrance/,traité (2026-08-22 21:57)
https://www.google.com/maps/search/etablissement+wellness+Séméac%2BFrance/,traité (2026-08-22 21:57)
https://www.google.com/maps/search/etablissement+wellness+Séméacq-Blachon%2BFrance/,traité (2026-08-22 21:57)
https://www.google.com/maps/search/etablissement+wellness+Semécourt%2BFrance/,traité (2026-08-22 21:58)
https://www.google.com/maps/search/etablissement+wellness+Sémelay%2BFrance/,traité (2026-08-22 21:58)
https://www.google.com/maps/search/etablissement+wellness+Semens%2BFrance/,traité (2026-08-22 21:59)
https://www.google.com/maps/search/etablissement+wellness+Sementron%2BFrance/,traité (2026-08-22 21:59)
https://www.google.com/maps/search/etablissement+wellness+Sémeries%2BFrance/,traité (2026-08-22 22:02)
https://www.google.com/maps/search/etablissement+wellness+Semezanges%2BFrance/,traité (2026-08-22 22:02)
https://www.google.com/maps/search/etablissement+wellness+Sémézies-Cachan%2BFrance/,traité (2026-08-22 22:02)
https://www.google.com/maps/search/etablissement+wellness+Semide%2BFrance/,traité (2026-08-22 22:02)
https://www.google.com/maps/search/etablissement+wellness+Semillac%2BFrance/,traité (2026-08-22 22:02)
https://www.google.com/maps/search/etablissement+wellness+Semilly%2BFrance/,traité (2026-08-22 22:02)
https://www.google.com/maps/search/etablissement+wellness+Semmadon%2BFrance/,traité (2026-08-22 22:02)
https://www.google.com/maps/search/etablissement+wellness+Semoine%2BFrance/,traité (2026-08-22 22:02)
https://www.google.com/maps/search/etablissement+wellness+Semond%2BFrance/,traité (2026-08-22 22:03)
https://www.google.com/maps/search/etablissement+wellness+Semondans%2BFrance/,traité (2026-08-22 22:03)
https://www.google.com/maps/search/etablissement+wellness+Semons%2BFrance/,traité (2026-08-22 22:04)
https://www.google.com/maps/search/etablissement+wellness+Semousies%2BFrance/,traité (2026-08-22 22:06)
https://www.google.com/maps/search/etablissement+wellness+Semoussac%2BFrance/,traité (2026-08-22 22:06)
https://www.google.com/maps/search/etablissement+wellness+Semoutiers-Montsaon%2BFrance/,traité (2026-08-22 22:06)
https://www.google.com/maps/search/etablissement+wellness+Semoy%2BFrance/,traité (2026-08-22 22:06)
https://www.google.com/maps/search/etablissement+wellness+Sempesserre%2BFrance/,échec (2026-08-22 22:06)
https://www.google.com/maps/search/etablissement+wellness+Sempigny%2BFrance/,traité (2026-08-22 22:06)
https://www.google.com/maps/search/etablissement+wellness+Sempy%2BFrance/,traité (2026-08-22 22:07)
https://www.google.com/maps/search/etablissement+wellness+Semur-en-Auxois%2BFrance/,traité (2026-08-22 22:07)
https://www.google.com/maps/search/etablissement+wellness+Semur-en-Brionnais%2BFrance/,traité (2026-08-22 22:07)
https://www.google.com/maps/search/etablissement+wellness+Semur-en-Vallon%2BFrance/,traité (2026-08-22 22:08)
https://www.google.com/maps/search/etablissement+wellness+Semussac%2BFrance/,traité (2026-08-22 22:10)
https://www.google.com/maps/search/etablissement+wellness+Semuy%2BFrance/,traité (2026-08-22 22:10)
https://www.google.com/maps/search/etablissement+wellness+Le Sen%2BFrance/,traité (2026-08-22 22:10)
https://www.google.com/maps/search/etablissement+wellness+Sénac%2BFrance/,traité (2026-08-22 22:10)
https://www.google.com/maps/search/etablissement+wellness+Senaide%2BFrance/,traité (2026-08-22 22:10)
https://www.google.com/maps/search/etablissement+wellness+Sénaillac-Latronquière%2BFrance/,traité (2026-08-22 22:10)
https://www.google.com/maps/search/etablissement+wellness+Sénaillac-Lauzès%2BFrance/,traité (2026-08-22 22:10)
https://www.google.com/maps/search/etablissement+wellness+Senailly%2BFrance/,traité (2026-08-22 22:11)
https://www.google.com/maps/search/etablissement+wellness+Senan%2BFrance/,traité (2026-08-22 22:11)
https://www.google.com/maps/search/etablissement+wellness+Senantes%2BFrance/,traité (2026-08-22 22:14)
https://www.google.com/maps/search/etablissement+wellness+Senantes%2BFrance/,traité (2026-08-22 22:14)
https://www.google.com/maps/search/etablissement+wellness+Sénarens%2BFrance/,traité (2026-08-22 22:14)
https://www.google.com/maps/search/etablissement+wellness+Senargent-Mignafans%2BFrance/,traité (2026-08-22 22:14)
https://www.google.com/maps/search/etablissement+wellness+Senarpont%2BFrance/,traité (2026-08-22 22:14)
https://www.google.com/maps/search/etablissement+wellness+Sénas%2BFrance/,traité (2026-08-22 22:14)
https://www.google.com/maps/search/etablissement+wellness+Senaux%2BFrance/,traité (2026-08-22 22:14)
https://www.google.com/maps/search/etablissement+wellness+Sencenac-Puy-de-Fourches%2BFrance/,traité (2026-08-22 22:15)
https://www.google.com/maps/search/etablissement+wellness+Senconac%2BFrance/,traité (2026-08-22 22:15)
https://www.google.com/maps/search/etablissement+wellness+Sendets%2BFrance/,traité (2026-08-22 22:16)
https://www.google.com/maps/search/etablissement+wellness+Sendets%2BFrance/,traité (2026-08-22 22:16)
https://www.google.com/maps/search/etablissement+wellness+Séné%2BFrance/,
https://www.google.com/maps/search/etablissement+wellness+Sénéchas%2BFrance/,
https://www.google.com/maps/search/etablissement+wellness+Sénergues%2BFrance/,
https://www.google.com/maps/search/etablissement+wellness+Sénestis%2BFrance/,
https://www.google.com/maps/search/etablissement+wellness+Séneujols%2BFrance/,
https://www.google.com/maps/search/etablissement+wellness+Senez%2BFrance/,
https://www.google.com/maps/search/etablissement+wellness+Sénezergues%2BFrance/,
https://www.google.com/maps/search/etablissement+wellness+Sengouagnet%2BFrance/,
https://www.google.com/maps/search/etablissement+wellness+Séniergues%2BFrance/,
https://www.google.com/maps/search/etablissement+wellness+Senillé-Saint-Sauveur%2BFrance/,
https://www.google.com/maps/search/etablissement+wellness+Seninghem%2BFrance/,
https://www.google.com/maps/search/etablissement+wellness+Senlecques%2BFrance/,
https://www.google.com/maps/search/etablissement+wellness+Senlis%2BFrance/,
https://www.google.com/maps/search/etablissement+wellness+Senlis%2BFrance/,
https://www.google.com/maps/search/etablissement+wellness+Senlis-le-Sec%2BFrance/,
https://www.google.com/maps/search/etablissement+wellness+Senlisse%2BFrance/,
https://www.google.com/maps/search/etablissement+wellness+Senneçay%2BFrance/,
https://www.google.com/maps/search/etablissement+wellness+Sennecey-le-Grand%2BFrance/,
https://www.google.com/maps/search/etablissement+wellness+Sennecey-lès-Dijon%2BFrance/,
https://www.google.com/maps/search/etablissement+wellness+Sennely%2BFrance/,
https://www.google.com/maps/search/etablissement+wellness+Sennevières%2BFrance/,
https://www.google.com/maps/search/etablissement+wellness+Senneville-sur-Fécamp%2BFrance/,
https://www.google.com/maps/search/etablissement+wellness+Sennevoy-le-Bas%2BFrance/,
https://www.google.com/maps/search/etablissement+wellness+Sennevoy-le-Haut%2BFrance/,
https://www.google.com/maps/search/etablissement+wellness+Senon%2BFrance/,
https://www.google.com/maps/search/etablissement+wellness+Senonches%2BFrance/,
https://www.google.com/maps/search/etablissement+wellness+Senoncourt%2BFrance/,
https://www.google.com/maps/search/etablissement+wellness+Senoncourt-les-Maujouy%2BFrance/,
https://www.google.com/maps/search/etablissement+wellness+Senones%2BFrance/,
https://www.google.com/maps/search/etablissement+wellness+Senonges%2BFrance/,
https://www.google.com/maps/search/etablissement+wellness+Senonnes%2BFrance/,
https://www.google.com/maps/search/etablissement+wellness+Senots%2BFrance/,
https://www.google.com/maps/search/etablissement+wellness+Senouillac%2BFrance/,
https://www.google.com/maps/search/etablissement+wellness+Sénoville%2BFrance/,
https://www.google.com/maps/search/etablissement+wellness+Senozan%2BFrance/,
https://www.google.com/maps/search/etablissement+wellness+Sens%2BFrance/,
https://www.google.com/maps/search/etablissement+wellness+Sens-Beaujeu%2BFrance/,
https://www.google.com/maps/search/etablissement+wellness+Sens-de-Bretagne%2BFrance/,
https://www.google.com/maps/search/etablissement+wellness+Sens-sur-Seille%2BFrance/,
https://www.google.com/maps/search/etablissement+wellness+Sentein%2BFrance/,
https://www.google.com/maps/search/etablissement+wellness+Sentelie%2BFrance/,
https://www.google.com/maps/search/etablissement+wellness+Sentenac-d'Oust%2BFrance/,
https://www.google.com/maps/search/etablissement+wellness+Sentenac-de-Sérou%2BFrance/,
https://www.google.com/maps/search/etablissement+wellness+Sentheim%2BFrance/,
https://www.google.com/maps/search/etablissement+wellness+Sentilly%2BFrance/,
https://www.google.com/maps/search/etablissement+wellness+La Sentinelle%2BFrance/,
https://www.google.com/maps/search/etablissement+wellness+Sentous%2BFrance/,
https://www.google.com/maps/search/etablissement+wellness+Senuc%2BFrance/,
https://www.google.com/maps/search/etablissement+wellness+Senven-Léhart%2BFrance/,
https://www.google.com/maps/search/etablissement+wellness+Sépeaux-Saint Romain%2BFrance/,
https://www.google.com/maps/search/etablissement+wellness+Sepmeries%2BFrance/,
https://www.google.com/maps/search/etablissement+wellness+Sepmes%2BFrance/,
https://www.google.com/maps/search/etablissement+wellness+Seppois-le-Bas%2BFrance/,
https://www.google.com/maps/search/etablissement+wellness+Seppois-le-Haut%2BFrance/,
https://www.google.com/maps/search/etablissement+wellness+Sept-Frères%2BFrance/,
https://www.google.com/maps/search/etablissement+wellness+Sept-Meules%2BFrance/,
https://www.google.com/maps/search/etablissement+wellness+Sept-Saulx%2BFrance/,
https://www.google.com/maps/search/etablissement+wellness+Sept-Sorts%2BFrance/,
https://www.google.com/maps/search/etablissement+wellness+Septème%2BFrance/,
https://www.google.com/maps/search/etablissement+wellness+Septèmes-les-Vallons%2BFrance/,
https://www.google.com/maps/search/etablissement+wellness+Septeuil%2BFrance/,
https://www.google.com/maps/search/etablissement+wellness+Septfonds%2BFrance/,
https://www.google.com/maps/search/etablissement+wellness+Septfontaines%2BFrance/,
https://www.google.com/maps/search/etablissement+wellness+Septmoncel les Molunes%2BFrance/,
https://www.google.com/maps/search/etablissement+wellness+Septmonts%2BFrance/,
https://www.google.com/maps/search/etablissement+wellness+Septsarges%2BFrance/,
https://www.google.com/maps/search/etablissement+wellness+Les Septvallons%2BFrance/,
https://www.google.com/maps/search/etablissement+wellness+Septvaux%2BFrance/,
https://www.google.com/maps/search/etablissement+wellness+Sepvigny%2BFrance/,
https://www.google.com/maps/search/etablissement+wellness+Sepvret%2BFrance/,
https://www.google.com/maps/search/etablissement+wellness+Sepx%2BFrance/,
https://www.google.com/maps/search/etablissement+wellness+Sequedin%2BFrance/,
https://www.google.com/maps/search/etablissement+wellness+Sequehart%2BFrance/,
https://www.google.com/maps/search/etablissement+wellness+Le Sequestre%2BFrance/,
https://www.google.com/maps/search/etablissement+wellness+Serain%2BFrance/,
https://www.google.com/maps/search/etablissement+wellness+Seraincourt%2BFrance/,
https://www.google.com/maps/search/etablissement+wellness+Seraincourt%2BFrance/,
https://www.google.com/maps/search/etablissement+wellness+Sérandon%2BFrance/,
https://www.google.com/maps/search/etablissement+wellness+Séranon%2BFrance/,
https://www.google.com/maps/search/etablissement+wellness+Serans%2BFrance/,
https://www.google.com/maps/search/etablissement+wellness+Seranville%2BFrance/,
https://www.google.com/maps/search/etablissement+wellness+Séranvillers-Forenville%2BFrance/,
https://www.google.com/maps/search/etablissement+wellness+Seraucourt-le-Grand%2BFrance/,
https://www.google.com/maps/search/etablissement+wellness+Seraumont%2BFrance/,
https://www.google.com/maps/search/etablissement+wellness+Serazereux%2BFrance/,
https://www.google.com/maps/search/etablissement+wellness+Serbannes%2BFrance/,
https://www.google.com/maps/search/etablissement+wellness+Serbonnes%2BFrance/,
https://www.google.com/maps/search/etablissement+wellness+Serches%2BFrance/,
https://www.google.com/maps/search/etablissement+wellness+Sercœur%2BFrance/,
https://www.google.com/maps/search/etablissement+wellness+Sercus%2BFrance/,
https://www.google.com/maps/search/etablissement+wellness+Sercy%2BFrance/,
https://www.google.com/maps/search/etablissement+wellness+Serdinya%2BFrance/,
https://www.google.com/maps/search/etablissement+wellness+Sère%2BFrance/,
https://www.google.com/maps/search/etablissement+wellness+Sère-en-Lavedan%2BFrance/,
https://www.google.com/maps/search/etablissement+wellness+Sère-Lanso%2BFrance/,
https://www.google.com/maps/search/etablissement+wellness+Sère-Rustaing%2BFrance/,
https://www.google.com/maps/search/etablissement+wellness+Serécourt%2BFrance/,
https://www.google.com/maps/search/etablissement+wellness+Séreilhac%2BFrance/,
https://www.google.com/maps/search/etablissement+wellness+Serémange-Erzange%2BFrance/,
https://www.google.com/maps/search/etablissement+wellness+Sérempuy%2BFrance/,
https://www.google.com/maps/search/etablissement+wellness+Sérénac%2BFrance/,
https://www.google.com/maps/search/etablissement+wellness+Sérent%2BFrance/,
https://www.google.com/maps/search/etablissement+wellness+Sérévillers%2BFrance/,
https://www.google.com/maps/search/etablissement+wellness+Serez%2BFrance/,
https://www.google.com/maps/search/etablissement+wellness+Sérézin-de-la-Tour%2BFrance/,
https://www.google.com/maps/search/etablissement+wellness+Sérézin-du-Rhône%2BFrance/,
https://www.google.com/maps/search/etablissement+wellness+Sergeac%2BFrance/,
https://www.google.com/maps/search/etablissement+wellness+Sergenaux%2BFrance/,
https://www.google.com/maps/search/etablissement+wellness+Sergenon%2BFrance/,
https://www.google.com/maps/search/etablissement+wellness+Sergines%2BFrance/,
https://www.google.com/maps/search/etablissement+wellness+Sergy%2BFrance/,
https://www.google.com/maps/search/etablissement+wellness+Sergy%2BFrance/,
https://www.google.com/maps/search/etablissement+wellness+Séricourt%2BFrance/,
https://www.google.com/maps/search/etablissement+wellness+Sériers%2BFrance/,
https://www.google.com/maps/search/etablissement+wellness+Sérifontaine%2BFrance/,
https://www.google.com/maps/search/etablissement+wellness+Sérignac%2BFrance/,
https://www.google.com/maps/search/etablissement+wellness+Sérignac%2BFrance/,
https://www.google.com/maps/search/etablissement+wellness+Sérignac-Péboudou%2BFrance/,
https://www.google.com/maps/search/etablissement+wellness+Sérignac-sur-Garonne%2BFrance/,
https://www.google.com/maps/search/etablissement+wellness+Sérignan%2BFrance/,
https://www.google.com/maps/search/etablissement+wellness+Sérignan-du-Comtat%2BFrance/,
https://www.google.com/maps/search/etablissement+wellness+Sérigné%2BFrance/,
https://www.google.com/maps/search/etablissement+wellness+Sérigny%2BFrance/,
https://www.google.com/maps/search/etablissement+wellness+Sérigny%2BFrance/,
https://www.google.com/maps/search/etablissement+wellness+Sérilhac%2BFrance/,
https://www.google.com/maps/search/etablissement+wellness+Seringes-et-Nesles%2BFrance/,
https://www.google.com/maps/search/etablissement+wellness+Séris%2BFrance/,
https://www.google.com/maps/search/etablissement+wellness+Serley%2BFrance/,
https://www.google.com/maps/search/etablissement+wellness+Sermages%2BFrance/,
https://www.google.com/maps/search/etablissement+wellness+Sermaise%2BFrance/,
https://www.google.com/maps/search/etablissement+wellness+Sermaise%2BFrance/,
https://www.google.com/maps/search/etablissement+wellness+Sermaises%2BFrance/,
https://www.google.com/maps/search/etablissement+wellness+Sermaize%2BFrance/,
https://www.google.com/maps/search/etablissement+wellness+Sermaize-les-Bains%2BFrance/,
https://www.google.com/maps/search/etablissement+wellness+Sermamagny%2BFrance/,
https://www.google.com/maps/search/etablissement+wellness+Sermange%2BFrance/,
https://www.google.com/maps/search/etablissement+wellness+Sermano%2BFrance/,
https://www.google.com/maps/search/etablissement+wellness+Sermentizon%2BFrance/,
https://www.google.com/maps/search/etablissement+wellness+Sermérieu%2BFrance/,
https://www.google.com/maps/search/etablissement+wellness+Sermersheim%2BFrance/,
https://www.google.com/maps/search/etablissement+wellness+Sermesse%2BFrance/,
https://www.google.com/maps/search/etablissement+wellness+Sermiers%2BFrance/,
https://www.google.com/maps/search/etablissement+wellness+Sermizelles%2BFrance/,
https://www.google.com/maps/search/etablissement+wellness+Sermoise%2BFrance/,
https://www.google.com/maps/search/etablissement+wellness+Sermoise-sur-Loire%2BFrance/,
https://www.google.com/maps/search/etablissement+wellness+Sermoyer%2BFrance/,
https://www.google.com/maps/search/etablissement+wellness+Sermur%2BFrance/,
https://www.google.com/maps/search/etablissement+wellness+Sernhac%2BFrance/,
https://www.google.com/maps/search/etablissement+wellness+Serocourt%2BFrance/,
https://www.google.com/maps/search/etablissement+wellness+Séron%2BFrance/,
https://www.google.com/maps/search/etablissement+wellness+Serpaize%2BFrance/,
https://www.google.com/maps/search/etablissement+wellness+La Serpent%2BFrance/,
https://www.google.com/maps/search/etablissement+wellness+Serques%2BFrance/,
https://www.google.com/maps/search/etablissement+wellness+Serqueux%2BFrance/,
https://www.google.com/maps/search/etablissement+wellness+Serqueux%2BFrance/,
https://www.google.com/maps/search/etablissement+wellness+Serquigny%2BFrance/,
https://www.google.com/maps/search/etablissement+wellness+Serra-di-Ferro%2BFrance/,
https://www.google.com/maps/search/etablissement+wellness+Serra-di-Fiumorbo%2BFrance/,
https://www.google.com/maps/search/etablissement+wellness+Serra-di-Scopamène%2BFrance/,
https://www.google.com/maps/search/etablissement+wellness+Serralongue%2BFrance/,
https://www.google.com/maps/search/etablissement+wellness+Serraval%2BFrance/,
https://www.google.com/maps/search/etablissement+wellness+La Serre%2BFrance/,
https://www.google.com/maps/search/etablissement+wellness+La Serre-Bussière-Vieille%2BFrance/,
https://www.google.com/maps/search/etablissement+wellness+Serre-les-Moulières%2BFrance/,
https://www.google.com/maps/search/etablissement+wellness+Serre-les-Sapins%2BFrance/,
https://www.google.com/maps/search/etablissement+wellness+Serre-Nerpol%2BFrance/,
https://www.google.com/maps/search/etablissement+wellness+Serres%2BFrance/,
https://www.google.com/maps/search/etablissement+wellness+Serres%2BFrance/,
https://www.google.com/maps/search/etablissement+wellness+Serres%2BFrance/,
https://www.google.com/maps/search/etablissement+wellness+Serres-Castet%2BFrance/,
https://www.google.com/maps/search/etablissement+wellness+Serres-et-Montguyard%2BFrance/,
https://www.google.com/maps/search/etablissement+wellness+Serres-Gaston%2BFrance/,
https://www.google.com/maps/search/etablissement+wellness+Serres-Morlaàs%2BFrance/,
https://www.google.com/maps/search/etablissement+wellness+Serres-Sainte-Marie%2BFrance/,
https://www.google.com/maps/search/etablissement+wellness+Serres-sur-Arget%2BFrance/,
https://www.google.com/maps/search/etablissement+wellness+Serreslous-et-Arribans%2BFrance/,
https://www.google.com/maps/search/etablissement+wellness+Serriera%2BFrance/,
https://www.google.com/maps/search/etablissement+wellness+Serrières%2BFrance/,
https://www.google.com/maps/search/etablissement+wellness+Serrières%2BFrance/,
https://www.google.com/maps/search/etablissement+wellness+Serrières-de-Briord%2BFrance/,
https://www.google.com/maps/search/etablissement+wellness+Serrières-en-Chautagne%2BFrance/,
https://www.google.com/maps/search/etablissement+wellness+Serrières-sur-Ain%2BFrance/,
https://www.google.com/maps/search/etablissement+wellness+Serrigny%2BFrance/,
https://www.google.com/maps/search/etablissement+wellness+Serrigny-en-Bresse%2BFrance/,
https://www.google.com/maps/search/etablissement+wellness+Serris%2BFrance/,
https://www.google.com/maps/search/etablissement+wellness+Serrouville%2BFrance/,
https://www.google.com/maps/search/etablissement+wellness+Serruelles%2BFrance/,
https://www.google.com/maps/search/etablissement+wellness+Sers%2BFrance/,
https://www.google.com/maps/search/etablissement+wellness+Sers%2BFrance/,
https://www.google.com/maps/search/etablissement+wellness+Servais%2BFrance/,
https://www.google.com/maps/search/etablissement+wellness+Serval%2BFrance/,
https://www.google.com/maps/search/etablissement+wellness+Servance-Miellin%2BFrance/,
https://www.google.com/maps/search/etablissement+wellness+Servanches%2BFrance/,
https://www.google.com/maps/search/etablissement+wellness+Servant%2BFrance/,
https://www.google.com/maps/search/etablissement+wellness+Servas%2BFrance/,
https://www.google.com/maps/search/etablissement+wellness+Servas%2BFrance/,
https://www.google.com/maps/search/etablissement+wellness+Servaville-Salmonville%2BFrance/,
https://www.google.com/maps/search/etablissement+wellness+Serverette%2BFrance/,
https://www.google.com/maps/search/etablissement+wellness+Serves-sur-Rhône%2BFrance/,
https://www.google.com/maps/search/etablissement+wellness+Servian%2BFrance/,
https://www.google.com/maps/search/etablissement+wellness+Servières%2BFrance/,
https://www.google.com/maps/search/etablissement+wellness+Servières-le-Château%2BFrance/,
https://www.google.com/maps/search/etablissement+wellness+Serviers-et-Labaume%2BFrance/,
https://www.google.com/maps/search/etablissement+wellness+Serviès%2BFrance/,
https://www.google.com/maps/search/etablissement+wellness+Serviès-en-Val%2BFrance/,
https://www.google.com/maps/search/etablissement+wellness+Servignat%2BFrance/,
https://www.google.com/maps/search/etablissement+wellness+Servigney%2BFrance/,
https://www.google.com/maps/search/etablissement+wellness+Servigny%2BFrance/,
https://www.google.com/maps/search/etablissement+wellness+Servigny-lès-Raville%2BFrance/,
https://www.google.com/maps/search/etablissement+wellness+Servigny-lès-Sainte-Barbe%2BFrance/,
https://www.google.com/maps/search/etablissement+wellness+Serville%2BFrance/,
https://www.google.com/maps/search/etablissement+wellness+Servilly%2BFrance/,
https://www.google.com/maps/search/etablissement+wellness+Servin%2BFrance/,
https://www.google.com/maps/search/etablissement+wellness+Servins%2BFrance/,
https://www.google.com/maps/search/etablissement+wellness+Servon%2BFrance/,
https://www.google.com/maps/search/etablissement+wellness+Servon%2BFrance/,
https://www.google.com/maps/search/etablissement+wellness+Servon-Melzicourt%2BFrance/,
https://www.google.com/maps/search/etablissement+wellness+Servon-sur-Vilaine%2BFrance/,
https://www.google.com/maps/search/etablissement+wellness+Servoz%2BFrance/,
https://www.google.com/maps/search/etablissement+wellness+Sery%2BFrance/,
https://www.google.com/maps/search/etablissement+wellness+Sery%2BFrance/,
https://www.google.com/maps/search/etablissement+wellness+Séry-lès-Mézières%2BFrance/,
https://www.google.com/maps/search/etablissement+wellness+Séry-Magneval%2BFrance/,
https://www.google.com/maps/search/etablissement+wellness+Serzy-et-Prin%2BFrance/,
https://www.google.com/maps/search/etablissement+wellness+Sessenheim%2BFrance/,
https://www.google.com/maps/search/etablissement+wellness+Sète%2BFrance/,
https://www.google.com/maps/search/etablissement+wellness+Setques%2BFrance/,
https://www.google.com/maps/search/etablissement+wellness+Seugy%2BFrance/,
https://www.google.com/maps/search/etablissement+wellness+Seuil%2BFrance/,
https://www.google.com/maps/search/etablissement+wellness+Seuil-d'Argonne%2BFrance/,
https://www.google.com/maps/search/etablissement+wellness+Seuillet%2BFrance/,
https://www.google.com/maps/search/etablissement+wellness+Seuilly%2BFrance/,
https://www.google.com/maps/search/etablissement+wellness+Seulline%2BFrance/,
https://www.google.com/maps/search/etablissement+wellness+Seur%2BFrance/,
https://www.google.com/maps/search/etablissement+wellness+Le Seure%2BFrance/,
https://www.google.com/maps/search/etablissement+wellness+Seurre%2BFrance/,
https://www.google.com/maps/search/etablissement+wellness+Seux%2BFrance/,
https://www.google.com/maps/search/etablissement+wellness+Seuzey%2BFrance/,
https://www.google.com/maps/search/etablissement+wellness+Sevelinges%2BFrance/,
https://www.google.com/maps/search/etablissement+wellness+Sevenans%2BFrance/,
https://www.google.com/maps/search/etablissement+wellness+Sévérac%2BFrance/,
https://www.google.com/maps/search/etablissement+wellness+Sévérac d'Aveyron%2BFrance/,
https://www.google.com/maps/search/etablissement+wellness+Seveux%2BFrance/,
https://www.google.com/maps/search/etablissement+wellness+Sévignac%2BFrance/,
https://www.google.com/maps/search/etablissement+wellness+Sévignacq%2BFrance/,
https://www.google.com/maps/search/etablissement+wellness+Sévignacq-Meyracq%2BFrance/,
https://www.google.com/maps/search/etablissement+wellness+Sévigny%2BFrance/,
https://www.google.com/maps/search/etablissement+wellness+Sévigny-la-Forêt%2BFrance/,
https://www.google.com/maps/search/etablissement+wellness+Sévigny-Waleppe%2BFrance/,
https://www.google.com/maps/search/etablissement+wellness+Sévis%2BFrance/,
https://www.google.com/maps/search/etablissement+wellness+Sevrai%2BFrance/,
https://www.google.com/maps/search/etablissement+wellness+Sevran%2BFrance/,
https://www.google.com/maps/search/etablissement+wellness+Sèvremoine%2BFrance/,
https://www.google.com/maps/search/etablissement+wellness+Sèvremont%2BFrance/,
https://www.google.com/maps/search/etablissement+wellness+Sèvres%2BFrance/,
https://www.google.com/maps/search/etablissement+wellness+Sèvres-Anxaumont%2BFrance/,
https://www.google.com/maps/search/etablissement+wellness+Sevrey%2BFrance/,
https://www.google.com/maps/search/etablissement+wellness+Sevrier%2BFrance/,
https://www.google.com/maps/search/etablissement+wellness+Sévry%2BFrance/,traité (2026-08-22 22:18)
https://www.google.com/maps/search/etablissement+wellness+Sewen%2BFrance/,traité (2026-08-22 22:19)
https://www.google.com/maps/search/etablissement+wellness+Sexcles%2BFrance/,traité (2026-08-22 22:19)
https://www.google.com/maps/search/etablissement+wellness+Sexey-aux-Forges%2BFrance/,échec (2026-08-22 22:19)
https://www.google.com/maps/search/etablissement+wellness+Sexey-les-Bois%2BFrance/,traité (2026-08-22 22:19)
https://www.google.com/maps/search/etablissement+wellness+Sexfontaines%2BFrance/,traité (2026-08-22 22:20)
https://www.google.com/maps/search/etablissement+wellness+Seychalles%2BFrance/,traité (2026-08-22 22:20)
https://www.google.com/maps/search/etablissement+wellness+Seyches%2BFrance/,traité (2026-08-22 22:20)
https://www.google.com/maps/search/etablissement+wellness+Seyne%2BFrance/,traité (2026-08-22 22:20)
https://www.google.com/maps/search/etablissement+wellness+La Seyne-sur-Mer%2BFrance/,traité (2026-08-22 22:20)
https://www.google.com/maps/search/etablissement+wellness+Seynes%2BFrance/,traité (2026-08-22 22:21)
https://www.google.com/maps/search/etablissement+wellness+Seynod%2BFrance/,traité (2026-08-22 22:21)
https://www.google.com/maps/search/etablissement+wellness+Seyre%2BFrance/,traité (2026-08-22 22:21)
https://www.google.com/maps/search/etablissement+wellness+Seyresse%2BFrance/,traité (2026-08-22 22:21)
https://www.google.com/maps/search/etablissement+wellness+Seyssel%2BFrance/,traité (2026-08-22 22:22)
https://www.google.com/maps/search/etablissement+wellness+Seyssel%2BFrance/,traité (2026-08-22 22:22)
https://www.google.com/maps/search/etablissement+wellness+Seysses%2BFrance/,traité (2026-08-22 22:22)
https://www.google.com/maps/search/etablissement+wellness+Seysses-Savès%2BFrance/,traité (2026-08-22 22:24)
https://www.google.com/maps/search/etablissement+wellness+Seyssinet-Pariset%2BFrance/,traité (2026-08-22 22:24)
https://www.google.com/maps/search/etablissement+wellness+Seyssins%2BFrance/,traité (2026-08-22 22:24)
https://www.google.com/maps/search/etablissement+wellness+Seyssuel%2BFrance/,traité (2026-08-22 22:24)
https://www.google.com/maps/search/etablissement+wellness+Seytroux%2BFrance/,traité (2026-08-22 22:24)
https://www.google.com/maps/search/etablissement+wellness+Sézanne%2BFrance/,traité (2026-08-22 22:24)
https://www.google.com/maps/search/etablissement+wellness+Siarrouy%2BFrance/,traité (2026-08-22 22:24)
https://www.google.com/maps/search/etablissement+wellness+Siaugues-Sainte-Marie%2BFrance/,traité (2026-08-22 22:24)
https://www.google.com/maps/search/etablissement+wellness+Sibiril%2BFrance/,traité (2026-08-22 22:24)
https://www.google.com/maps/search/etablissement+wellness+Sibiville%2BFrance/,traité (2026-08-22 22:24)
https://www.google.com/maps/search/etablissement+wellness+Siccieu-Saint-Julien-et-Carisieu%2BFrance/,traité (2026-08-22 22:24)
https://www.google.com/maps/search/etablissement+wellness+Sichamps%2BFrance/,traité (2026-08-22 22:25)
https://www.google.com/maps/search/etablissement+wellness+Sickert%2BFrance/,traité (2026-08-22 22:25)
https://www.google.com/maps/search/etablissement+wellness+Sideville%2BFrance/,traité (2026-08-22 22:25)
https://www.google.com/maps/search/etablissement+wellness+Sidiailles%2BFrance/,traité (2026-08-22 22:25)
https://www.google.com/maps/search/etablissement+wellness+Siecq%2BFrance/,traité (2026-08-22 22:26)
https://www.google.com/maps/search/etablissement+wellness+Siegen%2BFrance/,traité (2026-08-22 22:28)
https://www.google.com/maps/search/etablissement+wellness+Les Sièges%2BFrance/,traité (2026-08-22 22:28)
https://www.google.com/maps/search/etablissement+wellness+Sierck-les-Bains%2BFrance/,traité (2026-08-22 22:28)
https://www.google.com/maps/search/etablissement+wellness+Sierentz%2BFrance/,traité (2026-08-22 22:28)
https://www.google.com/maps/search/etablissement+wellness+Siersthal%2BFrance/,traité (2026-08-22 22:28)
https://www.google.com/maps/search/etablissement+wellness+Sierville%2BFrance/,traité (2026-08-22 22:28)
https://www.google.com/maps/search/etablissement+wellness+Siest%2BFrance/,traité (2026-08-22 22:28)
https://www.google.com/maps/search/etablissement+wellness+Sieurac%2BFrance/,traité (2026-08-22 22:28)
https://www.google.com/maps/search/etablissement+wellness+Sieuras%2BFrance/,traité (2026-08-22 22:28)
https://www.google.com/maps/search/etablissement+wellness+Siévoz%2BFrance/,traité (2026-08-22 22:28)
https://www.google.com/maps/search/etablissement+wellness+Siewiller%2BFrance/,traité (2026-08-22 22:28)
https://www.google.com/maps/search/etablissement+wellness+Sigale%2BFrance/,traité (2026-08-22 22:28)
https://www.google.com/maps/search/etablissement+wellness+Sigalens%2BFrance/,traité (2026-08-22 22:28)
https://www.google.com/maps/search/etablissement+wellness+Sigean%2BFrance/,traité (2026-08-22 22:29)
https://www.google.com/maps/search/etablissement+wellness+Sigloy%2BFrance/,traité (2026-08-22 22:29)
https://www.google.com/maps/search/etablissement+wellness+Signac%2BFrance/,traité (2026-08-22 22:29)
https://www.google.com/maps/search/etablissement+wellness+Signes%2BFrance/,traité (2026-08-22 22:29)
https://www.google.com/maps/search/etablissement+wellness+Signéville%2BFrance/,traité (2026-08-22 22:32)
https://www.google.com/maps/search/etablissement+wellness+Signy-l'Abbaye%2BFrance/,traité (2026-08-22 22:32)
https://www.google.com/maps/search/etablissement+wellness+Signy-le-Petit%2BFrance/,traité (2026-08-22 22:32)
https://www.google.com/maps/search/etablissement+wellness+Signy-Montlibert%2BFrance/,traité (2026-08-22 22:32)
https://www.google.com/maps/search/etablissement+wellness+Signy-Signets%2BFrance/,traité (2026-08-22 22:32)
https://www.google.com/maps/search/etablissement+wellness+Sigogne%2BFrance/,traité (2026-08-22 22:32)
https://www.google.com/maps/search/etablissement+wellness+Sigonce%2BFrance/,traité (2026-08-22 22:32)
https://www.google.com/maps/search/etablissement+wellness+Sigottier%2BFrance/,traité (2026-08-22 22:32)
https://www.google.com/maps/search/etablissement+wellness+Sigoulès%2BFrance/,traité (2026-08-22 22:32)
https://www.google.com/maps/search/etablissement+wellness+Sigournais%2BFrance/,traité (2026-08-22 22:32)
https://www.google.com/maps/search/etablissement+wellness+Sigoyer%2BFrance/,traité (2026-08-22 22:32)
https://www.google.com/maps/search/etablissement+wellness+Sigoyer%2BFrance/,traité (2026-08-22 22:32)
https://www.google.com/maps/search/etablissement+wellness+Siguer%2BFrance/,traité (2026-08-22 22:33)
https://www.google.com/maps/search/etablissement+wellness+Sigy%2BFrance/,traité (2026-08-22 22:33)
https://www.google.com/maps/search/etablissement+wellness+Sigy-en-Bray%2BFrance/,traité (2026-08-22 22:33)
https://www.google.com/maps/search/etablissement+wellness+Sigy-le-Châtel%2BFrance/,traité (2026-08-22 22:34)
https://www.google.com/maps/search/etablissement+wellness+Silfiac%2BFrance/,traité (2026-08-22 22:34)
https://www.google.com/maps/search/etablissement+wellness+Silhac%2BFrance/,traité (2026-08-22 22:36)
https://www.google.com/maps/search/etablissement+wellness+Sillans%2BFrance/,traité (2026-08-22 22:36)
https://www.google.com/maps/search/etablissement+wellness+Sillans-la-Cascade%2BFrance/,traité (2026-08-22 22:36)
https://www.google.com/maps/search/etablissement+wellness+Sillars%2BFrance/,traité (2026-08-22 22:36)
https://www.google.com/maps/search/etablissement+wellness+Sillas%2BFrance/,traité (2026-08-22 22:36)
https://www.google.com/maps/search/etablissement+wellness+Sillé-le-Guillaume%2BFrance/,traité (2026-08-22 22:36)
https://www.google.com/maps/search/etablissement+wellness+Sillé-le-Philippe%2BFrance/,traité (2026-08-22 22:36)
https://www.google.com/maps/search/etablissement+wellness+Sillegny%2BFrance/,traité (2026-08-22 22:36)
https://www.google.com/maps/search/etablissement+wellness+Sillery%2BFrance/,traité (2026-08-22 22:36)
https://www.google.com/maps/search/etablissement+wellness+Silley-Amancey%2BFrance/,traité (2026-08-22 22:37)
https://www.google.com/maps/search/etablissement+wellness+Silley-Bléfond%2BFrance/,traité (2026-08-22 22:37)
https://www.google.com/maps/search/etablissement+wellness+Sillingy%2BFrance/,traité (2026-08-22 22:37)
https://www.google.com/maps/search/etablissement+wellness+Silly-en-Saulnois%2BFrance/,traité (2026-08-22 22:37)
https://www.google.com/maps/search/etablissement+wellness+Silly-la-Poterie%2BFrance/,traité (2026-08-22 22:38)
https://www.google.com/maps/search/etablissement+wellness+Silly-le-Long%2BFrance/,traité (2026-08-22 22:38)
https://www.google.com/maps/search/etablissement+wellness+Silly-sur-Nied%2BFrance/,traité (2026-08-22 22:38)
https://www.google.com/maps/search/etablissement+wellness+Silly-Tillard%2BFrance/,traité (2026-08-22 22:38)
https://www.google.com/maps/search/etablissement+wellness+Silmont%2BFrance/,traité (2026-08-22 22:40)
https://www.google.com/maps/search/etablissement+wellness+Siltzheim%2BFrance/,traité (2026-08-22 22:40)
https://www.google.com/maps/search/etablissement+wellness+Silvareccio%2BFrance/,traité (2026-08-22 22:40)
https://www.google.com/maps/search/etablissement+wellness+Silvarouvres%2BFrance/,traité (2026-08-22 22:40)
https://www.google.com/maps/search/etablissement+wellness+Simacourbe%2BFrance/,traité (2026-08-22 22:40)
https://www.google.com/maps/search/etablissement+wellness+Simandre%2BFrance/,traité (2026-08-22 22:40)
https://www.google.com/maps/search/etablissement+wellness+Simandre-sur-Suran%2BFrance/,traité (2026-08-22 22:40)
https://www.google.com/maps/search/etablissement+wellness+Simandres%2BFrance/,traité (2026-08-22 22:40)
https://www.google.com/maps/search/etablissement+wellness+Simard%2BFrance/,traité (2026-08-22 22:41)
https://www.google.com/maps/search/etablissement+wellness+Simencourt%2BFrance/,traité (2026-08-22 22:41)
https://www.google.com/maps/search/etablissement+wellness+Simeyrols%2BFrance/,traité (2026-08-22 22:41)
https://www.google.com/maps/search/etablissement+wellness+Simiane-Collongue%2BFrance/,traité (2026-08-22 22:41)
https://www.google.com/maps/search/etablissement+wellness+Simiane-la-Rotonde%2BFrance/,traité (2026-08-22 22:42)
https://www.google.com/maps/search/etablissement+wellness+Simorre%2BFrance/,traité (2026-08-22 22:42)
https://www.google.com/maps/search/etablissement+wellness+Simplé%2BFrance/,traité (2026-08-22 22:42)
https://www.google.com/maps/search/etablissement+wellness+Sin-le-Noble%2BFrance/,traité (2026-08-22 22:44)
https://www.google.com/maps/search/etablissement+wellness+Sinard%2BFrance/,traité (2026-08-22 22:44)
https://www.google.com/maps/search/etablissement+wellness+Sinceny%2BFrance/,traité (2026-08-22 22:44)
https://www.google.com/maps/search/etablissement+wellness+Sincey-lès-Rouvray%2BFrance/,traité (2026-08-22 22:44)
https://www.google.com/maps/search/etablissement+wellness+Sindères%2BFrance/,traité (2026-08-22 22:44)
https://www.google.com/maps/search/etablissement+wellness+Singles%2BFrance/,traité (2026-08-22 22:44)
https://www.google.com/maps/search/etablissement+wellness+Singleyrac%2BFrance/,traité (2026-08-22 22:44)
https://www.google.com/maps/search/etablissement+wellness+Singly%2BFrance/,traité (2026-08-22 22:44)
https://www.google.com/maps/search/etablissement+wellness+Sinnamary%2BFrance/,échec (2026-08-22 22:45)
https://www.google.com/maps/search/etablissement+wellness+Sinsat%2BFrance/,traité (2026-08-22 22:45)
https://www.google.com/maps/search/etablissement+wellness+Sinzos%2BFrance/,traité (2026-08-22 22:45)
https://www.google.com/maps/search/etablissement+wellness+Sion%2BFrance/,traité (2026-08-22 22:46)
https://www.google.com/maps/search/etablissement+wellness+Sion-les-Mines%2BFrance/,traité (2026-08-22 22:46)
https://www.google.com/maps/search/etablissement+wellness+Sioniac%2BFrance/,traité (2026-08-22 22:46)
https://www.google.com/maps/search/etablissement+wellness+Sionne%2BFrance/,traité (2026-08-22 22:49)
https://www.google.com/maps/search/etablissement+wellness+Sionviller%2BFrance/,traité (2026-08-22 22:49)
https://www.google.com/maps/search/etablissement+wellness+Siorac-de-Ribérac%2BFrance/,traité (2026-08-22 22:49)
https://www.google.com/maps/search/etablissement+wellness+Siorac-en-Périgord%2BFrance/,traité (2026-08-22 22:49)
https://www.google.com/maps/search/etablissement+wellness+Siouville-Hague%2BFrance/,traité (2026-08-22 22:49)
https://www.google.com/maps/search/etablissement+wellness+Sirac%2BFrance/,traité (2026-08-22 22:49)
https://www.google.com/maps/search/etablissement+wellness+Siracourt%2BFrance/,traité (2026-08-22 22:49)
https://www.google.com/maps/search/etablissement+wellness+Siradan%2BFrance/,traité (2026-08-22 22:49)
https://www.google.com/maps/search/etablissement+wellness+Siran%2BFrance/,
https://www.google.com/maps/search/etablissement+wellness+Siran%2BFrance/,
https://www.google.com/maps/search/etablissement+wellness+Sireix%2BFrance/,
https://www.google.com/maps/search/etablissement+wellness+Sireuil%2BFrance/,
https://www.google.com/maps/search/etablissement+wellness+Sirod%2BFrance/,
https://www.google.com/maps/search/etablissement+wellness+Siros%2BFrance/,
https://www.google.com/maps/search/etablissement+wellness+Sisco%2BFrance/,
https://www.google.com/maps/search/etablissement+wellness+Sissonne%2BFrance/,
https://www.google.com/maps/search/etablissement+wellness+Sissy%2BFrance/,
https://www.google.com/maps/search/etablissement+wellness+Sistels%2BFrance/,
https://www.google.com/maps/search/etablissement+wellness+Sisteron%2BFrance/,
https://www.google.com/maps/search/etablissement+wellness+Sivergues%2BFrance/,
https://www.google.com/maps/search/etablissement+wellness+Sivignon%2BFrance/,
https://www.google.com/maps/search/etablissement+wellness+Sivry%2BFrance/,
https://www.google.com/maps/search/etablissement+wellness+Sivry-Ante%2BFrance/,
https://www.google.com/maps/search/etablissement+wellness+Sivry-Courtry%2BFrance/,
https://www.google.com/maps/search/etablissement+wellness+Sivry-la-Perche%2BFrance/,
https://www.google.com/maps/search/etablissement+wellness+Sivry-sur-Meuse%2BFrance/,
https://www.google.com/maps/search/etablissement+wellness+Six-Fours-les-Plages%2BFrance/,
https://www.google.com/maps/search/etablissement+wellness+Sixt-Fer-à-Cheval%2BFrance/,
https://www.google.com/maps/search/etablissement+wellness+Sixt-sur-Aff%2BFrance/,
https://www.google.com/maps/search/etablissement+wellness+Sizun%2BFrance/,
https://www.google.com/maps/search/etablissement+wellness+Smarves%2BFrance/,
https://www.google.com/maps/search/etablissement+wellness+Smermesnil%2BFrance/,
https://www.google.com/maps/search/etablissement+wellness+Soccia%2BFrance/,
https://www.google.com/maps/search/etablissement+wellness+Sochaux%2BFrance/,
https://www.google.com/maps/search/etablissement+wellness+Socourt%2BFrance/,
https://www.google.com/maps/search/etablissement+wellness+Socx%2BFrance/,
https://www.google.com/maps/search/etablissement+wellness+Sode%2BFrance/,
https://www.google.com/maps/search/etablissement+wellness+Sœurdres%2BFrance/,
https://www.google.com/maps/search/etablissement+wellness+Sognolles-en-Montois%2BFrance/,
https://www.google.com/maps/search/etablissement+wellness+Sogny-aux-Moulins%2BFrance/,
https://www.google.com/maps/search/etablissement+wellness+Sogny-en-l'Angle%2BFrance/,
https://www.google.com/maps/search/etablissement+wellness+Soignolles%2BFrance/,
https://www.google.com/maps/search/etablissement+wellness+Soignolles-en-Brie%2BFrance/,
https://www.google.com/maps/search/etablissement+wellness+Soindres%2BFrance/,
https://www.google.com/maps/search/etablissement+wellness+Soing-Cubry-Charentenay%2BFrance/,
https://www.google.com/maps/search/etablissement+wellness+Soings-en-Sologne%2BFrance/,
https://www.google.com/maps/search/etablissement+wellness+Soirans%2BFrance/,
https://www.google.com/maps/search/etablissement+wellness+Soissons%2BFrance/,
https://www.google.com/maps/search/etablissement+wellness+Soissons-sur-Nacey%2BFrance/,
https://www.google.com/maps/search/etablissement+wellness+Soisy-Bouy%2BFrance/,
https://www.google.com/maps/search/etablissement+wellness+Soisy-sous-Montmorency%2BFrance/,
https://www.google.com/maps/search/etablissement+wellness+Soisy-sur-École%2BFrance/,
https://www.google.com/maps/search/etablissement+wellness+Soisy-sur-Seine%2BFrance/,
https://www.google.com/maps/search/etablissement+wellness+Soize%2BFrance/,
https://www.google.com/maps/search/etablissement+wellness+Soizé%2BFrance/,
https://www.google.com/maps/search/etablissement+wellness+Soizy-aux-Bois%2BFrance/,
https://www.google.com/maps/search/etablissement+wellness+Solaize%2BFrance/,
https://www.google.com/maps/search/etablissement+wellness+Solaro%2BFrance/,
https://www.google.com/maps/search/etablissement+wellness+Solaure en Diois%2BFrance/,
https://www.google.com/maps/search/etablissement+wellness+Solbach%2BFrance/,
https://www.google.com/maps/search/etablissement+wellness+Soleilhas%2BFrance/,
https://www.google.com/maps/search/etablissement+wellness+Solemont%2BFrance/,
https://www.google.com/maps/search/etablissement+wellness+Solente%2BFrance/,
https://www.google.com/maps/search/etablissement+wellness+Le Soler%2BFrance/,
https://www.google.com/maps/search/etablissement+wellness+Solérieux%2BFrance/,
https://www.google.com/maps/search/etablissement+wellness+Solers%2BFrance/,
https://www.google.com/maps/search/etablissement+wellness+Solesmes%2BFrance/,
https://www.google.com/maps/search/etablissement+wellness+Solesmes%2BFrance/,
https://www.google.com/maps/search/etablissement+wellness+Soleymieu%2BFrance/,
https://www.google.com/maps/search/etablissement+wellness+Soleymieux%2BFrance/,
https://www.google.com/maps/search/etablissement+wellness+Solférino%2BFrance/,
https://www.google.com/maps/search/etablissement+wellness+Solgne%2BFrance/,
https://www.google.com/maps/search/etablissement+wellness+Soliers%2BFrance/,
https://www.google.com/maps/search/etablissement+wellness+Solignac%2BFrance/,
https://www.google.com/maps/search/etablissement+wellness+Solignac-sous-Roche%2BFrance/,
https://www.google.com/maps/search/etablissement+wellness+Solignac-sur-Loire%2BFrance/,
https://www.google.com/maps/search/etablissement+wellness+Solignat%2BFrance/,
https://www.google.com/maps/search/etablissement+wellness+Soligny-la-Trappe%2BFrance/,
https://www.google.com/maps/search/etablissement+wellness+Soligny-les-Étangs%2BFrance/,
https://www.google.com/maps/search/etablissement+wellness+Sollacaro%2BFrance/,
https://www.google.com/maps/search/etablissement+wellness+Sollières-Sardières%2BFrance/,
https://www.google.com/maps/search/etablissement+wellness+Solliès-Pont%2BFrance/,
https://www.google.com/maps/search/etablissement+wellness+Solliès-Toucas%2BFrance/,
https://www.google.com/maps/search/etablissement+wellness+Solliès-Ville%2BFrance/,
https://www.google.com/maps/search/etablissement+wellness+Sologny%2BFrance/,
https://www.google.com/maps/search/etablissement+wellness+Solomiac%2BFrance/,
https://www.google.com/maps/search/etablissement+wellness+Solre-le-Château%2BFrance/,
https://www.google.com/maps/search/etablissement+wellness+Solrinnes%2BFrance/,
https://www.google.com/maps/search/etablissement+wellness+Solterre%2BFrance/,
https://www.google.com/maps/search/etablissement+wellness+Solutré-Pouilly%2BFrance/,
https://www.google.com/maps/search/etablissement+wellness+Somain%2BFrance/,
https://www.google.com/maps/search/etablissement+wellness+Sombacour%2BFrance/,
https://www.google.com/maps/search/etablissement+wellness+Sombernon%2BFrance/,
https://www.google.com/maps/search/etablissement+wellness+Sombrin%2BFrance/,
https://www.google.com/maps/search/etablissement+wellness+Sombrun%2BFrance/,
https://www.google.com/maps/search/etablissement+wellness+Somloire%2BFrance/,
https://www.google.com/maps/search/etablissement+wellness+Sommaing%2BFrance/,
https://www.google.com/maps/search/etablissement+wellness+Sommancourt%2BFrance/,
https://www.google.com/maps/search/etablissement+wellness+Sommant%2BFrance/,
https://www.google.com/maps/search/etablissement+wellness+Sommauthe%2BFrance/,
https://www.google.com/maps/search/etablissement+wellness+Somme-Bionne%2BFrance/,
https://www.google.com/maps/search/etablissement+wellness+Somme-Suippe%2BFrance/,
https://www.google.com/maps/search/etablissement+wellness+Somme-Tourbe%2BFrance/,
https://www.google.com/maps/search/etablissement+wellness+Somme-Vesle%2BFrance/,
https://www.google.com/maps/search/etablissement+wellness+Somme-Yèvre%2BFrance/,
https://www.google.com/maps/search/etablissement+wellness+Sommecaise%2BFrance/,
https://www.google.com/maps/search/etablissement+wellness+Sommedieue%2BFrance/,
https://www.google.com/maps/search/etablissement+wellness+Sommeilles%2BFrance/,
https://www.google.com/maps/search/etablissement+wellness+Sommelans%2BFrance/,
https://www.google.com/maps/search/etablissement+wellness+Sommelonne%2BFrance/,
https://www.google.com/maps/search/etablissement+wellness+Sommepy-Tahure%2BFrance/,
https://www.google.com/maps/search/etablissement+wellness+Sommerance%2BFrance/,
https://www.google.com/maps/search/etablissement+wellness+Sommerau%2BFrance/,
https://www.google.com/maps/search/etablissement+wellness+Sommerécourt%2BFrance/,
https://www.google.com/maps/search/etablissement+wellness+Sommereux%2BFrance/,
https://www.google.com/maps/search/etablissement+wellness+Sommeron%2BFrance/,
https://www.google.com/maps/search/etablissement+wellness+Sommervieu%2BFrance/,
https://www.google.com/maps/search/etablissement+wellness+Sommerviller%2BFrance/,
https://www.google.com/maps/search/etablissement+wellness+Sommery%2BFrance/,
https://www.google.com/maps/search/etablissement+wellness+Sommesnil%2BFrance/,
https://www.google.com/maps/search/etablissement+wellness+Sommesous%2BFrance/,
https://www.google.com/maps/search/etablissement+wellness+La Sommette%2BFrance/,
https://www.google.com/maps/search/etablissement+wellness+Sommette-Eaucourt%2BFrance/,
https://www.google.com/maps/search/etablissement+wellness+Sommeval%2BFrance/,
https://www.google.com/maps/search/etablissement+wellness+Sommevoire%2BFrance/,
https://www.google.com/maps/search/etablissement+wellness+Sommières%2BFrance/,
https://www.google.com/maps/search/etablissement+wellness+Sommières-du-Clain%2BFrance/,
https://www.google.com/maps/search/etablissement+wellness+Sompt%2BFrance/,
https://www.google.com/maps/search/etablissement+wellness+Sompuis%2BFrance/,
https://www.google.com/maps/search/etablissement+wellness+Somsois%2BFrance/,
https://www.google.com/maps/search/etablissement+wellness+Son%2BFrance/,
https://www.google.com/maps/search/etablissement+wellness+Sonac%2BFrance/,
https://www.google.com/maps/search/etablissement+wellness+Sonchamp%2BFrance/,
https://www.google.com/maps/search/etablissement+wellness+Soncourt%2BFrance/,
https://www.google.com/maps/search/etablissement+wellness+Soncourt-sur-Marne%2BFrance/,
https://www.google.com/maps/search/etablissement+wellness+Sondernach%2BFrance/,
https://www.google.com/maps/search/etablissement+wellness+Sondersdorf%2BFrance/,
https://www.google.com/maps/search/etablissement+wellness+La Sône%2BFrance/,
https://www.google.com/maps/search/etablissement+wellness+Songeons%2BFrance/,
https://www.google.com/maps/search/etablissement+wellness+Songeson%2BFrance/,
https://www.google.com/maps/search/etablissement+wellness+Songy%2BFrance/,
https://www.google.com/maps/search/etablissement+wellness+Sonnac%2BFrance/,
https://www.google.com/maps/search/etablissement+wellness+Sonnac%2BFrance/,
https://www.google.com/maps/search/etablissement+wellness+Sonnac-sur-l'Hers%2BFrance/,
https://www.google.com/maps/search/etablissement+wellness+Sonnay%2BFrance/,
https://www.google.com/maps/search/etablissement+wellness+Sonnaz%2BFrance/,
https://www.google.com/maps/search/etablissement+wellness+Sons-et-Ronchères%2BFrance/,
https://www.google.com/maps/search/etablissement+wellness+Sonthonnax-la-Montagne%2BFrance/,
https://www.google.com/maps/search/etablissement+wellness+Sonzay%2BFrance/,
https://www.google.com/maps/search/etablissement+wellness+Soorts-Hossegor%2BFrance/,
https://www.google.com/maps/search/etablissement+wellness+Soppe-le-Bas%2BFrance/,
https://www.google.com/maps/search/etablissement+wellness+Sor%2BFrance/,
https://www.google.com/maps/search/etablissement+wellness+Sorans-lès-Breurey%2BFrance/,
https://www.google.com/maps/search/etablissement+wellness+Sorbais%2BFrance/,
https://www.google.com/maps/search/etablissement+wellness+Sorbets%2BFrance/,
https://www.google.com/maps/search/etablissement+wellness+Sorbets%2BFrance/,
https://www.google.com/maps/search/etablissement+wellness+Sorbey%2BFrance/,
https://www.google.com/maps/search/etablissement+wellness+Sorbey%2BFrance/,
https://www.google.com/maps/search/etablissement+wellness+Sorbier%2BFrance/,
https://www.google.com/maps/search/etablissement+wellness+Sorbiers%2BFrance/,
https://www.google.com/maps/search/etablissement+wellness+Sorbiers%2BFrance/,
https://www.google.com/maps/search/etablissement+wellness+Sorbo-Ocagnano%2BFrance/,
https://www.google.com/maps/search/etablissement+wellness+Sorbollano%2BFrance/,
https://www.google.com/maps/search/etablissement+wellness+Sorbon%2BFrance/,
https://www.google.com/maps/search/etablissement+wellness+Sorbs%2BFrance/,
https://www.google.com/maps/search/etablissement+wellness+Sorcy-Bauthémont%2BFrance/,
https://www.google.com/maps/search/etablissement+wellness+Sorcy-Saint-Martin%2BFrance/,
https://www.google.com/maps/search/etablissement+wellness+Sorde-l'Abbaye%2BFrance/,
https://www.google.com/maps/search/etablissement+wellness+Sore%2BFrance/,
https://www.google.com/maps/search/etablissement+wellness+Soréac%2BFrance/,
https://www.google.com/maps/search/etablissement+wellness+Sorède%2BFrance/,
https://www.google.com/maps/search/etablissement+wellness+Sorel%2BFrance/,
https://www.google.com/maps/search/etablissement+wellness+Sorel-en-Vimeu%2BFrance/,
https://www.google.com/maps/search/etablissement+wellness+Sorel-Moussel%2BFrance/,
https://www.google.com/maps/search/etablissement+wellness+Sorèze%2BFrance/,
https://www.google.com/maps/search/etablissement+wellness+Sorgeat%2BFrance/,
https://www.google.com/maps/search/etablissement+wellness+Sorges et Ligueux en Périgord%2BFrance/,
https://www.google.com/maps/search/etablissement+wellness+Sorgues%2BFrance/,
https://www.google.com/maps/search/etablissement+wellness+Sorigny%2BFrance/,
https://www.google.com/maps/search/etablissement+wellness+Les Sorinières%2BFrance/,
https://www.google.com/maps/search/etablissement+wellness+Sorio%2BFrance/,
https://www.google.com/maps/search/etablissement+wellness+Sormery%2BFrance/,
https://www.google.com/maps/search/etablissement+wellness+Sormonne%2BFrance/,
https://www.google.com/maps/search/etablissement+wellness+Sornac%2BFrance/,
https://www.google.com/maps/search/etablissement+wellness+Sornay%2BFrance/,
https://www.google.com/maps/search/etablissement+wellness+Sornay%2BFrance/,
https://www.google.com/maps/search/etablissement+wellness+Sornéville%2BFrance/,
https://www.google.com/maps/search/etablissement+wellness+Sorquainville%2BFrance/,
https://www.google.com/maps/search/etablissement+wellness+Sorrus%2BFrance/,
https://www.google.com/maps/search/etablissement+wellness+Sort-en-Chalosse%2BFrance/,
https://www.google.com/maps/search/etablissement+wellness+Sortosville%2BFrance/,
https://www.google.com/maps/search/etablissement+wellness+Sortosville-en-Beaumont%2BFrance/,
https://www.google.com/maps/search/etablissement+wellness+Sos%2BFrance/,
https://www.google.com/maps/search/etablissement+wellness+Sospel%2BFrance/,
https://www.google.com/maps/search/etablissement+wellness+Sossais%2BFrance/,
https://www.google.com/maps/search/etablissement+wellness+Sost%2BFrance/,
https://www.google.com/maps/search/etablissement+wellness+Sotta%2BFrance/,
https://www.google.com/maps/search/etablissement+wellness+Sottevast%2BFrance/,
https://www.google.com/maps/search/etablissement+wellness+Sotteville%2BFrance/,
https://www.google.com/maps/search/etablissement+wellness+Sotteville-lès-Rouen%2BFrance/,
https://www.google.com/maps/search/etablissement+wellness+Sotteville-sous-le-Val%2BFrance/,
https://www.google.com/maps/search/etablissement+wellness+Sotteville-sur-Mer%2BFrance/,
https://www.google.com/maps/search/etablissement+wellness+Soturac%2BFrance/,
https://www.google.com/maps/search/etablissement+wellness+Sotzeling%2BFrance/,
https://www.google.com/maps/search/etablissement+wellness+Souain-Perthes-lès-Hurlus%2BFrance/,
https://www.google.com/maps/search/etablissement+wellness+Soual%2BFrance/,
https://www.google.com/maps/search/etablissement+wellness+Souancé-au-Perche%2BFrance/,
https://www.google.com/maps/search/etablissement+wellness+Souanyas%2BFrance/,
https://www.google.com/maps/search/etablissement+wellness+Souastre%2BFrance/,
https://www.google.com/maps/search/etablissement+wellness+Soubès%2BFrance/,
https://www.google.com/maps/search/etablissement+wellness+Soubise%2BFrance/,
https://www.google.com/maps/search/etablissement+wellness+Soublecause%2BFrance/,
https://www.google.com/maps/search/etablissement+wellness+Soubran%2BFrance/,
https://www.google.com/maps/search/etablissement+wellness+Soubrebost%2BFrance/,
https://www.google.com/maps/search/etablissement+wellness+Soucé%2BFrance/,
https://www.google.com/maps/search/etablissement+wellness+Soucelles%2BFrance/,
https://www.google.com/maps/search/etablissement+wellness+La Souche%2BFrance/,
https://www.google.com/maps/search/etablissement+wellness+Souchez%2BFrance/,
https://www.google.com/maps/search/etablissement+wellness+Soucht%2BFrance/,
https://www.google.com/maps/search/etablissement+wellness+Soucia%2BFrance/,
https://www.google.com/maps/search/etablissement+wellness+Soucieu-en-Jarrest%2BFrance/,
https://www.google.com/maps/search/etablissement+wellness+Soucirac%2BFrance/,
https://www.google.com/maps/search/etablissement+wellness+Souclin%2BFrance/,
https://www.google.com/maps/search/etablissement+wellness+Soucy%2BFrance/,
https://www.google.com/maps/search/etablissement+wellness+Soucy%2BFrance/,
https://www.google.com/maps/search/etablissement+wellness+Soudaine-Lavinadière%2BFrance/,
https://www.google.com/maps/search/etablissement+wellness+Soudan%2BFrance/,
https://www.google.com/maps/search/etablissement+wellness+Soudan%2BFrance/,
https://www.google.com/maps/search/etablissement+wellness+Soudat%2BFrance/,
https://www.google.com/maps/search/etablissement+wellness+Soudé%2BFrance/,
https://www.google.com/maps/search/etablissement+wellness+Soudeilles%2BFrance/,
https://www.google.com/maps/search/etablissement+wellness+Soudorgues%2BFrance/,
https://www.google.com/maps/search/etablissement+wellness+Soudron%2BFrance/,
https://www.google.com/maps/search/etablissement+wellness+Soueich%2BFrance/,
https://www.google.com/maps/search/etablissement+wellness+Soueix-Rogalle%2BFrance/,
https://www.google.com/maps/search/etablissement+wellness+Souel%2BFrance/,
https://www.google.com/maps/search/etablissement+wellness+Soues%2BFrance/,
https://www.google.com/maps/search/etablissement+wellness+Soues%2BFrance/,
https://www.google.com/maps/search/etablissement+wellness+Souesmes%2BFrance/,
https://www.google.com/maps/search/etablissement+wellness+Souffelweyersheim%2BFrance/,
https://www.google.com/maps/search/etablissement+wellness+Soufflenheim%2BFrance/,
https://www.google.com/maps/search/etablissement+wellness+Souffrignac%2BFrance/,
https://www.google.com/maps/search/etablissement+wellness+Sougé%2BFrance/,
https://www.google.com/maps/search/etablissement+wellness+Sougé%2BFrance/,
https://www.google.com/maps/search/etablissement+wellness+Sougé-le-Ganelon%2BFrance/,
https://www.google.com/maps/search/etablissement+wellness+Sougéal%2BFrance/,
https://www.google.com/maps/search/etablissement+wellness+Sougères-en-Puisaye%2BFrance/,
https://www.google.com/maps/search/etablissement+wellness+Sougraigne%2BFrance/,
https://www.google.com/maps/search/etablissement+wellness+Sougy%2BFrance/,
https://www.google.com/maps/search/etablissement+wellness+Sougy-sur-Loire%2BFrance/,
https://www.google.com/maps/search/etablissement+wellness+Les Souhesmes-Rampont%2BFrance/,
https://www.google.com/maps/search/etablissement+wellness+Souhey%2BFrance/,
https://www.google.com/maps/search/etablissement+wellness+Le Souich%2BFrance/,
https://www.google.com/maps/search/etablissement+wellness+Souilhanels%2BFrance/,
https://www.google.com/maps/search/etablissement+wellness+Souilhe%2BFrance/,
https://www.google.com/maps/search/etablissement+wellness+Souillac%2BFrance/,
https://www.google.com/maps/search/etablissement+wellness+Souillé%2BFrance/,
https://www.google.com/maps/search/etablissement+wellness+Souilly%2BFrance/,
https://www.google.com/maps/search/etablissement+wellness+Soula%2BFrance/,
https://www.google.com/maps/search/etablissement+wellness+Soulac-sur-Mer%2BFrance/,
https://www.google.com/maps/search/etablissement+wellness+Soulages%2BFrance/,
https://www.google.com/maps/search/etablissement+wellness+Soulages-Bonneval%2BFrance/,
https://www.google.com/maps/search/etablissement+wellness+Soulaines-Dhuys%2BFrance/,
https://www.google.com/maps/search/etablissement+wellness+Soulaines-sur-Aubance%2BFrance/,
https://www.google.com/maps/search/etablissement+wellness+Soulaire-et-Bourg%2BFrance/,
https://www.google.com/maps/search/etablissement+wellness+Soulaires%2BFrance/,
https://www.google.com/maps/search/etablissement+wellness+Soulan%2BFrance/,
https://www.google.com/maps/search/etablissement+wellness+Soulanges%2BFrance/,
https://www.google.com/maps/search/etablissement+wellness+Soulangis%2BFrance/,
https://www.google.com/maps/search/etablissement+wellness+Soulangy%2BFrance/,
https://www.google.com/maps/search/etablissement+wellness+Soulatgé%2BFrance/,
https://www.google.com/maps/search/etablissement+wellness+Soulaucourt-sur-Mouzon%2BFrance/,
https://www.google.com/maps/search/etablissement+wellness+Soulaures%2BFrance/,
https://www.google.com/maps/search/etablissement+wellness+Soulce-Cernay%2BFrance/,
https://www.google.com/maps/search/etablissement+wellness+Souleuvre en Bocage%2BFrance/,
https://www.google.com/maps/search/etablissement+wellness+Soulgé-sur-Ouette%2BFrance/,
https://www.google.com/maps/search/etablissement+wellness+Le Soulié%2BFrance/,
https://www.google.com/maps/search/etablissement+wellness+Soulières%2BFrance/,
https://www.google.com/maps/search/etablissement+wellness+Soulignac%2BFrance/,
https://www.google.com/maps/search/etablissement+wellness+Souligné-Flacé%2BFrance/,
https://www.google.com/maps/search/etablissement+wellness+Souligné-sous-Ballon%2BFrance/,
https://www.google.com/maps/search/etablissement+wellness+Soulignonne%2BFrance/,
https://www.google.com/maps/search/etablissement+wellness+Souligny%2BFrance/,
https://www.google.com/maps/search/etablissement+wellness+Soulitré%2BFrance/,
https://www.google.com/maps/search/etablissement+wellness+Soullans%2BFrance/,
https://www.google.com/maps/search/etablissement+wellness+Soulles%2BFrance/,
https://www.google.com/maps/search/etablissement+wellness+Soulom%2BFrance/,
https://www.google.com/maps/search/etablissement+wellness+Soulomès%2BFrance/,
https://www.google.com/maps/search/etablissement+wellness+Soulosse-sous-Saint-Élophe%2BFrance/,
https://www.google.com/maps/search/etablissement+wellness+Soultz-Haut-Rhin%2BFrance/,
https://www.google.com/maps/search/etablissement+wellness+Soultz-les-Bains%2BFrance/,
https://www.google.com/maps/search/etablissement+wellness+Soultz-sous-Forêts%2BFrance/,
https://www.google.com/maps/search/etablissement+wellness+Soultzbach-les-Bains%2BFrance/,
https://www.google.com/maps/search/etablissement+wellness+Soultzeren%2BFrance/,
https://www.google.com/maps/search/etablissement+wellness+Soultzmatt%2BFrance/,
https://www.google.com/maps/search/etablissement+wellness+Soulvache%2BFrance/,
https://www.google.com/maps/search/etablissement+wellness+Soumaintrain%2BFrance/,
https://www.google.com/maps/search/etablissement+wellness+Soumans%2BFrance/,
https://www.google.com/maps/search/etablissement+wellness+Soumensac%2BFrance/,
https://www.google.com/maps/search/etablissement+wellness+Souméras%2BFrance/,
https://www.google.com/maps/search/etablissement+wellness+Soumont%2BFrance/,
https://www.google.com/maps/search/etablissement+wellness+Soumont-Saint-Quentin%2BFrance/,
https://www.google.com/maps/search/etablissement+wellness+Soumoulou%2BFrance/,
https://www.google.com/maps/search/etablissement+wellness+Soupex%2BFrance/,
https://www.google.com/maps/search/etablissement+wellness+Soupir%2BFrance/,
https://www.google.com/maps/search/etablissement+wellness+Souppes-sur-Loing%2BFrance/,
https://www.google.com/maps/search/etablissement+wellness+Souprosse%2BFrance/,
https://www.google.com/maps/search/etablissement+wellness+Souraïde%2BFrance/,
https://www.google.com/maps/search/etablissement+wellness+Sourans%2BFrance/,
https://www.google.com/maps/search/etablissement+wellness+Source-Seine%2BFrance/,
https://www.google.com/maps/search/etablissement+wellness+Sourcieux-les-Mines%2BFrance/,
https://www.google.com/maps/search/etablissement+wellness+Le Sourd%2BFrance/,
https://www.google.com/maps/search/etablissement+wellness+Sourdeval%2BFrance/,
https://www.google.com/maps/search/etablissement+wellness+Sourdeval-les-Bois%2BFrance/,
https://www.google.com/maps/search/etablissement+wellness+Sourdon%2BFrance/,
https://www.google.com/maps/search/etablissement+wellness+Sourdun%2BFrance/,
https://www.google.com/maps/search/etablissement+wellness+Le Sourn%2BFrance/,
https://www.google.com/maps/search/etablissement+wellness+Sournia%2BFrance/,
https://www.google.com/maps/search/etablissement+wellness+Sourniac%2BFrance/,
https://www.google.com/maps/search/etablissement+wellness+Sourribes%2BFrance/,
https://www.google.com/maps/search/etablissement+wellness+Sours%2BFrance/,
https://www.google.com/maps/search/etablissement+wellness+Soursac%2BFrance/,
https://www.google.com/maps/search/etablissement+wellness+Sourzac%2BFrance/,
https://www.google.com/maps/search/etablissement+wellness+Sous-Parsat%2BFrance/,
https://www.google.com/maps/search/etablissement+wellness+Sousceyrac-en-Quercy%2BFrance/,
https://www.google.com/maps/search/etablissement+wellness+Sousmoulins%2BFrance/,
https://www.google.com/maps/search/etablissement+wellness+Souspierre%2BFrance/,
https://www.google.com/maps/search/etablissement+wellness+Soussac%2BFrance/,
https://www.google.com/maps/search/etablissement+wellness+Soussans%2BFrance/,
https://www.google.com/maps/search/etablissement+wellness+Soussey-sur-Brionne%2BFrance/,
https://www.google.com/maps/search/etablissement+wellness+Soustelle%2BFrance/,
https://www.google.com/maps/search/etablissement+wellness+Soustons%2BFrance/,
https://www.google.com/maps/search/etablissement+wellness+Sousville%2BFrance/,
https://www.google.com/maps/search/etablissement+wellness+Souternon%2BFrance/,
https://www.google.com/maps/search/etablissement+wellness+La Souterraine%2BFrance/,
https://www.google.com/maps/search/etablissement+wellness+Soutiers%2BFrance/,
https://www.google.com/maps/search/etablissement+wellness+Souvans%2BFrance/,
https://www.google.com/maps/search/etablissement+wellness+Souvignargues%2BFrance/,
https://www.google.com/maps/search/etablissement+wellness+Souvigné%2BFrance/,
https://www.google.com/maps/search/etablissement+wellness+Souvigné%2BFrance/,
https://www.google.com/maps/search/etablissement+wellness+Souvigné%2BFrance/,
https://www.google.com/maps/search/etablissement+wellness+Souvigné-sur-Même%2BFrance/,
https://www.google.com/maps/search/etablissement+wellness+Souvigné-sur-Sarthe%2BFrance/,
https://www.google.com/maps/search/etablissement+wellness+Souvigny%2BFrance/,
https://www.google.com/maps/search/etablissement+wellness+Souvigny-de-Touraine%2BFrance/,
https://www.google.com/maps/search/etablissement+wellness+Souvigny-en-Sologne%2BFrance/,
https://www.google.com/maps/search/etablissement+wellness+Souyeaux%2BFrance/,
https://www.google.com/maps/search/etablissement+wellness+Souzay-Champigny%2BFrance/,
https://www.google.com/maps/search/etablissement+wellness+Souzy%2BFrance/,
https://www.google.com/maps/search/etablissement+wellness+Souzy-la-Briche%2BFrance/,
https://www.google.com/maps/search/etablissement+wellness+Soveria%2BFrance/,
https://www.google.com/maps/search/etablissement+wellness+Soyans%2BFrance/,
https://www.google.com/maps/search/etablissement+wellness+Soyaux%2BFrance/,
https://www.google.com/maps/search/etablissement+wellness+Soye%2BFrance/,
https://www.google.com/maps/search/etablissement+wellness+Soye-en-Septaine%2BFrance/,
https://www.google.com/maps/search/etablissement+wellness+Soyécourt%2BFrance/,
https://www.google.com/maps/search/etablissement+wellness+Soyers%2BFrance/,
https://www.google.com/maps/search/etablissement+wellness+Soyons%2BFrance/,
https://www.google.com/maps/search/etablissement+wellness+Sparsbach%2BFrance/,
https://www.google.com/maps/search/etablissement+wellness+Spay%2BFrance/,
https://www.google.com/maps/search/etablissement+wellness+Spechbach%2BFrance/,
https://www.google.com/maps/search/etablissement+wellness+Speloncato%2BFrance/,
https://www.google.com/maps/search/etablissement+wellness+Spéracèdes%2BFrance/,
https://www.google.com/maps/search/etablissement+wellness+Spézet%2BFrance/,
https://www.google.com/maps/search/etablissement+wellness+Spicheren%2BFrance/,
https://www.google.com/maps/search/etablissement+wellness+Spincourt%2BFrance/,
https://www.google.com/maps/search/etablissement+wellness+Sponville%2BFrance/,
https://www.google.com/maps/search/etablissement+wellness+Spoy%2BFrance/,
https://www.google.com/maps/search/etablissement+wellness+Spoy%2BFrance/,
https://www.google.com/maps/search/etablissement+wellness+Spycker%2BFrance/,
https://www.google.com/maps/search/etablissement+wellness+Squiffiec%2BFrance/,
https://www.google.com/maps/search/etablissement+wellness+Staffelfelden%2BFrance/,
https://www.google.com/maps/search/etablissement+wellness+Stains%2BFrance/,
https://www.google.com/maps/search/etablissement+wellness+Stainville%2BFrance/,
https://www.google.com/maps/search/etablissement+wellness+Staple%2BFrance/,
https://www.google.com/maps/search/etablissement+wellness+Stattmatten%2BFrance/,
https://www.google.com/maps/search/etablissement+wellness+Stazzona%2BFrance/,
https://www.google.com/maps/search/etablissement+wellness+Steenbecque%2BFrance/,
https://www.google.com/maps/search/etablissement+wellness+Steene%2BFrance/,
https://www.google.com/maps/search/etablissement+wellness+Steenvoorde%2BFrance/,
https://www.google.com/maps/search/etablissement+wellness+Steenwerck%2BFrance/,
https://www.google.com/maps/search/etablissement+wellness+Steige%2BFrance/,
https://www.google.com/maps/search/etablissement+wellness+Steinbach%2BFrance/,
https://www.google.com/maps/search/etablissement+wellness+Steinbourg%2BFrance/,
https://www.google.com/maps/search/etablissement+wellness+Steinbrunn-le-Bas%2BFrance/,
https://www.google.com/maps/search/etablissement+wellness+Steinbrunn-le-Haut%2BFrance/,
https://www.google.com/maps/search/etablissement+wellness+Steinseltz%2BFrance/,
https://www.google.com/maps/search/etablissement+wellness+Steinsoultz%2BFrance/,
https://www.google.com/maps/search/etablissement+wellness+Stenay%2BFrance/,
https://www.google.com/maps/search/etablissement+wellness+Sternenberg%2BFrance/,
https://www.google.com/maps/search/etablissement+wellness+Stetten%2BFrance/,
https://www.google.com/maps/search/etablissement+wellness+Stigny%2BFrance/,
https://www.google.com/maps/search/etablissement+wellness+Still%2BFrance/,
https://www.google.com/maps/search/etablissement+wellness+Stiring-Wendel%2BFrance/,
https://www.google.com/maps/search/etablissement+wellness+Stonne%2BFrance/,
https://www.google.com/maps/search/etablissement+wellness+Storckensohn%2BFrance/,
https://www.google.com/maps/search/etablissement+wellness+Stosswihr%2BFrance/,
https://www.google.com/maps/search/etablissement+wellness+Stotzheim%2BFrance/,
https://www.google.com/maps/search/etablissement+wellness+Strasbourg%2BFrance/,
https://www.google.com/maps/search/etablissement+wellness+Strazeele%2BFrance/,
https://www.google.com/maps/search/etablissement+wellness+Strenquels%2BFrance/,
https://www.google.com/maps/search/etablissement+wellness+Strueth%2BFrance/,
https://www.google.com/maps/search/etablissement+wellness+Struth%2BFrance/,
https://www.google.com/maps/search/etablissement+wellness+Stuckange%2BFrance/,
https://www.google.com/maps/search/etablissement+wellness+Stundwiller%2BFrance/,
https://www.google.com/maps/search/etablissement+wellness+Sturzelbronn%2BFrance/,
https://www.google.com/maps/search/etablissement+wellness+Stutzheim-Offenheim%2BFrance/,
https://www.google.com/maps/search/etablissement+wellness+Suarce%2BFrance/,
https://www.google.com/maps/search/etablissement+wellness+Suaux%2BFrance/,
https://www.google.com/maps/search/etablissement+wellness+Le Subdray%2BFrance/,traité (2026-08-22 17:47)
https://www.google.com/maps/search/etablissement+wellness+Sublaines%2BFrance/,traité (2026-08-22 17:48)
https://www.google.com/maps/search/etablissement+wellness+Subles%2BFrance/,traité (2026-08-22 17:48)
https://www.google.com/maps/search/etablissement+wellness+Subligny%2BFrance/,traité (2026-08-22 17:50)
https://www.google.com/maps/search/etablissement+wellness+Subligny%2BFrance/,traité (2026-08-22 17:50)
https://www.google.com/maps/search/etablissement+wellness+Subligny%2BFrance/,traité (2026-08-22 17:50)
https://www.google.com/maps/search/etablissement+wellness+Suc-et-Sentenac%2BFrance/,traité (2026-08-22 17:50)
https://www.google.com/maps/search/etablissement+wellness+Succieu%2BFrance/,traité (2026-08-22 17:51)
https://www.google.com/maps/search/etablissement+wellness+Sucé-sur-Erdre%2BFrance/,traité (2026-08-22 17:53)
https://www.google.com/maps/search/etablissement+wellness+Sucy-en-Brie%2BFrance/,traité (2026-08-22 17:53)
https://www.google.com/maps/search/etablissement+wellness+Suèvres%2BFrance/,traité (2026-08-22 17:53)
https://www.google.com/maps/search/etablissement+wellness+Sugères%2BFrance/,traité (2026-08-22 17:53)
https://www.google.com/maps/search/etablissement+wellness+Sugny%2BFrance/,traité (2026-08-22 17:53)
https://www.google.com/maps/search/etablissement+wellness+Suhescun%2BFrance/,traité (2026-08-22 17:53)
https://www.google.com/maps/search/etablissement+wellness+Suilly-la-Tour%2BFrance/,traité (2026-08-22 17:53)
https://www.google.com/maps/search/etablissement+wellness+Suin%2BFrance/,traité (2026-08-22 17:54)
https://www.google.com/maps/search/etablissement+wellness+Suippes%2BFrance/,traité (2026-08-22 17:54)
https://www.google.com/maps/search/etablissement+wellness+Suisse%2BFrance/,traité (2026-08-22 17:56)
https://www.google.com/maps/search/etablissement+wellness+Suizy-le-Franc%2BFrance/,traité (2026-08-22 17:56)
https://www.google.com/maps/search/etablissement+wellness+Sulignat%2BFrance/,traité (2026-08-22 17:56)
https://www.google.com/maps/search/etablissement+wellness+Sully%2BFrance/,traité (2026-08-22 17:57)
https://www.google.com/maps/search/etablissement+wellness+Sully%2BFrance/,traité (2026-08-22 17:57)
https://www.google.com/maps/search/etablissement+wellness+Sully%2BFrance/,traité (2026-08-22 17:57)
https://www.google.com/maps/search/etablissement+wellness+Sully-la-Chapelle%2BFrance/,traité (2026-08-22 17:57)
https://www.google.com/maps/search/etablissement+wellness+Sully-sur-Loire%2BFrance/,traité (2026-08-22 17:58)
https://www.google.com/maps/search/etablissement+wellness+Sulniac%2BFrance/,traité (2026-08-22 18:00)
https://www.google.com/maps/search/etablissement+wellness+Sumène%2BFrance/,traité (2026-08-22 18:00)
https://www.google.com/maps/search/etablissement+wellness+Sundhoffen%2BFrance/,traité (2026-08-22 18:00)
https://www.google.com/maps/search/etablissement+wellness+Sundhouse%2BFrance/,traité (2026-08-22 18:00)
https://www.google.com/maps/search/etablissement+wellness+Supt%2BFrance/,traité (2026-08-22 18:00)
https://www.google.com/maps/search/etablissement+wellness+Surat%2BFrance/,traité (2026-08-22 18:00)
https://www.google.com/maps/search/etablissement+wellness+Surba%2BFrance/,traité (2026-08-22 18:01)
https://www.google.com/maps/search/etablissement+wellness+Surbourg%2BFrance/,traité (2026-08-22 18:01)
https://www.google.com/maps/search/etablissement+wellness+Surcamps%2BFrance/,traité (2026-08-22 18:03)
https://www.google.com/maps/search/etablissement+wellness+Surdoux%2BFrance/,traité (2026-08-22 18:03)
https://www.google.com/maps/search/etablissement+wellness+Suré%2BFrance/,traité (2026-08-22 18:03)
https://www.google.com/maps/search/etablissement+wellness+La Sure en Chartreuse%2BFrance/,traité (2026-08-22 18:03)
https://www.google.com/maps/search/etablissement+wellness+Suresnes%2BFrance/,traité (2026-08-22 18:04)
https://www.google.com/maps/search/etablissement+wellness+Surfonds%2BFrance/,traité (2026-08-22 18:04)
https://www.google.com/maps/search/etablissement+wellness+Surfontaine%2BFrance/,traité (2026-08-22 18:04)
https://www.google.com/maps/search/etablissement+wellness+Surgères%2BFrance/,traité (2026-08-22 18:05)
https://www.google.com/maps/search/etablissement+wellness+Surgy%2BFrance/,traité (2026-08-22 18:05)
https://www.google.com/maps/search/etablissement+wellness+Suriauville%2BFrance/,traité (2026-08-22 18:07)
https://www.google.com/maps/search/etablissement+wellness+Surin%2BFrance/,traité (2026-08-22 18:07)
https://www.google.com/maps/search/etablissement+wellness+Surin%2BFrance/,traité (2026-08-22 18:07)
https://www.google.com/maps/search/etablissement+wellness+Suris%2BFrance/,traité (2026-08-22 18:07)
https://www.google.com/maps/search/etablissement+wellness+Surjoux%2BFrance/,traité (2026-08-22 18:07)
https://www.google.com/maps/search/etablissement+wellness+Surmont%2BFrance/,traité (2026-08-22 18:07)
https://www.google.com/maps/search/etablissement+wellness+Surques%2BFrance/,traité (2026-08-22 18:07)
https://www.google.com/maps/search/etablissement+wellness+Surrain%2BFrance/,traité (2026-08-22 18:08)
https://www.google.com/maps/search/etablissement+wellness+Surtainville%2BFrance/,traité (2026-08-22 18:10)
https://www.google.com/maps/search/etablissement+wellness+Surtauville%2BFrance/,traité (2026-08-22 18:10)
https://www.google.com/maps/search/etablissement+wellness+Survie%2BFrance/,traité (2026-08-22 18:10)
https://www.google.com/maps/search/etablissement+wellness+Surville%2BFrance/,traité (2026-08-22 18:10)
https://www.google.com/maps/search/etablissement+wellness+Surville%2BFrance/,traité (2026-08-22 18:10)
https://www.google.com/maps/search/etablissement+wellness+Survilliers%2BFrance/,traité (2026-08-22 18:11)
https://www.google.com/maps/search/etablissement+wellness+Sury%2BFrance/,traité (2026-08-22 18:11)
https://www.google.com/maps/search/etablissement+wellness+Sury-aux-Bois%2BFrance/,traité (2026-08-22 18:12)
https://www.google.com/maps/search/etablissement+wellness+Sury-en-Vaux%2BFrance/,traité (2026-08-22 18:14)
https://www.google.com/maps/search/etablissement+wellness+Sury-ès-Bois%2BFrance/,traité (2026-08-22 18:14)
https://www.google.com/maps/search/etablissement+wellness+Sury-le-Comtal%2BFrance/,traité (2026-08-22 18:14)
https://www.google.com/maps/search/etablissement+wellness+Sury-près-Léré%2BFrance/,traité (2026-08-22 18:14)
https://www.google.com/maps/search/etablissement+wellness+Surzur%2BFrance/,traité (2026-08-22 18:14)
https://www.google.com/maps/search/etablissement+wellness+Sus%2BFrance/,traité (2026-08-22 18:14)
https://www.google.com/maps/search/etablissement+wellness+Sus-Saint-Léger%2BFrance/,traité (2026-08-22 18:15)
https://www.google.com/maps/search/etablissement+wellness+Susmiou%2BFrance/,traité (2026-08-22 18:15)
https://www.google.com/maps/search/etablissement+wellness+Sussac%2BFrance/,traité (2026-08-22 18:16)
https://www.google.com/maps/search/etablissement+wellness+Sussargues%2BFrance/,traité (2026-08-22 18:18)
https://www.google.com/maps/search/etablissement+wellness+Sussat%2BFrance/,traité (2026-08-22 18:18)
https://www.google.com/maps/search/etablissement+wellness+Sussey%2BFrance/,traité (2026-08-22 18:18)
https://www.google.com/maps/search/etablissement+wellness+Susville%2BFrance/,traité (2026-08-22 18:18)
https://www.google.com/maps/search/etablissement+wellness+Sutrieu%2BFrance/,traité (2026-08-22 18:18)
https://www.google.com/maps/search/etablissement+wellness+Suzan%2BFrance/,traité (2026-08-22 18:19)
https://www.google.com/maps/search/etablissement+wellness+Suzanne%2BFrance/,traité (2026-08-22 18:20)
https://www.google.com/maps/search/etablissement+wellness+Suzanne%2BFrance/,traité (2026-08-22 18:20)
https://www.google.com/maps/search/etablissement+wellness+Suzannecourt%2BFrance/,échec (2026-08-22 18:22)
https://www.google.com/maps/search/etablissement+wellness+Suzay%2BFrance/,traité (2026-08-22 18:22)
https://www.google.com/maps/search/etablissement+wellness+Suze%2BFrance/,traité (2026-08-22 18:22)
https://www.google.com/maps/search/etablissement+wellness+Suze-la-Rousse%2BFrance/,traité (2026-08-22 18:22)
https://www.google.com/maps/search/etablissement+wellness+La Suze-sur-Sarthe%2BFrance/,traité (2026-08-22 18:22)
https://www.google.com/maps/search/etablissement+wellness+Suzette%2BFrance/,traité (2026-08-22 18:23)
https://www.google.com/maps/search/etablissement+wellness+Suzoy%2BFrance/,traité (2026-08-22 18:23)
https://www.google.com/maps/search/etablissement+wellness+Suzy%2BFrance/,traité (2026-08-22 18:23)
https://www.google.com/maps/search/etablissement+wellness+Sy%2BFrance/,traité (2026-08-22 18:26)
https://www.google.com/maps/search/etablissement+wellness+Syam%2BFrance/,traité (2026-08-22 18:26)
https://www.google.com/maps/search/etablissement+wellness+Sylvains-Lès-Moulins%2BFrance/,traité (2026-08-22 18:26)
https://www.google.com/maps/search/etablissement+wellness+Sylvanès%2BFrance/,traité (2026-08-22 18:26)
https://www.google.com/maps/search/etablissement+wellness+Le Syndicat%2BFrance/,traité (2026-08-22 18:26)
https://www.google.com/maps/search/etablissement+wellness+Tabaille-Usquain%2BFrance/,traité (2026-08-22 18:26)
https://www.google.com/maps/search/etablissement+wellness+Tabanac%2BFrance/,traité (2026-08-22 18:26)
https://www.google.com/maps/search/etablissement+wellness+La Table%2BFrance/,traité (2026-08-22 18:26)
https://www.google.com/maps/search/etablissement+wellness+Le Tablier%2BFrance/,traité (2026-08-22 18:29)
https://www.google.com/maps/search/etablissement+wellness+Tabre%2BFrance/,traité (2026-08-22 18:29)
https://www.google.com/maps/search/etablissement+wellness+La Tâche%2BFrance/,traité (2026-08-22 18:29)
https://www.google.com/maps/search/etablissement+wellness+Tachoires%2BFrance/,traité (2026-08-22 18:29)
https://www.google.com/maps/search/etablissement+wellness+Tacoignières%2BFrance/,traité (2026-08-22 18:29)
https://www.google.com/maps/search/etablissement+wellness+Taconnay%2BFrance/,traité (2026-08-22 18:29)
https://www.google.com/maps/search/etablissement+wellness+Taden%2BFrance/,traité (2026-08-22 18:30)
https://www.google.com/maps/search/etablissement+wellness+Tadousse-Ussau%2BFrance/,traité (2026-08-22 18:30)
https://www.google.com/maps/search/etablissement+wellness+Taglio-Isolaccio%2BFrance/,traité (2026-08-22 18:31)
https://www.google.com/maps/search/etablissement+wellness+La Tagnière%2BFrance/,traité (2026-08-22 18:33)
https://www.google.com/maps/search/etablissement+wellness+Tagnon%2BFrance/,traité (2026-08-22 18:33)
https://www.google.com/maps/search/etablissement+wellness+Tagolsheim%2BFrance/,traité (2026-08-22 18:33)
https://www.google.com/maps/search/etablissement+wellness+Tagsdorf%2BFrance/,traité (2026-08-22 18:33)
https://www.google.com/maps/search/etablissement+wellness+Tailhac%2BFrance/,traité (2026-08-22 18:33)
https://www.google.com/maps/search/etablissement+wellness+Taillades%2BFrance/,traité (2026-08-22 18:34)
https://www.google.com/maps/search/etablissement+wellness+Le Taillan-Médoc%2BFrance/,traité (2026-08-22 18:34)
https://www.google.com/maps/search/etablissement+wellness+Taillancourt%2BFrance/,traité (2026-08-22 18:35)
https://www.google.com/maps/search/etablissement+wellness+Taillant%2BFrance/,traité (2026-08-22 18:37)
https://www.google.com/maps/search/etablissement+wellness+Taillebourg%2BFrance/,traité (2026-08-22 18:37)
https://www.google.com/maps/search/etablissement+wellness+Taillebourg%2BFrance/,traité (2026-08-22 18:37)
https://www.google.com/maps/search/etablissement+wellness+Taillecavat%2BFrance/,traité (2026-08-22 18:37)
https://www.google.com/maps/search/etablissement+wellness+Taillecourt%2BFrance/,traité (2026-08-22 18:37)
https://www.google.com/maps/search/etablissement+wellness+La Taillée%2BFrance/,traité (2026-08-22 18:38)
https://www.google.com/maps/search/etablissement+wellness+Taillefontaine%2BFrance/,traité (2026-08-22 18:38)
https://www.google.com/maps/search/etablissement+wellness+Taillepied%2BFrance/,traité (2026-08-22 18:39)
https://www.google.com/maps/search/etablissement+wellness+Taillet%2BFrance/,traité (2026-08-22 18:39)
https://www.google.com/maps/search/etablissement+wellness+Taillette%2BFrance/,traité (2026-08-22 18:41)
https://www.google.com/maps/search/etablissement+wellness+Taillis%2BFrance/,traité (2026-08-22 18:41)
https://www.google.com/maps/search/etablissement+wellness+Tailly%2BFrance/,traité (2026-08-22 18:42)
https://www.google.com/maps/search/etablissement+wellness+Tailly%2BFrance/,traité (2026-08-22 18:42)
https://www.google.com/maps/search/etablissement+wellness+Tailly%2BFrance/,traité (2026-08-22 18:42)
https://www.google.com/maps/search/etablissement+wellness+Tain-l'Hermitage%2BFrance/,traité (2026-08-22 18:42)
https://www.google.com/maps/search/etablissement+wellness+Taintrux%2BFrance/,traité (2026-08-22 18:43)
https://www.google.com/maps/search/etablissement+wellness+Taisnières-en-Thiérache%2BFrance/,traité (2026-08-22 18:43)
https://www.google.com/maps/search/etablissement+wellness+Taisnières-sur-Hon%2BFrance/,traité (2026-08-22 18:45)
https://www.google.com/maps/search/etablissement+wellness+Taissy%2BFrance/,traité (2026-08-22 18:45)
https://www.google.com/maps/search/etablissement+wellness+Taïx%2BFrance/,traité (2026-08-22 18:45)
https://www.google.com/maps/search/etablissement+wellness+Taizé%2BFrance/,traité (2026-08-22 18:45)
https://www.google.com/maps/search/etablissement+wellness+Taizé-Aizie%2BFrance/,traité (2026-08-22 18:45)
https://www.google.com/maps/search/etablissement+wellness+Taizé-Maulais%2BFrance/,traité (2026-08-22 18:46)
https://www.google.com/maps/search/etablissement+wellness+Taizy%2BFrance/,traité (2026-08-22 18:46)
https://www.google.com/maps/search/etablissement+wellness+Tajan%2BFrance/,traité (2026-08-22 18:47)
https://www.google.com/maps/search/etablissement+wellness+Talairan%2BFrance/,traité (2026-08-22 18:49)
https://www.google.com/maps/search/etablissement+wellness+Talais%2BFrance/,traité (2026-08-22 18:49)
https://www.google.com/maps/search/etablissement+wellness+Talange%2BFrance/,traité (2026-08-22 18:49)
https://www.google.com/maps/search/etablissement+wellness+Talant%2BFrance/,traité (2026-08-22 18:49)
https://www.google.com/maps/search/etablissement+wellness+Talasani%2BFrance/,traité (2026-08-22 18:49)
https://www.google.com/maps/search/etablissement+wellness+La Talaudière%2BFrance/,traité (2026-08-22 18:49)
https://www.google.com/maps/search/etablissement+wellness+Talazac%2BFrance/,traité (2026-08-22 18:50)
https://www.google.com/maps/search/etablissement+wellness+Talcy%2BFrance/,traité (2026-08-22 18:53)
https://www.google.com/maps/search/etablissement+wellness+Talcy%2BFrance/,traité (2026-08-22 18:53)
https://www.google.com/maps/search/etablissement+wellness+Talence%2BFrance/,traité (2026-08-22 18:53)
https://www.google.com/maps/search/etablissement+wellness+Talencieux%2BFrance/,traité (2026-08-22 18:53)
https://www.google.com/maps/search/etablissement+wellness+Talensac%2BFrance/,traité (2026-08-22 18:53)
https://www.google.com/maps/search/etablissement+wellness+Talissieu%2BFrance/,traité (2026-08-22 18:53)
https://www.google.com/maps/search/etablissement+wellness+Talizat%2BFrance/,traité (2026-08-22 18:53)
https://www.google.com/maps/search/etablissement+wellness+Tallans%2BFrance/,traité (2026-08-22 18:53)
https://www.google.com/maps/search/etablissement+wellness+Tallard%2BFrance/,traité (2026-08-22 18:54)
https://www.google.com/maps/search/etablissement+wellness+Tallenay%2BFrance/,traité (2026-08-22 18:54)
https://www.google.com/maps/search/etablissement+wellness+Tallende%2BFrance/,traité (2026-08-22 18:56)
https://www.google.com/maps/search/etablissement+wellness+Taller%2BFrance/,traité (2026-08-22 18:56)
https://www.google.com/maps/search/etablissement+wellness+Talloires-Montmin%2BFrance/,traité (2026-08-22 18:56)
https://www.google.com/maps/search/etablissement+wellness+Tallone%2BFrance/,traité (2026-08-22 18:56)
https://www.google.com/maps/search/etablissement+wellness+Le Tallud%2BFrance/,traité (2026-08-22 18:56)
https://www.google.com/maps/search/etablissement+wellness+Tallud-Sainte-Gemme%2BFrance/,traité (2026-08-22 18:57)
https://www.google.com/maps/search/etablissement+wellness+Talmas%2BFrance/,traité (2026-08-22 18:57)
https://www.google.com/maps/search/etablissement+wellness+Talmay%2BFrance/,traité (2026-08-22 18:58)
https://www.google.com/maps/search/etablissement+wellness+Talmont-Saint-Hilaire%2BFrance/,traité (2026-08-22 19:00)
https://www.google.com/maps/search/etablissement+wellness+Talmont-sur-Gironde%2BFrance/,traité (2026-08-22 19:00)
https://www.google.com/maps/search/etablissement+wellness+Talmontiers%2BFrance/,traité (2026-08-22 19:00)
https://www.google.com/maps/search/etablissement+wellness+Talon%2BFrance/,traité (2026-08-22 19:00)
https://www.google.com/maps/search/etablissement+wellness+Talus-Saint-Prix%2BFrance/,traité (2026-08-22 19:00)
https://www.google.com/maps/search/etablissement+wellness+Taluyers%2BFrance/,traité (2026-08-22 19:01)
https://www.google.com/maps/search/etablissement+wellness+Tamerville%2BFrance/,traité (2026-08-22 19:01)
https://www.google.com/maps/search/etablissement+wellness+Tamnay-en-Bazois%2BFrance/,traité (2026-08-22 19:02)
https://www.google.com/maps/search/etablissement+wellness+Tamniès%2BFrance/,traité (2026-08-22 19:02)
https://www.google.com/maps/search/etablissement+wellness+Le Tampon%2BFrance/,traité (2026-08-22 19:04)
https://www.google.com/maps/search/etablissement+wellness+Tanavelle%2BFrance/,traité (2026-08-22 19:04)
https://www.google.com/maps/search/etablissement+wellness+Tanay%2BFrance/,traité (2026-08-22 19:04)
https://www.google.com/maps/search/etablissement+wellness+Tancarville%2BFrance/,traité (2026-08-22 19:04)
https://www.google.com/maps/search/etablissement+wellness+Tancon%2BFrance/,traité (2026-08-22 19:05)
https://www.google.com/maps/search/etablissement+wellness+Tanconville%2BFrance/,traité (2026-08-22 19:06)
https://www.google.com/maps/search/etablissement+wellness+Tancrou%2BFrance/,traité (2026-08-22 19:06)
https://www.google.com/maps/search/etablissement+wellness+Tangry%2BFrance/,traité (2026-08-22 19:07)
https://www.google.com/maps/search/etablissement+wellness+Taninges%2BFrance/,traité (2026-08-22 19:09)
https://www.google.com/maps/search/etablissement+wellness+Tanis%2BFrance/,traité (2026-08-22 19:09)
https://www.google.com/maps/search/etablissement+wellness+Tanlay%2BFrance/,traité (2026-08-22 19:09)
https://www.google.com/maps/search/etablissement+wellness+Tannay%2BFrance/,traité (2026-08-22 19:09)
https://www.google.com/maps/search/etablissement+wellness+Tannay%2BFrance/,traité (2026-08-22 19:09)
https://www.google.com/maps/search/etablissement+wellness+Tanneron%2BFrance/,traité (2026-08-22 19:10)
https://www.google.com/maps/search/etablissement+wellness+Tannerre-en-Puisaye%2BFrance/,traité (2026-08-22 19:10)
https://www.google.com/maps/search/etablissement+wellness+Tannières%2BFrance/,traité (2026-08-22 19:11)
https://www.google.com/maps/search/etablissement+wellness+Tannois%2BFrance/,traité (2026-08-22 19:13)
https://www.google.com/maps/search/etablissement+wellness+Tanques%2BFrance/,traité (2026-08-22 19:13)
https://www.google.com/maps/search/etablissement+wellness+Tantonville%2BFrance/,traité (2026-08-22 19:13)
https://www.google.com/maps/search/etablissement+wellness+Le Tanu%2BFrance/,traité (2026-08-22 19:13)
https://www.google.com/maps/search/etablissement+wellness+Tanus%2BFrance/,traité (2026-08-22 19:13)
https://www.google.com/maps/search/etablissement+wellness+Tanville%2BFrance/,traité (2026-08-22 19:13)
https://www.google.com/maps/search/etablissement+wellness+Tanzac%2BFrance/,traité (2026-08-22 19:14)
https://www.google.com/maps/search/etablissement+wellness+Taponas%2BFrance/,traité (2026-08-22 19:14)
https://www.google.com/maps/search/etablissement+wellness+Taponnat-Fleurignac%2BFrance/,traité (2026-08-22 19:14)
https://www.google.com/maps/search/etablissement+wellness+Tarabel%2BFrance/,traité (2026-08-22 19:16)
https://www.google.com/maps/search/etablissement+wellness+Taradeau%2BFrance/,traité (2026-08-22 19:16)
https://www.google.com/maps/search/etablissement+wellness+Tarare%2BFrance/,traité (2026-08-22 19:16)
https://www.google.com/maps/search/etablissement+wellness+Tarascon%2BFrance/,traité (2026-08-22 19:16)
https://www.google.com/maps/search/etablissement+wellness+Tarascon-sur-Ariège%2BFrance/,traité (2026-08-22 19:17)
https://www.google.com/maps/search/etablissement+wellness+Tarasteix%2BFrance/,
https://www.google.com/maps/search/etablissement+wellness+Tarbes%2BFrance/,
https://www.google.com/maps/search/etablissement+wellness+Tarcenay%2BFrance/,
https://www.google.com/maps/search/etablissement+wellness+Tardes%2BFrance/,
https://www.google.com/maps/search/etablissement+wellness+Tardets-Sorholus%2BFrance/,
https://www.google.com/maps/search/etablissement+wellness+La Tardière%2BFrance/,
https://www.google.com/maps/search/etablissement+wellness+Tardinghen%2BFrance/,
https://www.google.com/maps/search/etablissement+wellness+Tarentaise%2BFrance/,
https://www.google.com/maps/search/etablissement+wellness+Tarerach%2BFrance/,
https://www.google.com/maps/search/etablissement+wellness+Targassonne%2BFrance/,
https://www.google.com/maps/search/etablissement+wellness+Target%2BFrance/,
https://www.google.com/maps/search/etablissement+wellness+Targon%2BFrance/,
https://www.google.com/maps/search/etablissement+wellness+Tarnac%2BFrance/,
https://www.google.com/maps/search/etablissement+wellness+Tarnès%2BFrance/,
https://www.google.com/maps/search/etablissement+wellness+Tarnos%2BFrance/,
https://www.google.com/maps/search/etablissement+wellness+Taron-Sadirac-Viellenave%2BFrance/,
https://www.google.com/maps/search/etablissement+wellness+Tarquimpol%2BFrance/,
https://www.google.com/maps/search/etablissement+wellness+Tarrano%2BFrance/,
https://www.google.com/maps/search/etablissement+wellness+Tarsac%2BFrance/,
https://www.google.com/maps/search/etablissement+wellness+Tarsacq%2BFrance/,
https://www.google.com/maps/search/etablissement+wellness+Tarsul%2BFrance/,
https://www.google.com/maps/search/etablissement+wellness+Tart-l'Abbaye%2BFrance/,
https://www.google.com/maps/search/etablissement+wellness+Tart-le-Bas%2BFrance/,
https://www.google.com/maps/search/etablissement+wellness+Tart-le-Haut%2BFrance/,
https://www.google.com/maps/search/etablissement+wellness+Tartaras%2BFrance/,
https://www.google.com/maps/search/etablissement+wellness+Tartas%2BFrance/,
https://www.google.com/maps/search/etablissement+wellness+Tartécourt%2BFrance/,
https://www.google.com/maps/search/etablissement+wellness+Tartiers%2BFrance/,
https://www.google.com/maps/search/etablissement+wellness+Tartigny%2BFrance/,
https://www.google.com/maps/search/etablissement+wellness+Tartonne%2BFrance/,
https://www.google.com/maps/search/etablissement+wellness+Le Tartre%2BFrance/,
https://www.google.com/maps/search/etablissement+wellness+Le Tartre-Gaudran%2BFrance/,
https://www.google.com/maps/search/etablissement+wellness+Tarzy%2BFrance/,
https://www.google.com/maps/search/etablissement+wellness+Tasque%2BFrance/,
https://www.google.com/maps/search/etablissement+wellness+Tassé%2BFrance/,
https://www.google.com/maps/search/etablissement+wellness+Tassenières%2BFrance/,
https://www.google.com/maps/search/etablissement+wellness+Tassillé%2BFrance/,
https://www.google.com/maps/search/etablissement+wellness+Tassin-la-Demi-Lune%2BFrance/,
https://www.google.com/maps/search/etablissement+wellness+Tasso%2BFrance/,
https://www.google.com/maps/search/etablissement+wellness+Le Tâtre%2BFrance/,
https://www.google.com/maps/search/etablissement+wellness+Taugon%2BFrance/,
https://www.google.com/maps/search/etablissement+wellness+Taulé%2BFrance/,
https://www.google.com/maps/search/etablissement+wellness+Taulignan%2BFrance/,
https://www.google.com/maps/search/etablissement+wellness+Taulis%2BFrance/,
https://www.google.com/maps/search/etablissement+wellness+Taupont%2BFrance/,
https://www.google.com/maps/search/etablissement+wellness+Tauriac%2BFrance/,
https://www.google.com/maps/search/etablissement+wellness+Tauriac%2BFrance/,
https://www.google.com/maps/search/etablissement+wellness+Tauriac%2BFrance/,
https://www.google.com/maps/search/etablissement+wellness+Tauriac-de-Camarès%2BFrance/,
https://www.google.com/maps/search/etablissement+wellness+Tauriac-de-Naucelle%2BFrance/,
https://www.google.com/maps/search/etablissement+wellness+Tauriers%2BFrance/,
https://www.google.com/maps/search/etablissement+wellness+Taurignan-Castet%2BFrance/,
https://www.google.com/maps/search/etablissement+wellness+Taurignan-Vieux%2BFrance/,
https://www.google.com/maps/search/etablissement+wellness+Taurinya%2BFrance/,
https://www.google.com/maps/search/etablissement+wellness+Taurize%2BFrance/,
https://www.google.com/maps/search/etablissement+wellness+Taussac%2BFrance/,
https://www.google.com/maps/search/etablissement+wellness+Taussac-la-Billière%2BFrance/,
https://www.google.com/maps/search/etablissement+wellness+Tautavel%2BFrance/,
https://www.google.com/maps/search/etablissement+wellness+Tauves%2BFrance/,
https://www.google.com/maps/search/etablissement+wellness+Tauxigny-Saint-Bauld%2BFrance/,
https://www.google.com/maps/search/etablissement+wellness+Tavaco%2BFrance/,
https://www.google.com/maps/search/etablissement+wellness+Tavant%2BFrance/,
https://www.google.com/maps/search/etablissement+wellness+Tavaux%2BFrance/,
https://www.google.com/maps/search/etablissement+wellness+Tavaux-et-Pontséricourt%2BFrance/,
https://www.google.com/maps/search/etablissement+wellness+Tavel%2BFrance/,
https://www.google.com/maps/search/etablissement+wellness+Tavera%2BFrance/,
https://www.google.com/maps/search/etablissement+wellness+Tavernay%2BFrance/,
https://www.google.com/maps/search/etablissement+wellness+Tavernes%2BFrance/,
https://www.google.com/maps/search/etablissement+wellness+Taverny%2BFrance/,
https://www.google.com/maps/search/etablissement+wellness+Tavers%2BFrance/,
https://www.google.com/maps/search/etablissement+wellness+Tavey%2BFrance/,
https://www.google.com/maps/search/etablissement+wellness+Taxat-Senat%2BFrance/,
https://www.google.com/maps/search/etablissement+wellness+Taxenne%2BFrance/,
https://www.google.com/maps/search/etablissement+wellness+Tayac%2BFrance/,
https://www.google.com/maps/search/etablissement+wellness+Taybosc%2BFrance/,
https://www.google.com/maps/search/etablissement+wellness+Tayrac%2BFrance/,
https://www.google.com/maps/search/etablissement+wellness+Tayrac%2BFrance/,
https://www.google.com/maps/search/etablissement+wellness+Tazilly%2BFrance/,
https://www.google.com/maps/search/etablissement+wellness+Le Tech%2BFrance/,
https://www.google.com/maps/search/etablissement+wellness+Têche%2BFrance/,
https://www.google.com/maps/search/etablissement+wellness+Técou%2BFrance/,
https://www.google.com/maps/search/etablissement+wellness+Le Teich%2BFrance/,
https://www.google.com/maps/search/etablissement+wellness+Teigny%2BFrance/,
https://www.google.com/maps/search/etablissement+wellness+Le Teil%2BFrance/,
https://www.google.com/maps/search/etablissement+wellness+Teilhède%2BFrance/,
https://www.google.com/maps/search/etablissement+wellness+Teilhet%2BFrance/,
https://www.google.com/maps/search/etablissement+wellness+Teilhet%2BFrance/,
https://www.google.com/maps/search/etablissement+wellness+Teillay%2BFrance/,
https://www.google.com/maps/search/etablissement+wellness+Teillé%2BFrance/,
https://www.google.com/maps/search/etablissement+wellness+Teillé%2BFrance/,
https://www.google.com/maps/search/etablissement+wellness+Teillet%2BFrance/,
https://www.google.com/maps/search/etablissement+wellness+Teillet-Argenty%2BFrance/,
https://www.google.com/maps/search/etablissement+wellness+Le Teilleul%2BFrance/,
https://www.google.com/maps/search/etablissement+wellness+Teillots%2BFrance/,
https://www.google.com/maps/search/etablissement+wellness+Teissières-de-Cornet%2BFrance/,
https://www.google.com/maps/search/etablissement+wellness+Teissières-lès-Bouliès%2BFrance/,
https://www.google.com/maps/search/etablissement+wellness+Telgruc-sur-Mer%2BFrance/,
https://www.google.com/maps/search/etablissement+wellness+Tellancourt%2BFrance/,
https://www.google.com/maps/search/etablissement+wellness+Tellecey%2BFrance/,
https://www.google.com/maps/search/etablissement+wellness+Tellières-le-Plessis%2BFrance/,
https://www.google.com/maps/search/etablissement+wellness+Teloché%2BFrance/,
https://www.google.com/maps/search/etablissement+wellness+Le Temple%2BFrance/,
https://www.google.com/maps/search/etablissement+wellness+Le Temple%2BFrance/,
https://www.google.com/maps/search/etablissement+wellness+Le Temple-de-Bretagne%2BFrance/,
https://www.google.com/maps/search/etablissement+wellness+Temple-Laguyon%2BFrance/,
https://www.google.com/maps/search/etablissement+wellness+Le Temple-sur-Lot%2BFrance/,
https://www.google.com/maps/search/etablissement+wellness+Templemars%2BFrance/,
https://www.google.com/maps/search/etablissement+wellness+Templeuve-en-Pévèle%2BFrance/,
https://www.google.com/maps/search/etablissement+wellness+Templeux-la-Fosse%2BFrance/,
https://www.google.com/maps/search/etablissement+wellness+Templeux-le-Guérard%2BFrance/,
https://www.google.com/maps/search/etablissement+wellness+Tenay%2BFrance/,
https://www.google.com/maps/search/etablissement+wellness+Tence%2BFrance/,
https://www.google.com/maps/search/etablissement+wellness+Tencin%2BFrance/,
https://www.google.com/maps/search/etablissement+wellness+Tende%2BFrance/,
https://www.google.com/maps/search/etablissement+wellness+Tendon%2BFrance/,
https://www.google.com/maps/search/etablissement+wellness+Tendron%2BFrance/,
https://www.google.com/maps/search/etablissement+wellness+Tendu%2BFrance/,
https://www.google.com/maps/search/etablissement+wellness+Teneur%2BFrance/,
https://www.google.com/maps/search/etablissement+wellness+Tennie%2BFrance/,
https://www.google.com/maps/search/etablissement+wellness+Tenteling%2BFrance/,
https://www.google.com/maps/search/etablissement+wellness+Tercé%2BFrance/,
https://www.google.com/maps/search/etablissement+wellness+Tercillat%2BFrance/,
https://www.google.com/maps/search/etablissement+wellness+Tercis-les-Bains%2BFrance/,
https://www.google.com/maps/search/etablissement+wellness+Terdeghem%2BFrance/,
https://www.google.com/maps/search/etablissement+wellness+Tergnier%2BFrance/,
https://www.google.com/maps/search/etablissement+wellness+Terjat%2BFrance/,
https://www.google.com/maps/search/etablissement+wellness+Termes%2BFrance/,
https://www.google.com/maps/search/etablissement+wellness+Termes%2BFrance/,
https://www.google.com/maps/search/etablissement+wellness+Termes-d'Armagnac%2BFrance/,
https://www.google.com/maps/search/etablissement+wellness+Terminiers%2BFrance/,
https://www.google.com/maps/search/etablissement+wellness+Ternand%2BFrance/,
https://www.google.com/maps/search/etablissement+wellness+Ternant%2BFrance/,
https://www.google.com/maps/search/etablissement+wellness+Ternant%2BFrance/,
https://www.google.com/maps/search/etablissement+wellness+Ternant%2BFrance/,
https://www.google.com/maps/search/etablissement+wellness+Ternant-les-Eaux%2BFrance/,
https://www.google.com/maps/search/etablissement+wellness+Ternas%2BFrance/,
https://www.google.com/maps/search/etablissement+wellness+Ternat%2BFrance/,
https://www.google.com/maps/search/etablissement+wellness+Ternay%2BFrance/,
https://www.google.com/maps/search/etablissement+wellness+Ternay%2BFrance/,
https://www.google.com/maps/search/etablissement+wellness+Ternay%2BFrance/,
https://www.google.com/maps/search/etablissement+wellness+Les Ternes%2BFrance/,
https://www.google.com/maps/search/etablissement+wellness+Ternuay-Melay-et-Saint-Hilaire%2BFrance/,
https://www.google.com/maps/search/etablissement+wellness+Terny-Sorny%2BFrance/,
https://www.google.com/maps/search/etablissement+wellness+Terramesnil%2BFrance/,
https://www.google.com/maps/search/etablissement+wellness+Terranjou%2BFrance/,
https://www.google.com/maps/search/etablissement+wellness+La Terrasse%2BFrance/,
https://www.google.com/maps/search/etablissement+wellness+La Terrasse-sur-Dorlay%2BFrance/,
https://www.google.com/maps/search/etablissement+wellness+Terrasson-Lavilledieu%2BFrance/,
https://www.google.com/maps/search/etablissement+wellness+Terrats%2BFrance/,
https://www.google.com/maps/search/etablissement+wellness+Terraube%2BFrance/,
https://www.google.com/maps/search/etablissement+wellness+Terre-Clapier%2BFrance/,
https://www.google.com/maps/search/etablissement+wellness+Terre-de-Bas%2BFrance/,
https://www.google.com/maps/search/etablissement+wellness+Terre-de-Haut%2BFrance/,
https://www.google.com/maps/search/etablissement+wellness+Terre-et-Marais%2BFrance/,
https://www.google.com/maps/search/etablissement+wellness+Terrebasse%2BFrance/,
https://www.google.com/maps/search/etablissement+wellness+Terrefondrée%2BFrance/,
https://www.google.com/maps/search/etablissement+wellness+Terrehault%2BFrance/,
https://www.google.com/maps/search/etablissement+wellness+Terres de Bord%2BFrance/,
https://www.google.com/maps/search/etablissement+wellness+Terres de Druance%2BFrance/,
https://www.google.com/maps/search/etablissement+wellness+Terres-de-Caux%2BFrance/,
https://www.google.com/maps/search/etablissement+wellness+Les Terres-de-Chaux%2BFrance/,
https://www.google.com/maps/search/etablissement+wellness+Terroles%2BFrance/,
https://www.google.com/maps/search/etablissement+wellness+Terron-sur-Aisne%2BFrance/,
https://www.google.com/maps/search/etablissement+wellness+Terrou%2BFrance/,
https://www.google.com/maps/search/etablissement+wellness+Tersanne%2BFrance/,
https://www.google.com/maps/search/etablissement+wellness+Tersannes%2BFrance/,
https://www.google.com/maps/search/etablissement+wellness+Terssac%2BFrance/,
https://www.google.com/maps/search/etablissement+wellness+Le Tertre-Saint-Denis%2BFrance/,
https://www.google.com/maps/search/etablissement+wellness+Tertry%2BFrance/,
https://www.google.com/maps/search/etablissement+wellness+Terville%2BFrance/,
https://www.google.com/maps/search/etablissement+wellness+Tessancourt-sur-Aubette%2BFrance/,
https://www.google.com/maps/search/etablissement+wellness+Tessé-Froulay%2BFrance/,
https://www.google.com/maps/search/etablissement+wellness+Tessel%2BFrance/,
https://www.google.com/maps/search/etablissement+wellness+Tesson%2BFrance/,
https://www.google.com/maps/search/etablissement+wellness+Tessonnière%2BFrance/,
https://www.google.com/maps/search/etablissement+wellness+La Tessoualle%2BFrance/,
https://www.google.com/maps/search/etablissement+wellness+Tessy-Bocage%2BFrance/,
https://www.google.com/maps/search/etablissement+wellness+La Teste-de-Buch%2BFrance/,
https://www.google.com/maps/search/etablissement+wellness+Tétaigne%2BFrance/,
https://www.google.com/maps/search/etablissement+wellness+Téteghem-Coudekerque-Village%2BFrance/,
https://www.google.com/maps/search/etablissement+wellness+Téterchen%2BFrance/,
https://www.google.com/maps/search/etablissement+wellness+Téthieu%2BFrance/,
https://www.google.com/maps/search/etablissement+wellness+Teting-sur-Nied%2BFrance/,
https://www.google.com/maps/search/etablissement+wellness+Teuillac%2BFrance/,
https://www.google.com/maps/search/etablissement+wellness+Teulat%2BFrance/,
https://www.google.com/maps/search/etablissement+wellness+Teurthéville-Bocage%2BFrance/,
https://www.google.com/maps/search/etablissement+wellness+Teurthéville-Hague%2BFrance/,
https://www.google.com/maps/search/etablissement+wellness+Teyjat%2BFrance/,
https://www.google.com/maps/search/etablissement+wellness+Teyran%2BFrance/,
https://www.google.com/maps/search/etablissement+wellness+Teyssières%2BFrance/,
https://www.google.com/maps/search/etablissement+wellness+Teyssieu%2BFrance/,
https://www.google.com/maps/search/etablissement+wellness+Teyssode%2BFrance/,
https://www.google.com/maps/search/etablissement+wellness+Thaas%2BFrance/,
https://www.google.com/maps/search/etablissement+wellness+Thaims%2BFrance/,
https://www.google.com/maps/search/etablissement+wellness+Thairé%2BFrance/,
https://www.google.com/maps/search/etablissement+wellness+Thaix%2BFrance/,
https://www.google.com/maps/search/etablissement+wellness+Thal-Drulingen%2BFrance/,
https://www.google.com/maps/search/etablissement+wellness+Thal-Marmoutier%2BFrance/,
https://www.google.com/maps/search/etablissement+wellness+Thalamy%2BFrance/,
https://www.google.com/maps/search/etablissement+wellness+Thann%2BFrance/,
https://www.google.com/maps/search/etablissement+wellness+Thannenkirch%2BFrance/,
https://www.google.com/maps/search/etablissement+wellness+Thanvillé%2BFrance/,
https://www.google.com/maps/search/etablissement+wellness+Thaon%2BFrance/,
https://www.google.com/maps/search/etablissement+wellness+Tharaux%2BFrance/,
https://www.google.com/maps/search/etablissement+wellness+Tharoiseau%2BFrance/,
https://www.google.com/maps/search/etablissement+wellness+Tharot%2BFrance/,
https://www.google.com/maps/search/etablissement+wellness+Thaumiers%2BFrance/,
https://www.google.com/maps/search/etablissement+wellness+Thauron%2BFrance/,
https://www.google.com/maps/search/etablissement+wellness+Thauvenay%2BFrance/,
https://www.google.com/maps/search/etablissement+wellness+Thèbe%2BFrance/,
https://www.google.com/maps/search/etablissement+wellness+Théding%2BFrance/,
https://www.google.com/maps/search/etablissement+wellness+Thédirac%2BFrance/,
https://www.google.com/maps/search/etablissement+wellness+Thégra%2BFrance/,
https://www.google.com/maps/search/etablissement+wellness+Théhillac%2BFrance/,
https://www.google.com/maps/search/etablissement+wellness+Le Theil%2BFrance/,
https://www.google.com/maps/search/etablissement+wellness+Le Theil-de-Bretagne%2BFrance/,
https://www.google.com/maps/search/etablissement+wellness+Le Theil-en-Auge%2BFrance/,
https://www.google.com/maps/search/etablissement+wellness+Le Theil-Nolent%2BFrance/,
https://www.google.com/maps/search/etablissement+wellness+Theil-Rabier%2BFrance/,
https://www.google.com/maps/search/etablissement+wellness+Theillay%2BFrance/,
https://www.google.com/maps/search/etablissement+wellness+Theillement%2BFrance/,
https://www.google.com/maps/search/etablissement+wellness+Theix-Noyalo%2BFrance/,
https://www.google.com/maps/search/etablissement+wellness+Theizé%2BFrance/,
https://www.google.com/maps/search/etablissement+wellness+Théligny%2BFrance/,
https://www.google.com/maps/search/etablissement+wellness+Thélis-la-Combe%2BFrance/,
https://www.google.com/maps/search/etablissement+wellness+Thélod%2BFrance/,
https://www.google.com/maps/search/etablissement+wellness+Thelonne%2BFrance/,
https://www.google.com/maps/search/etablissement+wellness+Thélus%2BFrance/,
https://www.google.com/maps/search/etablissement+wellness+Théméricourt%2BFrance/,
https://www.google.com/maps/search/etablissement+wellness+Thémines%2BFrance/,
https://www.google.com/maps/search/etablissement+wellness+Théminettes%2BFrance/,
https://www.google.com/maps/search/etablissement+wellness+Thénac%2BFrance/,
https://www.google.com/maps/search/etablissement+wellness+Thénac%2BFrance/,
https://www.google.com/maps/search/etablissement+wellness+Thenailles%2BFrance/,
https://www.google.com/maps/search/etablissement+wellness+Thenay%2BFrance/,
https://www.google.com/maps/search/etablissement+wellness+Thenay%2BFrance/,
https://www.google.com/maps/search/etablissement+wellness+Thenelles%2BFrance/,
https://www.google.com/maps/search/etablissement+wellness+Thénésol%2BFrance/,
https://www.google.com/maps/search/etablissement+wellness+Theneuil%2BFrance/,
https://www.google.com/maps/search/etablissement+wellness+Theneuille%2BFrance/,
https://www.google.com/maps/search/etablissement+wellness+Thénezay%2BFrance/,
https://www.google.com/maps/search/etablissement+wellness+Thénioux%2BFrance/,
https://www.google.com/maps/search/etablissement+wellness+Thenissey%2BFrance/,
https://www.google.com/maps/search/etablissement+wellness+Thénisy%2BFrance/,
https://www.google.com/maps/search/etablissement+wellness+Thennelières%2BFrance/,
https://www.google.com/maps/search/etablissement+wellness+Thennes%2BFrance/,
https://www.google.com/maps/search/etablissement+wellness+Thenon%2BFrance/,
https://www.google.com/maps/search/etablissement+wellness+Thénorgues%2BFrance/,
https://www.google.com/maps/search/etablissement+wellness+Thénouville%2BFrance/,
https://www.google.com/maps/search/etablissement+wellness+Théoule-sur-Mer%2BFrance/,
https://www.google.com/maps/search/etablissement+wellness+Therdonne%2BFrance/,
https://www.google.com/maps/search/etablissement+wellness+Thèreval%2BFrance/,
https://www.google.com/maps/search/etablissement+wellness+Thérines%2BFrance/,
https://www.google.com/maps/search/etablissement+wellness+Thermes-Magnoac%2BFrance/,
https://www.google.com/maps/search/etablissement+wellness+Thérondels%2BFrance/,
https://www.google.com/maps/search/etablissement+wellness+Thérouanne%2BFrance/,
https://www.google.com/maps/search/etablissement+wellness+Thérouldeville%2BFrance/,
https://www.google.com/maps/search/etablissement+wellness+Thervay%2BFrance/,
https://www.google.com/maps/search/etablissement+wellness+Thésée%2BFrance/,
https://www.google.com/maps/search/etablissement+wellness+Thésy%2BFrance/,
https://www.google.com/maps/search/etablissement+wellness+Theuley%2BFrance/,
https://www.google.com/maps/search/etablissement+wellness+Théus%2BFrance/,
https://www.google.com/maps/search/etablissement+wellness+Theuville%2BFrance/,
https://www.google.com/maps/search/etablissement+wellness+Theuville%2BFrance/,
https://www.google.com/maps/search/etablissement+wellness+Theuville-aux-Maillots%2BFrance/,
https://www.google.com/maps/search/etablissement+wellness+Thevet-Saint-Julien%2BFrance/,
https://www.google.com/maps/search/etablissement+wellness+Théville%2BFrance/,
https://www.google.com/maps/search/etablissement+wellness+They-sous-Montfort%2BFrance/,
https://www.google.com/maps/search/etablissement+wellness+They-sous-Vaudemont%2BFrance/,
https://www.google.com/maps/search/etablissement+wellness+Theys%2BFrance/,
https://www.google.com/maps/search/etablissement+wellness+Théza%2BFrance/,
https://www.google.com/maps/search/etablissement+wellness+Thézac%2BFrance/,
https://www.google.com/maps/search/etablissement+wellness+Thézac%2BFrance/,
https://www.google.com/maps/search/etablissement+wellness+Thézan-des-Corbières%2BFrance/,
https://www.google.com/maps/search/etablissement+wellness+Thézan-lès-Béziers%2BFrance/,
https://www.google.com/maps/search/etablissement+wellness+Thèze%2BFrance/,
https://www.google.com/maps/search/etablissement+wellness+Thèze%2BFrance/,
https://www.google.com/maps/search/etablissement+wellness+Thézey-Saint-Martin%2BFrance/,
https://www.google.com/maps/search/etablissement+wellness+Théziers%2BFrance/,
https://www.google.com/maps/search/etablissement+wellness+Thézillieu%2BFrance/,
https://www.google.com/maps/search/etablissement+wellness+Thézy-Glimont%2BFrance/,
https://www.google.com/maps/search/etablissement+wellness+Thiais%2BFrance/,
https://www.google.com/maps/search/etablissement+wellness+Thiancourt%2BFrance/,
https://www.google.com/maps/search/etablissement+wellness+Thianges%2BFrance/,
https://www.google.com/maps/search/etablissement+wellness+Thiant%2BFrance/,
https://www.google.com/maps/search/etablissement+wellness+Thiat%2BFrance/,
https://www.google.com/maps/search/etablissement+wellness+Thiaucourt-Regniéville%2BFrance/,
https://www.google.com/maps/search/etablissement+wellness+Thiaville-sur-Meurthe%2BFrance/,
https://www.google.com/maps/search/etablissement+wellness+Thiberville%2BFrance/,traité (2026-08-22 19:18)
https://www.google.com/maps/search/etablissement+wellness+Thibie%2BFrance/,échec (2026-08-22 19:18)
https://www.google.com/maps/search/etablissement+wellness+Thibivillers%2BFrance/,traité (2026-08-22 19:18)
https://www.google.com/maps/search/etablissement+wellness+Thibouville%2BFrance/,traité (2026-08-22 19:19)
https://www.google.com/maps/search/etablissement+wellness+Thicourt%2BFrance/,traité (2026-08-22 19:19)
https://www.google.com/maps/search/etablissement+wellness+Thiébauménil%2BFrance/,traité (2026-08-22 19:20)
https://www.google.com/maps/search/etablissement+wellness+Thiéblemont-Farémont%2BFrance/,traité (2026-08-22 19:20)
https://www.google.com/maps/search/etablissement+wellness+Thiébouhans%2BFrance/,échec (2026-08-22 19:21)
https://www.google.com/maps/search/etablissement+wellness+Thieffrain%2BFrance/,traité (2026-08-22 19:21)
https://www.google.com/maps/search/etablissement+wellness+Thieffrans%2BFrance/,traité (2026-08-22 19:23)
https://www.google.com/maps/search/etablissement+wellness+Thiéfosse%2BFrance/,traité (2026-08-22 19:23)
https://www.google.com/maps/search/etablissement+wellness+Thiel-sur-Acolin%2BFrance/,traité (2026-08-22 19:23)
https://www.google.com/maps/search/etablissement+wellness+Thiembronne%2BFrance/,échec (2026-08-22 19:24)
https://www.google.com/maps/search/etablissement+wellness+Thiénans%2BFrance/,traité (2026-08-22 19:24)
https://www.google.com/maps/search/etablissement+wellness+Thiennes%2BFrance/,échec (2026-08-22 19:24)
https://www.google.com/maps/search/etablissement+wellness+Thiepval%2BFrance/,traité (2026-08-22 19:24)
https://www.google.com/maps/search/etablissement+wellness+Thiergeville%2BFrance/,traité (2026-08-22 19:24)
https://www.google.com/maps/search/etablissement+wellness+Thiernu%2BFrance/,traité (2026-08-22 19:25)
https://www.google.com/maps/search/etablissement+wellness+Thiers%2BFrance/,traité (2026-08-22 19:25)
https://www.google.com/maps/search/etablissement+wellness+Thiers-sur-Thève%2BFrance/,traité (2026-08-22 19:25)
https://www.google.com/maps/search/etablissement+wellness+Thierville%2BFrance/,traité (2026-08-22 19:27)
https://www.google.com/maps/search/etablissement+wellness+Thierville-sur-Meuse%2BFrance/,traité (2026-08-22 19:27)
https://www.google.com/maps/search/etablissement+wellness+Thiéry%2BFrance/,traité (2026-08-22 19:27)
https://www.google.com/maps/search/etablissement+wellness+Thiescourt%2BFrance/,traité (2026-08-22 19:27)
https://www.google.com/maps/search/etablissement+wellness+Thiétreville%2BFrance/,traité (2026-08-22 19:27)
https://www.google.com/maps/search/etablissement+wellness+Le Thieulin%2BFrance/,traité (2026-08-22 19:28)
https://www.google.com/maps/search/etablissement+wellness+Thieulloy-l'Abbaye%2BFrance/,traité (2026-08-22 19:28)
https://www.google.com/maps/search/etablissement+wellness+Thieulloy-la-Ville%2BFrance/,traité (2026-08-22 19:28)
https://www.google.com/maps/search/etablissement+wellness+Thieuloy-Saint-Antoine%2BFrance/,traité (2026-08-22 19:29)
https://www.google.com/maps/search/etablissement+wellness+La Thieuloye%2BFrance/,échec (2026-08-22 19:29)
https://www.google.com/maps/search/etablissement+wellness+Thieux%2BFrance/,traité (2026-08-22 19:31)
https://www.google.com/maps/search/etablissement+wellness+Thieux%2BFrance/,traité (2026-08-22 19:31)
https://www.google.com/maps/search/etablissement+wellness+Thiéville%2BFrance/,traité (2026-08-22 19:31)
https://www.google.com/maps/search/etablissement+wellness+Thièvres%2BFrance/,traité (2026-08-22 19:31)
https://www.google.com/maps/search/etablissement+wellness+Thièvres%2BFrance/,traité (2026-08-22 19:31)
https://www.google.com/maps/search/etablissement+wellness+Thiézac%2BFrance/,traité (2026-08-22 19:32)
https://www.google.com/maps/search/etablissement+wellness+Thignonville%2BFrance/,traité (2026-08-22 19:32)
https://www.google.com/maps/search/etablissement+wellness+Thil%2BFrance/,traité (2026-08-22 19:35)
https://www.google.com/maps/search/etablissement+wellness+Thil%2BFrance/,traité (2026-08-22 19:35)
https://www.google.com/maps/search/etablissement+wellness+Le Thil%2BFrance/,traité (2026-08-22 19:33)
https://www.google.com/maps/search/etablissement+wellness+Thil%2BFrance/,traité (2026-08-22 19:35)
https://www.google.com/maps/search/etablissement+wellness+Thil%2BFrance/,traité (2026-08-22 19:35)
https://www.google.com/maps/search/etablissement+wellness+Thil%2BFrance/,traité (2026-08-22 19:35)
https://www.google.com/maps/search/etablissement+wellness+Thil-Manneville%2BFrance/,traité (2026-08-22 19:35)
https://www.google.com/maps/search/etablissement+wellness+Le Thil-Riberpré%2BFrance/,traité (2026-08-22 19:36)
https://www.google.com/maps/search/etablissement+wellness+Thil-sur-Arroux%2BFrance/,traité (2026-08-22 19:36)
https://www.google.com/maps/search/etablissement+wellness+Thilay%2BFrance/,traité (2026-08-22 19:36)
https://www.google.com/maps/search/etablissement+wellness+Le Thillay%2BFrance/,traité (2026-08-22 19:37)
https://www.google.com/maps/search/etablissement+wellness+Thilleux%2BFrance/,traité (2026-08-22 19:37)
https://www.google.com/maps/search/etablissement+wellness+Les Thilliers-en-Vexin%2BFrance/,traité (2026-08-22 19:40)
https://www.google.com/maps/search/etablissement+wellness+Thillois%2BFrance/,traité (2026-08-22 19:40)
https://www.google.com/maps/search/etablissement+wellness+Thillombois%2BFrance/,traité (2026-08-22 19:40)
https://www.google.com/maps/search/etablissement+wellness+Thillot%2BFrance/,traité (2026-08-22 19:40)
https://www.google.com/maps/search/etablissement+wellness+Le Thillot%2BFrance/,traité (2026-08-22 19:40)
https://www.google.com/maps/search/etablissement+wellness+Thilouze%2BFrance/,traité (2026-08-22 19:40)
https://www.google.com/maps/search/etablissement+wellness+Thimert-Gâtelles%2BFrance/,traité (2026-08-22 19:40)
https://www.google.com/maps/search/etablissement+wellness+Thimonville%2BFrance/,traité (2026-08-22 19:40)
https://www.google.com/maps/search/etablissement+wellness+Thimory%2BFrance/,traité (2026-08-22 19:40)
https://www.google.com/maps/search/etablissement+wellness+Thin-le-Moutier%2BFrance/,traité (2026-08-22 19:41)
https://www.google.com/maps/search/etablissement+wellness+Thiolières%2BFrance/,traité (2026-08-22 19:41)
https://www.google.com/maps/search/etablissement+wellness+Thionne%2BFrance/,traité (2026-08-22 19:43)
https://www.google.com/maps/search/etablissement+wellness+Thionville%2BFrance/,traité (2026-08-22 19:43)
https://www.google.com/maps/search/etablissement+wellness+Thiouville%2BFrance/,traité (2026-08-22 19:43)
https://www.google.com/maps/search/etablissement+wellness+Thiraucourt%2BFrance/,traité (2026-08-22 19:43)
https://www.google.com/maps/search/etablissement+wellness+Thiré%2BFrance/,traité (2026-08-22 19:43)
https://www.google.com/maps/search/etablissement+wellness+Thiron-Gardais%2BFrance/,traité (2026-08-22 19:43)
https://www.google.com/maps/search/etablissement+wellness+This%2BFrance/,traité (2026-08-22 19:44)
https://www.google.com/maps/search/etablissement+wellness+Thise%2BFrance/,traité (2026-08-22 19:44)
https://www.google.com/maps/search/etablissement+wellness+Thivars%2BFrance/,traité (2026-08-22 19:44)
https://www.google.com/maps/search/etablissement+wellness+Thivencelle%2BFrance/,traité (2026-08-22 19:47)
https://www.google.com/maps/search/etablissement+wellness+Thiverny%2BFrance/,traité (2026-08-22 19:47)
https://www.google.com/maps/search/etablissement+wellness+Thiverval-Grignon%2BFrance/,traité (2026-08-22 19:47)
https://www.google.com/maps/search/etablissement+wellness+Thivet%2BFrance/,traité (2026-08-22 19:47)
https://www.google.com/maps/search/etablissement+wellness+Thiviers%2BFrance/,traité (2026-08-22 19:47)
https://www.google.com/maps/search/etablissement+wellness+Thiville%2BFrance/,traité (2026-08-22 19:47)
https://www.google.com/maps/search/etablissement+wellness+Thizay%2BFrance/,traité (2026-08-22 19:47)
https://www.google.com/maps/search/etablissement+wellness+Thizay%2BFrance/,traité (2026-08-22 19:47)
https://www.google.com/maps/search/etablissement+wellness+Thizy%2BFrance/,traité (2026-08-22 19:48)
https://www.google.com/maps/search/etablissement+wellness+Thizy-les-Bourgs%2BFrance/,traité (2026-08-22 19:48)
https://www.google.com/maps/search/etablissement+wellness+Thoard%2BFrance/,traité (2026-08-22 19:49)
https://www.google.com/maps/search/etablissement+wellness+Thodure%2BFrance/,traité (2026-08-22 19:51)
https://www.google.com/maps/search/etablissement+wellness+Thoigné%2BFrance/,traité (2026-08-22 19:51)
https://www.google.com/maps/search/etablissement+wellness+Thoiras%2BFrance/,traité (2026-08-22 19:51)
https://www.google.com/maps/search/etablissement+wellness+Thoiré-sous-Contensor%2BFrance/,traité (2026-08-22 19:51)
https://www.google.com/maps/search/etablissement+wellness+Thoiré-sur-Dinan%2BFrance/,traité (2026-08-22 19:51)
https://www.google.com/maps/search/etablissement+wellness+Thoires%2BFrance/,traité (2026-08-22 19:51)
https://www.google.com/maps/search/etablissement+wellness+Thoirette-Coisia%2BFrance/,traité (2026-08-22 19:52)
https://www.google.com/maps/search/etablissement+wellness+Thoiria%2BFrance/,traité (2026-08-22 19:52)
https://www.google.com/maps/search/etablissement+wellness+Thoiry%2BFrance/,traité (2026-08-22 19:55)
https://www.google.com/maps/search/etablissement+wellness+Thoiry%2BFrance/,traité (2026-08-22 19:55)
https://www.google.com/maps/search/etablissement+wellness+Thoiry%2BFrance/,traité (2026-08-22 19:55)
https://www.google.com/maps/search/etablissement+wellness+Thoissey%2BFrance/,traité (2026-08-22 19:55)
https://www.google.com/maps/search/etablissement+wellness+Thoissia%2BFrance/,traité (2026-08-22 19:55)
https://www.google.com/maps/search/etablissement+wellness+Thoisy-la-Berchère%2BFrance/,traité (2026-08-22 19:55)
https://www.google.com/maps/search/etablissement+wellness+Thoisy-le-Désert%2BFrance/,traité (2026-08-22 19:55)
https://www.google.com/maps/search/etablissement+wellness+Thoix%2BFrance/,traité (2026-08-22 19:55)
https://www.google.com/maps/search/etablissement+wellness+Thol-lès-Millières%2BFrance/,traité (2026-08-22 19:55)
https://www.google.com/maps/search/etablissement+wellness+Thollet%2BFrance/,traité (2026-08-22 19:55)
https://www.google.com/maps/search/etablissement+wellness+Thollon-les-Mémises%2BFrance/,traité (2026-08-22 19:56)
https://www.google.com/maps/search/etablissement+wellness+Le Tholonet%2BFrance/,traité (2026-08-22 19:56)
https://www.google.com/maps/search/etablissement+wellness+Le Tholy%2BFrance/,traité (2026-08-22 19:58)
https://www.google.com/maps/search/etablissement+wellness+Thomery%2BFrance/,traité (2026-08-22 19:58)
https://www.google.com/maps/search/etablissement+wellness+Thomirey%2BFrance/,traité (2026-08-22 19:58)
https://www.google.com/maps/search/etablissement+wellness+Thonac%2BFrance/,traité (2026-08-22 19:58)
https://www.google.com/maps/search/etablissement+wellness+Thônes%2BFrance/,traité (2026-08-22 19:58)
https://www.google.com/maps/search/etablissement+wellness+Thonnance-lès-Joinville%2BFrance/,traité (2026-08-22 19:59)
https://www.google.com/maps/search/etablissement+wellness+Thonnance-les-Moulins%2BFrance/,traité (2026-08-22 19:59)
https://www.google.com/maps/search/etablissement+wellness+Thonne-la-Long%2BFrance/,traité (2026-08-22 20:00)
https://www.google.com/maps/search/etablissement+wellness+Thonne-le-Thil%2BFrance/,traité (2026-08-22 20:00)
https://www.google.com/maps/search/etablissement+wellness+Thonne-les-Près%2BFrance/,traité (2026-08-22 20:00)
https://www.google.com/maps/search/etablissement+wellness+Thonnelle%2BFrance/,traité (2026-08-22 20:02)
https://www.google.com/maps/search/etablissement+wellness+Thonon-les-Bains%2BFrance/,traité (2026-08-22 20:02)
https://www.google.com/maps/search/etablissement+wellness+Les Thons%2BFrance/,échec (2026-08-22 20:03)
https://www.google.com/maps/search/etablissement+wellness+Thonville%2BFrance/,traité (2026-08-22 20:03)
https://www.google.com/maps/search/etablissement+wellness+Le Thor%2BFrance/,traité (2026-08-22 20:03)
https://www.google.com/maps/search/etablissement+wellness+Thorailles%2BFrance/,traité (2026-08-22 20:03)
https://www.google.com/maps/search/etablissement+wellness+Thoraise%2BFrance/,traité (2026-08-22 20:03)
https://www.google.com/maps/search/etablissement+wellness+Thorame-Basse%2BFrance/,traité (2026-08-22 20:04)
https://www.google.com/maps/search/etablissement+wellness+Thorame-Haute%2BFrance/,traité (2026-08-22 20:04)
https://www.google.com/maps/search/etablissement+wellness+Thoras%2BFrance/,traité (2026-08-22 20:04)
https://www.google.com/maps/search/etablissement+wellness+Thoré-la-Rochette%2BFrance/,traité (2026-08-22 20:07)
https://www.google.com/maps/search/etablissement+wellness+Thorée-les-Pins%2BFrance/,traité (2026-08-22 20:07)
https://www.google.com/maps/search/etablissement+wellness+Thorey%2BFrance/,traité (2026-08-22 20:07)
https://www.google.com/maps/search/etablissement+wellness+Thorey-en-Plaine%2BFrance/,traité (2026-08-22 20:07)
https://www.google.com/maps/search/etablissement+wellness+Thorey-Lyautey%2BFrance/,traité (2026-08-22 20:07)
https://www.google.com/maps/search/etablissement+wellness+Thorey-sous-Charny%2BFrance/,traité (2026-08-22 20:07)
https://www.google.com/maps/search/etablissement+wellness+Thorey-sur-Ouche%2BFrance/,traité (2026-08-22 20:07)
https://www.google.com/maps/search/etablissement+wellness+Thorigné%2BFrance/,traité (2026-08-22 20:07)
https://www.google.com/maps/search/etablissement+wellness+Thorigné-d'Anjou%2BFrance/,traité (2026-08-22 20:08)
https://www.google.com/maps/search/etablissement+wellness+Thorigné-en-Charnie%2BFrance/,traité (2026-08-22 20:08)
https://www.google.com/maps/search/etablissement+wellness+Thorigné-Fouillard%2BFrance/,traité (2026-08-22 20:10)
https://www.google.com/maps/search/etablissement+wellness+Thorigné-sur-Dué%2BFrance/,traité (2026-08-22 20:10)
https://www.google.com/maps/search/etablissement+wellness+Thorigny%2BFrance/,traité (2026-08-22 20:10)
https://www.google.com/maps/search/etablissement+wellness+Thorigny-sur-le-Mignon%2BFrance/,traité (2026-08-22 20:10)
https://www.google.com/maps/search/etablissement+wellness+Thorigny-sur-Marne%2BFrance/,traité (2026-08-22 20:10)
https://www.google.com/maps/search/etablissement+wellness+Thorigny-sur-Oreuse%2BFrance/,traité (2026-08-22 20:10)
https://www.google.com/maps/search/etablissement+wellness+Le Thoronet%2BFrance/,traité (2026-08-22 20:11)
https://www.google.com/maps/search/etablissement+wellness+Thorrenc%2BFrance/,traité (2026-08-22 20:11)
https://www.google.com/maps/search/etablissement+wellness+Thors%2BFrance/,traité (2026-08-22 20:12)
https://www.google.com/maps/search/etablissement+wellness+Thors%2BFrance/,traité (2026-08-22 20:12)
https://www.google.com/maps/search/etablissement+wellness+Thory%2BFrance/,traité (2026-08-22 20:14)
https://www.google.com/maps/search/etablissement+wellness+Thory%2BFrance/,traité (2026-08-22 20:14)
https://www.google.com/maps/search/etablissement+wellness+Thoste%2BFrance/,traité (2026-08-22 20:14)
https://www.google.com/maps/search/etablissement+wellness+Le Thou%2BFrance/,traité (2026-08-22 20:14)
https://www.google.com/maps/search/etablissement+wellness+Thou%2BFrance/,échec (2026-08-22 20:14)
https://www.google.com/maps/search/etablissement+wellness+Thou%2BFrance/,échec (2026-08-22 20:14)
https://www.google.com/maps/search/etablissement+wellness+Thouaré-sur-Loire%2BFrance/,traité (2026-08-22 20:15)
https://www.google.com/maps/search/etablissement+wellness+Thouars%2BFrance/,traité (2026-08-22 20:15)
https://www.google.com/maps/search/etablissement+wellness+Thouars-sur-Arize%2BFrance/,traité (2026-08-22 20:16)
https://www.google.com/maps/search/etablissement+wellness+Thouars-sur-Garonne%2BFrance/,traité (2026-08-22 20:16)
https://www.google.com/maps/search/etablissement+wellness+Thouarsais-Bouildroux%2BFrance/,traité (2026-08-22 20:18)
https://www.google.com/maps/search/etablissement+wellness+Le Thoult-Trosnay%2BFrance/,traité (2026-08-22 20:18)
https://www.google.com/maps/search/etablissement+wellness+Le Thour%2BFrance/,traité (2026-08-22 20:18)
https://www.google.com/maps/search/etablissement+wellness+Thourie%2BFrance/,traité (2026-08-22 20:18)
https://www.google.com/maps/search/etablissement+wellness+Thouron%2BFrance/,traité (2026-08-22 20:18)
https://www.google.com/maps/search/etablissement+wellness+Thourotte%2BFrance/,traité (2026-08-22 20:18)
https://www.google.com/maps/search/etablissement+wellness+Thoury%2BFrance/,traité (2026-08-22 20:18)
https://www.google.com/maps/search/etablissement+wellness+Thoury-Férottes%2BFrance/,traité (2026-08-22 20:19)
https://www.google.com/maps/search/etablissement+wellness+Thoux%2BFrance/,échec (2026-08-22 20:19)
https://www.google.com/maps/search/etablissement+wellness+Thubœuf%2BFrance/,traité (2026-08-22 20:22)
https://www.google.com/maps/search/etablissement+wellness+Thue et Mue%2BFrance/,traité (2026-08-22 20:22)
https://www.google.com/maps/search/etablissement+wellness+Le Thuel%2BFrance/,échec (2026-08-22 20:22)
https://www.google.com/maps/search/etablissement+wellness+Thuès-Entre-Valls%2BFrance/,traité (2026-08-22 20:22)
https://www.google.com/maps/search/etablissement+wellness+Thueyts%2BFrance/,traité (2026-08-22 20:22)
https://www.google.com/maps/search/etablissement+wellness+Thugny-Trugny%2BFrance/,traité (2026-08-22 20:22)
https://www.google.com/maps/search/etablissement+wellness+La Thuile%2BFrance/,traité (2026-08-22 20:22)
https://www.google.com/maps/search/etablissement+wellness+Les Thuiles%2BFrance/,traité (2026-08-22 20:23)
https://www.google.com/maps/search/etablissement+wellness+Thuilley-aux-Groseilles%2BFrance/,traité (2026-08-22 20:23)
https://www.google.com/maps/search/etablissement+wellness+Thuillières%2BFrance/,échec (2026-08-22 20:24)
https://www.google.com/maps/search/etablissement+wellness+Thuir%2BFrance/,traité (2026-08-22 20:24)
https://www.google.com/maps/search/etablissement+wellness+Le Thuit%2BFrance/,traité (2026-08-22 20:26)
https://www.google.com/maps/search/etablissement+wellness+Le Thuit de l'Oison%2BFrance/,traité (2026-08-22 20:26)
https://www.google.com/maps/search/etablissement+wellness+Thulay%2BFrance/,traité (2026-08-22 20:26)
https://www.google.com/maps/search/etablissement+wellness+Thumeréville%2BFrance/,traité (2026-08-22 20:26)
https://www.google.com/maps/search/etablissement+wellness+Thumeries%2BFrance/,traité (2026-08-22 20:26)
https://www.google.com/maps/search/etablissement+wellness+Thun-l'Évêque%2BFrance/,traité (2026-08-22 20:26)
https://www.google.com/maps/search/etablissement+wellness+Thun-Saint-Amand%2BFrance/,traité (2026-08-22 20:26)
https://www.google.com/maps/search/etablissement+wellness+Thun-Saint-Martin%2BFrance/,traité (2026-08-22 20:27)
https://www.google.com/maps/search/etablissement+wellness+Thurageau%2BFrance/,traité (2026-08-22 20:27)
https://www.google.com/maps/search/etablissement+wellness+Thuré%2BFrance/,traité (2026-08-22 20:28)
https://www.google.com/maps/search/etablissement+wellness+Thuret%2BFrance/,traité (2026-08-22 20:30)
https://www.google.com/maps/search/etablissement+wellness+Thurey%2BFrance/,traité (2026-08-22 20:30)
https://www.google.com/maps/search/etablissement+wellness+Thurey-le-Mont%2BFrance/,traité (2026-08-22 20:30)
https://www.google.com/maps/search/etablissement+wellness+Thurins%2BFrance/,traité (2026-08-22 20:30)
https://www.google.com/maps/search/etablissement+wellness+Thury%2BFrance/,traité (2026-08-22 20:30)
https://www.google.com/maps/search/etablissement+wellness+Thury%2BFrance/,traité (2026-08-22 20:30)
https://www.google.com/maps/search/etablissement+wellness+Thury-en-Valois%2BFrance/,traité (2026-08-22 20:30)
https://www.google.com/maps/search/etablissement+wellness+Thury-sous-Clermont%2BFrance/,traité (2026-08-22 20:30)
https://www.google.com/maps/search/etablissement+wellness+Thusy%2BFrance/,traité (2026-08-22 20:31)
https://www.google.com/maps/search/etablissement+wellness+Thuy%2BFrance/,traité (2026-08-22 20:31)
https://www.google.com/maps/search/etablissement+wellness+Thyez%2BFrance/,traité (2026-08-22 20:33)
https://www.google.com/maps/search/etablissement+wellness+Tibiran-Jaunac%2BFrance/,traité (2026-08-22 20:33)
https://www.google.com/maps/search/etablissement+wellness+Ticheville%2BFrance/,traité (2026-08-22 20:34)
https://www.google.com/maps/search/etablissement+wellness+Tichey%2BFrance/,traité (2026-08-22 20:34)
https://www.google.com/maps/search/etablissement+wellness+Tieffenbach%2BFrance/,traité (2026-08-22 20:34)
https://www.google.com/maps/search/etablissement+wellness+Tiercé%2BFrance/,traité (2026-08-22 20:34)
https://www.google.com/maps/search/etablissement+wellness+Tiercelet%2BFrance/,traité (2026-08-22 20:34)
https://www.google.com/maps/search/etablissement+wellness+Le Tiercent%2BFrance/,traité (2026-08-22 20:34)
https://www.google.com/maps/search/etablissement+wellness+Tierceville%2BFrance/,traité (2026-08-22 20:35)
https://www.google.com/maps/search/etablissement+wellness+Tieste-Uragnoux%2BFrance/,traité (2026-08-22 20:37)
https://www.google.com/maps/search/etablissement+wellness+La Tieule%2BFrance/,traité (2026-08-22 20:37)
https://www.google.com/maps/search/etablissement+wellness+Tiffauges%2BFrance/,traité (2026-08-22 20:37)
https://www.google.com/maps/search/etablissement+wellness+Tigeaux%2BFrance/,traité (2026-08-22 20:37)
https://www.google.com/maps/search/etablissement+wellness+Tigery%2BFrance/,traité (2026-08-22 20:37)
https://www.google.com/maps/search/etablissement+wellness+Tignac%2BFrance/,traité (2026-08-22 20:37)
https://www.google.com/maps/search/etablissement+wellness+Tignécourt%2BFrance/,traité (2026-08-22 20:37)
https://www.google.com/maps/search/etablissement+wellness+Tignes%2BFrance/,traité (2026-08-22 20:38)
https://www.google.com/maps/search/etablissement+wellness+Le Tignet%2BFrance/,traité (2026-08-22 20:38)
https://www.google.com/maps/search/etablissement+wellness+Tignieu-Jameyzieu%2BFrance/,traité (2026-08-22 20:39)
https://www.google.com/maps/search/etablissement+wellness+Tigny-Noyelle%2BFrance/,traité (2026-08-22 20:39)
https://www.google.com/maps/search/etablissement+wellness+Tigy%2BFrance/,traité (2026-08-22 20:41)
https://www.google.com/maps/search/etablissement+wellness+Til-Châtel%2BFrance/,traité (2026-08-22 20:41)
https://www.google.com/maps/search/etablissement+wellness+Tilh%2BFrance/,traité (2026-08-22 20:41)
https://www.google.com/maps/search/etablissement+wellness+Tilhouse%2BFrance/,traité (2026-08-22 20:41)
https://www.google.com/maps/search/etablissement+wellness+Tillac%2BFrance/,traité (2026-08-22 20:41)
https://www.google.com/maps/search/etablissement+wellness+Tillay-le-Péneux%2BFrance/,traité (2026-08-22 20:41)
https://www.google.com/maps/search/etablissement+wellness+Tillé%2BFrance/,traité (2026-08-22 20:42)
https://www.google.com/maps/search/etablissement+wellness+Tillenay%2BFrance/,traité (2026-08-22 20:42)
https://www.google.com/maps/search/etablissement+wellness+Le Tilleul%2BFrance/,traité (2026-08-22 20:42)
https://www.google.com/maps/search/etablissement+wellness+Tilleul-Dame-Agnès%2BFrance/,traité (2026-08-22 20:43)
https://www.google.com/maps/search/etablissement+wellness+Le Tilleul-Lambert%2BFrance/,traité (2026-08-22 20:45)
https://www.google.com/maps/search/etablissement+wellness+Le Tilleul-Othon%2BFrance/,traité (2026-08-22 20:45)
https://www.google.com/maps/search/etablissement+wellness+Tilleux%2BFrance/,traité (2026-08-22 20:45)
https://www.google.com/maps/search/etablissement+wellness+Tillières-sur-Avre%2BFrance/,traité (2026-08-22 20:45)
https://www.google.com/maps/search/etablissement+wellness+Tilloloy%2BFrance/,traité (2026-08-22 20:45)
https://www.google.com/maps/search/etablissement+wellness+Tillou%2BFrance/,traité (2026-08-22 20:46)
https://www.google.com/maps/search/etablissement+wellness+Tilloy-et-Bellay%2BFrance/,traité (2026-08-22 20:46)
https://www.google.com/maps/search/etablissement+wellness+Tilloy-Floriville%2BFrance/,traité (2026-08-22 20:47)
https://www.google.com/maps/search/etablissement+wellness+Tilloy-lès-Conty%2BFrance/,traité (2026-08-22 20:47)
https://www.google.com/maps/search/etablissement+wellness+Tilloy-lès-Hermaville%2BFrance/,
https://www.google.com/maps/search/etablissement+wellness+Tilloy-lès-Mofflaines%2BFrance/,
https://www.google.com/maps/search/etablissement+wellness+Tilloy-lez-Cambrai%2BFrance/,
https://www.google.com/maps/search/etablissement+wellness+Tilloy-lez-Marchiennes%2BFrance/,
https://www.google.com/maps/search/etablissement+wellness+Tilly%2BFrance/,
https://www.google.com/maps/search/etablissement+wellness+Tilly%2BFrance/,
https://www.google.com/maps/search/etablissement+wellness+Tilly%2BFrance/,
https://www.google.com/maps/search/etablissement+wellness+Tilly-Capelle%2BFrance/,
https://www.google.com/maps/search/etablissement+wellness+Tilly-la-Campagne%2BFrance/,
https://www.google.com/maps/search/etablissement+wellness+Tilly-sur-Meuse%2BFrance/,
https://www.google.com/maps/search/etablissement+wellness+Tilly-sur-Seulles%2BFrance/,
https://www.google.com/maps/search/etablissement+wellness+Tilques%2BFrance/,
https://www.google.com/maps/search/etablissement+wellness+Tincey-et-Pontrebeau%2BFrance/,
https://www.google.com/maps/search/etablissement+wellness+Tinchebray-Bocage%2BFrance/,
https://www.google.com/maps/search/etablissement+wellness+Tincourt-Boucly%2BFrance/,
https://www.google.com/maps/search/etablissement+wellness+Tincques%2BFrance/,
https://www.google.com/maps/search/etablissement+wellness+Tincry%2BFrance/,
https://www.google.com/maps/search/etablissement+wellness+Tingry%2BFrance/,
https://www.google.com/maps/search/etablissement+wellness+Tinqueux%2BFrance/,
https://www.google.com/maps/search/etablissement+wellness+Tinténiac%2BFrance/,
https://www.google.com/maps/search/etablissement+wellness+Tintry%2BFrance/,
https://www.google.com/maps/search/etablissement+wellness+Tintury%2BFrance/,
https://www.google.com/maps/search/etablissement+wellness+Tiranges%2BFrance/,
https://www.google.com/maps/search/etablissement+wellness+Tirent-Pontéjac%2BFrance/,
https://www.google.com/maps/search/etablissement+wellness+Tirepied%2BFrance/,
https://www.google.com/maps/search/etablissement+wellness+Tissey%2BFrance/,
https://www.google.com/maps/search/etablissement+wellness+Le Titre%2BFrance/,
https://www.google.com/maps/search/etablissement+wellness+Tivernon%2BFrance/,
https://www.google.com/maps/search/etablissement+wellness+Tiviers%2BFrance/,
https://www.google.com/maps/search/etablissement+wellness+Tizac-de-Curton%2BFrance/,
https://www.google.com/maps/search/etablissement+wellness+Tizac-de-Lapouyade%2BFrance/,
https://www.google.com/maps/search/etablissement+wellness+Tocane-Saint-Apre%2BFrance/,
https://www.google.com/maps/search/etablissement+wellness+Tocqueville%2BFrance/,
https://www.google.com/maps/search/etablissement+wellness+Tocqueville%2BFrance/,
https://www.google.com/maps/search/etablissement+wellness+Tocqueville-en-Caux%2BFrance/,
https://www.google.com/maps/search/etablissement+wellness+Tocqueville-les-Murs%2BFrance/,
https://www.google.com/maps/search/etablissement+wellness+Tœufles%2BFrance/,
https://www.google.com/maps/search/etablissement+wellness+Toges%2BFrance/,
https://www.google.com/maps/search/etablissement+wellness+Togny-aux-Bœufs%2BFrance/,
https://www.google.com/maps/search/etablissement+wellness+Tolla%2BFrance/,
https://www.google.com/maps/search/etablissement+wellness+Tollaincourt%2BFrance/,
https://www.google.com/maps/search/etablissement+wellness+Tollent%2BFrance/,
https://www.google.com/maps/search/etablissement+wellness+Tollevast%2BFrance/,
https://www.google.com/maps/search/etablissement+wellness+La Tombe%2BFrance/,
https://www.google.com/maps/search/etablissement+wellness+Tombebœuf%2BFrance/,
https://www.google.com/maps/search/etablissement+wellness+Tomblaine%2BFrance/,
https://www.google.com/maps/search/etablissement+wellness+Tomino%2BFrance/,
https://www.google.com/maps/search/etablissement+wellness+Les Tonils%2BFrance/,
https://www.google.com/maps/search/etablissement+wellness+Tonnac%2BFrance/,
https://www.google.com/maps/search/etablissement+wellness+Tonnay-Boutonne%2BFrance/,
https://www.google.com/maps/search/etablissement+wellness+Tonnay-Charente%2BFrance/,
https://www.google.com/maps/search/etablissement+wellness+Tonneins%2BFrance/,
https://www.google.com/maps/search/etablissement+wellness+Tonnerre%2BFrance/,
https://www.google.com/maps/search/etablissement+wellness+Tonneville%2BFrance/,
https://www.google.com/maps/search/etablissement+wellness+Tonnoy%2BFrance/,
https://www.google.com/maps/search/etablissement+wellness+Tonquédec%2BFrance/,
https://www.google.com/maps/search/etablissement+wellness+Torcé%2BFrance/,
https://www.google.com/maps/search/etablissement+wellness+Torcé-en-Vallée%2BFrance/,
https://www.google.com/maps/search/etablissement+wellness+Torcé-Viviers-en-Charnie%2BFrance/,
https://www.google.com/maps/search/etablissement+wellness+Torcenay%2BFrance/,
https://www.google.com/maps/search/etablissement+wellness+Torchamp%2BFrance/,
https://www.google.com/maps/search/etablissement+wellness+Torchefelon%2BFrance/,
https://www.google.com/maps/search/etablissement+wellness+Torcheville%2BFrance/,
https://www.google.com/maps/search/etablissement+wellness+Torcieu%2BFrance/,
https://www.google.com/maps/search/etablissement+wellness+Torcy%2BFrance/,
https://www.google.com/maps/search/etablissement+wellness+Torcy%2BFrance/,
https://www.google.com/maps/search/etablissement+wellness+Torcy%2BFrance/,
https://www.google.com/maps/search/etablissement+wellness+Torcy-en-Valois%2BFrance/,
https://www.google.com/maps/search/etablissement+wellness+Torcy-et-Pouligny%2BFrance/,
https://www.google.com/maps/search/etablissement+wellness+Torcy-le-Grand%2BFrance/,
https://www.google.com/maps/search/etablissement+wellness+Torcy-le-Grand%2BFrance/,
https://www.google.com/maps/search/etablissement+wellness+Torcy-le-Petit%2BFrance/,
https://www.google.com/maps/search/etablissement+wellness+Torcy-le-Petit%2BFrance/,
https://www.google.com/maps/search/etablissement+wellness+Tordères%2BFrance/,
https://www.google.com/maps/search/etablissement+wellness+Torfou%2BFrance/,
https://www.google.com/maps/search/etablissement+wellness+Torigny-les-Villes%2BFrance/,
https://www.google.com/maps/search/etablissement+wellness+Tornac%2BFrance/,
https://www.google.com/maps/search/etablissement+wellness+Tornay%2BFrance/,
https://www.google.com/maps/search/etablissement+wellness+Le Torp-Mesnil%2BFrance/,
https://www.google.com/maps/search/etablissement+wellness+Torpes%2BFrance/,
https://www.google.com/maps/search/etablissement+wellness+Torpes%2BFrance/,
https://www.google.com/maps/search/etablissement+wellness+Le Torpt%2BFrance/,
https://www.google.com/maps/search/etablissement+wellness+Le Torquesne%2BFrance/,
https://www.google.com/maps/search/etablissement+wellness+Torreilles%2BFrance/,
https://www.google.com/maps/search/etablissement+wellness+Torsac%2BFrance/,
https://www.google.com/maps/search/etablissement+wellness+Torsiac%2BFrance/,
https://www.google.com/maps/search/etablissement+wellness+Tortebesse%2BFrance/,
https://www.google.com/maps/search/etablissement+wellness+Tortefontaine%2BFrance/,
https://www.google.com/maps/search/etablissement+wellness+Tortequesne%2BFrance/,
https://www.google.com/maps/search/etablissement+wellness+Torteron%2BFrance/,
https://www.google.com/maps/search/etablissement+wellness+Torteval-Quesnay%2BFrance/,
https://www.google.com/maps/search/etablissement+wellness+Tortezais%2BFrance/,
https://www.google.com/maps/search/etablissement+wellness+Torvilliers%2BFrance/,
https://www.google.com/maps/search/etablissement+wellness+Torxé%2BFrance/,
https://www.google.com/maps/search/etablissement+wellness+Tosny%2BFrance/,
https://www.google.com/maps/search/etablissement+wellness+Tosse%2BFrance/,
https://www.google.com/maps/search/etablissement+wellness+Tossiat%2BFrance/,
https://www.google.com/maps/search/etablissement+wellness+Tostat%2BFrance/,
https://www.google.com/maps/search/etablissement+wellness+Tostes%2BFrance/,
https://www.google.com/maps/search/etablissement+wellness+Totainville%2BFrance/,
https://www.google.com/maps/search/etablissement+wellness+Tôtes%2BFrance/,
https://www.google.com/maps/search/etablissement+wellness+Tôtes%2BFrance/,
https://www.google.com/maps/search/etablissement+wellness+Touchay%2BFrance/,
https://www.google.com/maps/search/etablissement+wellness+La Touche%2BFrance/,
https://www.google.com/maps/search/etablissement+wellness+Les Touches%2BFrance/,
https://www.google.com/maps/search/etablissement+wellness+Les Touches-de-Périgny%2BFrance/,
https://www.google.com/maps/search/etablissement+wellness+Toucy%2BFrance/,
https://www.google.com/maps/search/etablissement+wellness+Toudon%2BFrance/,
https://www.google.com/maps/search/etablissement+wellness+Touët-de-l'Escarène%2BFrance/,
https://www.google.com/maps/search/etablissement+wellness+Touët-sur-Var%2BFrance/,
https://www.google.com/maps/search/etablissement+wellness+Touffailles%2BFrance/,
https://www.google.com/maps/search/etablissement+wellness+Toufflers%2BFrance/,
https://www.google.com/maps/search/etablissement+wellness+Touffreville%2BFrance/,
https://www.google.com/maps/search/etablissement+wellness+Touffréville%2BFrance/,
https://www.google.com/maps/search/etablissement+wellness+Touffreville-la-Corbeline%2BFrance/,
https://www.google.com/maps/search/etablissement+wellness+Touffreville-sur-Eu%2BFrance/,
https://www.google.com/maps/search/etablissement+wellness+Touget%2BFrance/,
https://www.google.com/maps/search/etablissement+wellness+Touille%2BFrance/,
https://www.google.com/maps/search/etablissement+wellness+Touillon%2BFrance/,
https://www.google.com/maps/search/etablissement+wellness+Touillon-et-Loutelet%2BFrance/,
https://www.google.com/maps/search/etablissement+wellness+Toujouse%2BFrance/,
https://www.google.com/maps/search/etablissement+wellness+Toul%2BFrance/,
https://www.google.com/maps/search/etablissement+wellness+Toulaud%2BFrance/,
https://www.google.com/maps/search/etablissement+wellness+Toulenne%2BFrance/,
https://www.google.com/maps/search/etablissement+wellness+Touligny%2BFrance/,
https://www.google.com/maps/search/etablissement+wellness+Toulis-et-Attencourt%2BFrance/,
https://www.google.com/maps/search/etablissement+wellness+Toulon%2BFrance/,
https://www.google.com/maps/search/etablissement+wellness+Toulon-sur-Allier%2BFrance/,
https://www.google.com/maps/search/etablissement+wellness+Toulon-sur-Arroux%2BFrance/,
https://www.google.com/maps/search/etablissement+wellness+Toulonjac%2BFrance/,
https://www.google.com/maps/search/etablissement+wellness+Toulouges%2BFrance/,
https://www.google.com/maps/search/etablissement+wellness+Toulouse%2BFrance/,
https://www.google.com/maps/search/etablissement+wellness+Toulouse-le-Château%2BFrance/,
https://www.google.com/maps/search/etablissement+wellness+Toulouzette%2BFrance/,
https://www.google.com/maps/search/etablissement+wellness+Toulx-Sainte-Croix%2BFrance/,
https://www.google.com/maps/search/etablissement+wellness+Touques%2BFrance/,
https://www.google.com/maps/search/etablissement+wellness+Le Touquet-Paris-Plage%2BFrance/,
https://www.google.com/maps/search/etablissement+wellness+Touquettes%2BFrance/,
https://www.google.com/maps/search/etablissement+wellness+Touquin%2BFrance/,
https://www.google.com/maps/search/etablissement+wellness+La Tour%2BFrance/,
https://www.google.com/maps/search/etablissement+wellness+La Tour%2BFrance/,
https://www.google.com/maps/search/etablissement+wellness+La Tour-Blanche-Cercles%2BFrance/,
https://www.google.com/maps/search/etablissement+wellness+La Tour-d'Aigues%2BFrance/,
https://www.google.com/maps/search/etablissement+wellness+La Tour-d'Auvergne%2BFrance/,
https://www.google.com/maps/search/etablissement+wellness+Tour-de-Faure%2BFrance/,
https://www.google.com/maps/search/etablissement+wellness+La Tour-de-Salvagny%2BFrance/,
https://www.google.com/maps/search/etablissement+wellness+La Tour-de-Sçay%2BFrance/,
https://www.google.com/maps/search/etablissement+wellness+La Tour-du-Crieu%2BFrance/,
https://www.google.com/maps/search/etablissement+wellness+La Tour-du-Meix%2BFrance/,
https://www.google.com/maps/search/etablissement+wellness+Le Tour-du-Parc%2BFrance/,
https://www.google.com/maps/search/etablissement+wellness+La Tour-du-Pin%2BFrance/,
https://www.google.com/maps/search/etablissement+wellness+Tour-en-Bessin%2BFrance/,
https://www.google.com/maps/search/etablissement+wellness+La Tour-en-Jarez%2BFrance/,
https://www.google.com/maps/search/etablissement+wellness+Tour-en-Sologne%2BFrance/,
https://www.google.com/maps/search/etablissement+wellness+La Tour-Saint-Gelin%2BFrance/,
https://www.google.com/maps/search/etablissement+wellness+La Tour-sur-Orb%2BFrance/,
https://www.google.com/maps/search/etablissement+wellness+Tourailles%2BFrance/,
https://www.google.com/maps/search/etablissement+wellness+Tourbes%2BFrance/,
https://www.google.com/maps/search/etablissement+wellness+Tourcelles-Chaumont%2BFrance/,
https://www.google.com/maps/search/etablissement+wellness+Tourch%2BFrance/,
https://www.google.com/maps/search/etablissement+wellness+Tourcoing%2BFrance/,
https://www.google.com/maps/search/etablissement+wellness+Tourdun%2BFrance/,
https://www.google.com/maps/search/etablissement+wellness+La Tourette%2BFrance/,
https://www.google.com/maps/search/etablissement+wellness+La Tourette-Cabardès%2BFrance/,
https://www.google.com/maps/search/etablissement+wellness+Tourette-du-Château%2BFrance/,
https://www.google.com/maps/search/etablissement+wellness+Tourgéville%2BFrance/,
https://www.google.com/maps/search/etablissement+wellness+Tourliac%2BFrance/,
https://www.google.com/maps/search/etablissement+wellness+Tourly%2BFrance/,
https://www.google.com/maps/search/etablissement+wellness+Tourmignies%2BFrance/,
https://www.google.com/maps/search/etablissement+wellness+Tourmont%2BFrance/,
https://www.google.com/maps/search/etablissement+wellness+Tournai-sur-Dive%2BFrance/,
https://www.google.com/maps/search/etablissement+wellness+Tournan%2BFrance/,
https://www.google.com/maps/search/etablissement+wellness+Tournan-en-Brie%2BFrance/,
https://www.google.com/maps/search/etablissement+wellness+Tournans%2BFrance/,
https://www.google.com/maps/search/etablissement+wellness+Tournavaux%2BFrance/,
https://www.google.com/maps/search/etablissement+wellness+Tournay%2BFrance/,
https://www.google.com/maps/search/etablissement+wellness+Tournay-sur-Odon%2BFrance/,
https://www.google.com/maps/search/etablissement+wellness+Le Tourne%2BFrance/,
https://www.google.com/maps/search/etablissement+wellness+Tournebu%2BFrance/,
https://www.google.com/maps/search/etablissement+wellness+Tournecoupe%2BFrance/,
https://www.google.com/maps/search/etablissement+wellness+Tournedos-Bois-Hubert%2BFrance/,
https://www.google.com/maps/search/etablissement+wellness+Tournedos-sur-Seine%2BFrance/,
https://www.google.com/maps/search/etablissement+wellness+Tournefeuille%2BFrance/,
https://www.google.com/maps/search/etablissement+wellness+Tournefort%2BFrance/,
https://www.google.com/maps/search/etablissement+wellness+Tournehem-sur-la-Hem%2BFrance/,
https://www.google.com/maps/search/etablissement+wellness+Tournemire%2BFrance/,
https://www.google.com/maps/search/etablissement+wellness+Tournemire%2BFrance/,
https://www.google.com/maps/search/etablissement+wellness+Tournes%2BFrance/,
https://www.google.com/maps/search/etablissement+wellness+Tourneville%2BFrance/,
https://www.google.com/maps/search/etablissement+wellness+Tournières%2BFrance/,
https://www.google.com/maps/search/etablissement+wellness+Tournissan%2BFrance/,
https://www.google.com/maps/search/etablissement+wellness+Tournoisis%2BFrance/,
https://www.google.com/maps/search/etablissement+wellness+Tournon%2BFrance/,
https://www.google.com/maps/search/etablissement+wellness+Tournon-d'Agenais%2BFrance/,
https://www.google.com/maps/search/etablissement+wellness+Tournon-Saint-Martin%2BFrance/,
https://www.google.com/maps/search/etablissement+wellness+Tournon-Saint-Pierre%2BFrance/,
https://www.google.com/maps/search/etablissement+wellness+Tournon-sur-Rhône%2BFrance/,
https://www.google.com/maps/search/etablissement+wellness+Tournous-Darré%2BFrance/,
https://www.google.com/maps/search/etablissement+wellness+Tournous-Devant%2BFrance/,
https://www.google.com/maps/search/etablissement+wellness+Tournus%2BFrance/,
https://www.google.com/maps/search/etablissement+wellness+Tourouvre au Perche%2BFrance/,
https://www.google.com/maps/search/etablissement+wellness+Tourouzelle%2BFrance/,
https://www.google.com/maps/search/etablissement+wellness+Tourreilles%2BFrance/,
https://www.google.com/maps/search/etablissement+wellness+Les Tourreilles%2BFrance/,
https://www.google.com/maps/search/etablissement+wellness+Tourrenquets%2BFrance/,
https://www.google.com/maps/search/etablissement+wellness+Tourrette-Levens%2BFrance/,
https://www.google.com/maps/search/etablissement+wellness+Les Tourrettes%2BFrance/,
https://www.google.com/maps/search/etablissement+wellness+Tourrettes%2BFrance/,
https://www.google.com/maps/search/etablissement+wellness+Tourrettes-sur-Loup%2BFrance/,
https://www.google.com/maps/search/etablissement+wellness+Tourriers%2BFrance/,
https://www.google.com/maps/search/etablissement+wellness+Tours%2BFrance/,
https://www.google.com/maps/search/etablissement+wellness+Tours-en-Savoie%2BFrance/,
https://www.google.com/maps/search/etablissement+wellness+Tours-en-Vimeu%2BFrance/,
https://www.google.com/maps/search/etablissement+wellness+Tours-sur-Marne%2BFrance/,
https://www.google.com/maps/search/etablissement+wellness+Tours-sur-Meymont%2BFrance/,
https://www.google.com/maps/search/etablissement+wellness+Tourtenay%2BFrance/,
https://www.google.com/maps/search/etablissement+wellness+Tourteron%2BFrance/,
https://www.google.com/maps/search/etablissement+wellness+Tourtoirac%2BFrance/,
https://www.google.com/maps/search/etablissement+wellness+Tourtour%2BFrance/,
https://www.google.com/maps/search/etablissement+wellness+Tourtouse%2BFrance/,
https://www.google.com/maps/search/etablissement+wellness+Tourtrès%2BFrance/,
https://www.google.com/maps/search/etablissement+wellness+Tourtrol%2BFrance/,
https://www.google.com/maps/search/etablissement+wellness+Tourves%2BFrance/,
https://www.google.com/maps/search/etablissement+wellness+Tourville-en-Auge%2BFrance/,
https://www.google.com/maps/search/etablissement+wellness+Tourville-la-Campagne%2BFrance/,
https://www.google.com/maps/search/etablissement+wellness+Tourville-la-Rivière%2BFrance/,
https://www.google.com/maps/search/etablissement+wellness+Tourville-les-Ifs%2BFrance/,
https://www.google.com/maps/search/etablissement+wellness+Tourville-sur-Arques%2BFrance/,
https://www.google.com/maps/search/etablissement+wellness+Tourville-sur-Odon%2BFrance/,
https://www.google.com/maps/search/etablissement+wellness+Tourville-sur-Pont-Audemer%2BFrance/,
https://www.google.com/maps/search/etablissement+wellness+Tourville-sur-Sienne%2BFrance/,
https://www.google.com/maps/search/etablissement+wellness+Toury%2BFrance/,
https://www.google.com/maps/search/etablissement+wellness+Toury-Lurcy%2BFrance/,
https://www.google.com/maps/search/etablissement+wellness+Toury-sur-Jour%2BFrance/,
https://www.google.com/maps/search/etablissement+wellness+Tourzel-Ronzières%2BFrance/,
https://www.google.com/maps/search/etablissement+wellness+Toussaint%2BFrance/,
https://www.google.com/maps/search/etablissement+wellness+Toussieu%2BFrance/,
https://www.google.com/maps/search/etablissement+wellness+Toussieux%2BFrance/,
https://www.google.com/maps/search/etablissement+wellness+Tousson%2BFrance/,
https://www.google.com/maps/search/etablissement+wellness+Toussus-le-Noble%2BFrance/,
https://www.google.com/maps/search/etablissement+wellness+Toutainville%2BFrance/,
https://www.google.com/maps/search/etablissement+wellness+Toutenant%2BFrance/,
https://www.google.com/maps/search/etablissement+wellness+Toutencourt%2BFrance/,
https://www.google.com/maps/search/etablissement+wellness+Toutens%2BFrance/,
https://www.google.com/maps/search/etablissement+wellness+Toutlemonde%2BFrance/,
https://www.google.com/maps/search/etablissement+wellness+Toutry%2BFrance/,
https://www.google.com/maps/search/etablissement+wellness+Touvérac%2BFrance/,
https://www.google.com/maps/search/etablissement+wellness+Le Touvet%2BFrance/,
https://www.google.com/maps/search/etablissement+wellness+Touville%2BFrance/,
https://www.google.com/maps/search/etablissement+wellness+Touvois%2BFrance/,
https://www.google.com/maps/search/etablissement+wellness+Touvre%2BFrance/,
https://www.google.com/maps/search/etablissement+wellness+Touzac%2BFrance/,
https://www.google.com/maps/search/etablissement+wellness+Touzac%2BFrance/,
https://www.google.com/maps/search/etablissement+wellness+Tox%2BFrance/,
https://www.google.com/maps/search/etablissement+wellness+Toy-Viam%2BFrance/,
https://www.google.com/maps/search/etablissement+wellness+Tracy-Bocage%2BFrance/,
https://www.google.com/maps/search/etablissement+wellness+Tracy-le-Mont%2BFrance/,
https://www.google.com/maps/search/etablissement+wellness+Tracy-le-Val%2BFrance/,
https://www.google.com/maps/search/etablissement+wellness+Tracy-sur-Loire%2BFrance/,
https://www.google.com/maps/search/etablissement+wellness+Tracy-sur-Mer%2BFrance/,
https://www.google.com/maps/search/etablissement+wellness+Trades%2BFrance/,
https://www.google.com/maps/search/etablissement+wellness+Traenheim%2BFrance/,
https://www.google.com/maps/search/etablissement+wellness+Tragny%2BFrance/,
https://www.google.com/maps/search/etablissement+wellness+Traînel%2BFrance/,
https://www.google.com/maps/search/etablissement+wellness+Traînou%2BFrance/,
https://www.google.com/maps/search/etablissement+wellness+Le Trait%2BFrance/,
https://www.google.com/maps/search/etablissement+wellness+Traitiéfontaine%2BFrance/,
https://www.google.com/maps/search/etablissement+wellness+Traize%2BFrance/,
https://www.google.com/maps/search/etablissement+wellness+Tralaigues%2BFrance/,
https://www.google.com/maps/search/etablissement+wellness+Tralonca%2BFrance/,
https://www.google.com/maps/search/etablissement+wellness+Tramain%2BFrance/,
https://www.google.com/maps/search/etablissement+wellness+Tramayes%2BFrance/,
https://www.google.com/maps/search/etablissement+wellness+Trambly%2BFrance/,
https://www.google.com/maps/search/etablissement+wellness+Tramecourt%2BFrance/,
https://www.google.com/maps/search/etablissement+wellness+Tramery%2BFrance/,
https://www.google.com/maps/search/etablissement+wellness+Tramezaïgues%2BFrance/,
https://www.google.com/maps/search/etablissement+wellness+Tramolé%2BFrance/,
https://www.google.com/maps/search/etablissement+wellness+Tramont-Émy%2BFrance/,
https://www.google.com/maps/search/etablissement+wellness+Tramont-Lassus%2BFrance/,
https://www.google.com/maps/search/etablissement+wellness+Tramont-Saint-André%2BFrance/,
https://www.google.com/maps/search/etablissement+wellness+Tramoyes%2BFrance/,
https://www.google.com/maps/search/etablissement+wellness+Trampot%2BFrance/,
https://www.google.com/maps/search/etablissement+wellness+Trancault%2BFrance/,
https://www.google.com/maps/search/etablissement+wellness+La Tranche-sur-Mer%2BFrance/,
https://www.google.com/maps/search/etablissement+wellness+La Tranclière%2BFrance/,
https://www.google.com/maps/search/etablissement+wellness+Trancrainville%2BFrance/,
https://www.google.com/maps/search/etablissement+wellness+Trangé%2BFrance/,
https://www.google.com/maps/search/etablissement+wellness+Le Tranger%2BFrance/,
https://www.google.com/maps/search/etablissement+wellness+Trannes%2BFrance/,
https://www.google.com/maps/search/etablissement+wellness+Tranqueville-Graux%2BFrance/,
https://www.google.com/maps/search/etablissement+wellness+Trans%2BFrance/,
https://www.google.com/maps/search/etablissement+wellness+Trans-en-Provence%2BFrance/,
https://www.google.com/maps/search/etablissement+wellness+Trans-la-Forêt%2BFrance/,
https://www.google.com/maps/search/etablissement+wellness+Trans-sur-Erdre%2BFrance/,
https://www.google.com/maps/search/etablissement+wellness+Le Translay%2BFrance/,
https://www.google.com/maps/search/etablissement+wellness+Le Transloy%2BFrance/,
https://www.google.com/maps/search/etablissement+wellness+Tranzault%2BFrance/,
https://www.google.com/maps/search/etablissement+wellness+Trappes%2BFrance/,
https://www.google.com/maps/search/etablissement+wellness+Trassanel%2BFrance/,
https://www.google.com/maps/search/etablissement+wellness+Traubach-le-Bas%2BFrance/,
https://www.google.com/maps/search/etablissement+wellness+Traubach-le-Haut%2BFrance/,
https://www.google.com/maps/search/etablissement+wellness+Trausse%2BFrance/,
https://www.google.com/maps/search/etablissement+wellness+Travaillan%2BFrance/,
https://www.google.com/maps/search/etablissement+wellness+Travecy%2BFrance/,
https://www.google.com/maps/search/etablissement+wellness+Traversères%2BFrance/,
https://www.google.com/maps/search/etablissement+wellness+Traves%2BFrance/,
https://www.google.com/maps/search/etablissement+wellness+Le Travet%2BFrance/,
https://www.google.com/maps/search/etablissement+wellness+Trayes%2BFrance/,
https://www.google.com/maps/search/etablissement+wellness+Tréal%2BFrance/,
https://www.google.com/maps/search/etablissement+wellness+Tréauville%2BFrance/,
https://www.google.com/maps/search/etablissement+wellness+Trébabu%2BFrance/,
https://www.google.com/maps/search/etablissement+wellness+Treban%2BFrance/,
https://www.google.com/maps/search/etablissement+wellness+Tréban%2BFrance/,
https://www.google.com/maps/search/etablissement+wellness+Trébas%2BFrance/,
https://www.google.com/maps/search/etablissement+wellness+Trébédan%2BFrance/,
https://www.google.com/maps/search/etablissement+wellness+Trèbes%2BFrance/,
https://www.google.com/maps/search/etablissement+wellness+Trébeurden%2BFrance/,
https://www.google.com/maps/search/etablissement+wellness+Trébons%2BFrance/,
https://www.google.com/maps/search/etablissement+wellness+Trébons-de-Luchon%2BFrance/,
https://www.google.com/maps/search/etablissement+wellness+Trébons-sur-la-Grasse%2BFrance/,
https://www.google.com/maps/search/etablissement+wellness+Trébrivan%2BFrance/,
https://www.google.com/maps/search/etablissement+wellness+Trébry%2BFrance/,
https://www.google.com/maps/search/etablissement+wellness+Tréclun%2BFrance/,
https://www.google.com/maps/search/etablissement+wellness+Trécon%2BFrance/,
https://www.google.com/maps/search/etablissement+wellness+Trédaniel%2BFrance/,
https://www.google.com/maps/search/etablissement+wellness+Trédarzec%2BFrance/,
https://www.google.com/maps/search/etablissement+wellness+Trédias%2BFrance/,
https://www.google.com/maps/search/etablissement+wellness+Trédion%2BFrance/,
https://www.google.com/maps/search/etablissement+wellness+Trédrez-Locquémeau%2BFrance/,
https://www.google.com/maps/search/etablissement+wellness+Tréduder%2BFrance/,
https://www.google.com/maps/search/etablissement+wellness+Trefcon%2BFrance/,
https://www.google.com/maps/search/etablissement+wellness+Treffendel%2BFrance/,
https://www.google.com/maps/search/etablissement+wellness+Treffiagat%2BFrance/,
https://www.google.com/maps/search/etablissement+wellness+Treffieux%2BFrance/,
https://www.google.com/maps/search/etablissement+wellness+Treffléan%2BFrance/,traité (2026-08-22 20:48)
https://www.google.com/maps/search/etablissement+wellness+Treffort%2BFrance/,traité (2026-08-22 20:49)
https://www.google.com/maps/search/etablissement+wellness+Treffrin%2BFrance/,traité (2026-08-22 20:49)
https://www.google.com/maps/search/etablissement+wellness+Tréflaouénan%2BFrance/,traité (2026-08-22 20:50)
https://www.google.com/maps/search/etablissement+wellness+Tréflévénez%2BFrance/,traité (2026-08-22 20:50)
https://www.google.com/maps/search/etablissement+wellness+Tréflez%2BFrance/,traité (2026-08-22 20:50)
https://www.google.com/maps/search/etablissement+wellness+Tréfols%2BFrance/,traité (2026-08-22 20:51)
https://www.google.com/maps/search/etablissement+wellness+Tréfumel%2BFrance/,traité (2026-08-22 20:51)
https://www.google.com/maps/search/etablissement+wellness+Trégarantec%2BFrance/,traité (2026-08-22 20:52)
https://www.google.com/maps/search/etablissement+wellness+Trégarvan%2BFrance/,traité (2026-08-22 20:52)
https://www.google.com/maps/search/etablissement+wellness+Trégastel%2BFrance/,traité (2026-08-22 20:54)
https://www.google.com/maps/search/etablissement+wellness+Tréglamus%2BFrance/,traité (2026-08-22 20:54)
https://www.google.com/maps/search/etablissement+wellness+Tréglonou%2BFrance/,traité (2026-08-22 20:54)
https://www.google.com/maps/search/etablissement+wellness+Trégomeur%2BFrance/,traité (2026-08-22 20:54)
https://www.google.com/maps/search/etablissement+wellness+Trégon%2BFrance/,traité (2026-08-22 20:54)
https://www.google.com/maps/search/etablissement+wellness+Trégonneau%2BFrance/,traité (2026-08-22 20:55)
https://www.google.com/maps/search/etablissement+wellness+Trégourez%2BFrance/,traité (2026-08-22 20:55)
https://www.google.com/maps/search/etablissement+wellness+Trégrom%2BFrance/,traité (2026-08-22 20:55)
https://www.google.com/maps/search/etablissement+wellness+Tréguennec%2BFrance/,traité (2026-08-22 20:55)
https://www.google.com/maps/search/etablissement+wellness+Trégueux%2BFrance/,traité (2026-08-22 20:55)
https://www.google.com/maps/search/etablissement+wellness+Tréguidel%2BFrance/,traité (2026-08-22 20:58)
https://www.google.com/maps/search/etablissement+wellness+Tréguier%2BFrance/,traité (2026-08-22 20:58)
https://www.google.com/maps/search/etablissement+wellness+Trégunc%2BFrance/,traité (2026-08-22 20:58)
https://www.google.com/maps/search/etablissement+wellness+Tréhet%2BFrance/,traité (2026-08-22 20:58)
https://www.google.com/maps/search/etablissement+wellness+Tréhorenteuc%2BFrance/,traité (2026-08-22 20:58)
https://www.google.com/maps/search/etablissement+wellness+Le Tréhou%2BFrance/,traité (2026-08-22 20:58)
https://www.google.com/maps/search/etablissement+wellness+Treignac%2BFrance/,traité (2026-08-22 20:58)
https://www.google.com/maps/search/etablissement+wellness+Treignat%2BFrance/,traité (2026-08-22 20:58)
https://www.google.com/maps/search/etablissement+wellness+Treigny%2BFrance/,traité (2026-08-22 20:58)
https://www.google.com/maps/search/etablissement+wellness+Treilles%2BFrance/,traité (2026-08-22 20:59)
https://www.google.com/maps/search/etablissement+wellness+Treilles-en-Gâtinais%2BFrance/,traité (2026-08-22 21:01)
https://www.google.com/maps/search/etablissement+wellness+Treillières%2BFrance/,traité (2026-08-22 21:01)
https://www.google.com/maps/search/etablissement+wellness+Treix%2BFrance/,traité (2026-08-22 21:01)
https://www.google.com/maps/search/etablissement+wellness+Treize-Septiers%2BFrance/,traité (2026-08-22 21:01)
https://www.google.com/maps/search/etablissement+wellness+Treize-Vents%2BFrance/,traité (2026-08-22 21:01)
https://www.google.com/maps/search/etablissement+wellness+Tréjouls%2BFrance/,traité (2026-08-22 21:01)
https://www.google.com/maps/search/etablissement+wellness+Trélans%2BFrance/,traité (2026-08-22 21:02)
https://www.google.com/maps/search/etablissement+wellness+Trélazé%2BFrance/,traité (2026-08-22 21:02)
https://www.google.com/maps/search/etablissement+wellness+Trélévern%2BFrance/,traité (2026-08-22 21:02)
https://www.google.com/maps/search/etablissement+wellness+Trelins%2BFrance/,traité (2026-08-22 21:03)
https://www.google.com/maps/search/etablissement+wellness+Trélissac%2BFrance/,traité (2026-08-22 21:05)
https://www.google.com/maps/search/etablissement+wellness+Trélivan%2BFrance/,traité (2026-08-22 21:05)
https://www.google.com/maps/search/etablissement+wellness+Trelly%2BFrance/,traité (2026-08-22 21:05)
https://www.google.com/maps/search/etablissement+wellness+Trélon%2BFrance/,traité (2026-08-22 21:05)
https://www.google.com/maps/search/etablissement+wellness+Trélou-sur-Marne%2BFrance/,traité (2026-08-22 21:05)
https://www.google.com/maps/search/etablissement+wellness+Trémaouézan%2BFrance/,traité (2026-08-22 21:05)
https://www.google.com/maps/search/etablissement+wellness+Trémargat%2BFrance/,traité (2026-08-22 21:06)
https://www.google.com/maps/search/etablissement+wellness+Trémauville%2BFrance/,traité (2026-08-22 21:06)
https://www.google.com/maps/search/etablissement+wellness+La Tremblade%2BFrance/,traité (2026-08-22 21:07)
https://www.google.com/maps/search/etablissement+wellness+Tremblay%2BFrance/,traité (2026-08-22 21:07)
https://www.google.com/maps/search/etablissement+wellness+Le Tremblay%2BFrance/,traité (2026-08-22 21:09)
https://www.google.com/maps/search/etablissement+wellness+Tremblay-en-France%2BFrance/,traité (2026-08-22 21:09)
https://www.google.com/maps/search/etablissement+wellness+Tremblay-les-Villages%2BFrance/,traité (2026-08-22 21:10)
https://www.google.com/maps/search/etablissement+wellness+Le Tremblay-Omonville%2BFrance/,traité (2026-08-22 21:10)
https://www.google.com/maps/search/etablissement+wellness+Le Tremblay-sur-Mauldre%2BFrance/,traité (2026-08-22 21:10)
https://www.google.com/maps/search/etablissement+wellness+Tremblecourt%2BFrance/,traité (2026-08-22 21:10)
https://www.google.com/maps/search/etablissement+wellness+Le Tremblois%2BFrance/,traité (2026-08-22 21:11)
https://www.google.com/maps/search/etablissement+wellness+Tremblois-lès-Carignan%2BFrance/,traité (2026-08-22 21:12)
https://www.google.com/maps/search/etablissement+wellness+Tremblois-lès-Rocroi%2BFrance/,traité (2026-08-22 21:12)
https://www.google.com/maps/search/etablissement+wellness+Trémeheuc%2BFrance/,traité (2026-08-22 21:12)
https://www.google.com/maps/search/etablissement+wellness+Trémel%2BFrance/,traité (2026-08-22 21:15)
https://www.google.com/maps/search/etablissement+wellness+Trémentines%2BFrance/,traité (2026-08-22 21:15)
https://www.google.com/maps/search/etablissement+wellness+Tréméoc%2BFrance/,traité (2026-08-22 21:15)
https://www.google.com/maps/search/etablissement+wellness+Tréméreuc%2BFrance/,traité (2026-08-22 21:15)
https://www.google.com/maps/search/etablissement+wellness+Trémery%2BFrance/,traité (2026-08-22 21:15)
https://www.google.com/maps/search/etablissement+wellness+Trémeur%2BFrance/,traité (2026-08-22 21:15)
https://www.google.com/maps/search/etablissement+wellness+Tréméven%2BFrance/,traité (2026-08-22 21:15)
https://www.google.com/maps/search/etablissement+wellness+Tréméven%2BFrance/,traité (2026-08-22 21:15)
https://www.google.com/maps/search/etablissement+wellness+Trémilly%2BFrance/,traité (2026-08-22 21:16)
https://www.google.com/maps/search/etablissement+wellness+Tréminis%2BFrance/,traité (2026-08-22 21:16)
https://www.google.com/maps/search/etablissement+wellness+Trémoins%2BFrance/,traité (2026-08-22 21:18)
https://www.google.com/maps/search/etablissement+wellness+Trémolat%2BFrance/,traité (2026-08-22 21:18)
https://www.google.com/maps/search/etablissement+wellness+Trémons%2BFrance/,traité (2026-08-22 21:18)
https://www.google.com/maps/search/etablissement+wellness+Trémont%2BFrance/,traité (2026-08-22 21:18)
https://www.google.com/maps/search/etablissement+wellness+Trémont-sur-Saulx%2BFrance/,traité (2026-08-22 21:18)
https://www.google.com/maps/search/etablissement+wellness+Trémonzey%2BFrance/,traité (2026-08-22 21:18)
https://www.google.com/maps/search/etablissement+wellness+Trémorel%2BFrance/,traité (2026-08-22 21:18)
https://www.google.com/maps/search/etablissement+wellness+Trémouille%2BFrance/,traité (2026-08-22 21:18)
https://www.google.com/maps/search/etablissement+wellness+Trémouille-Saint-Loup%2BFrance/,traité (2026-08-22 21:19)
https://www.google.com/maps/search/etablissement+wellness+Trémouilles%2BFrance/,traité (2026-08-22 21:19)
https://www.google.com/maps/search/etablissement+wellness+Trémoulet%2BFrance/,traité (2026-08-22 21:21)
https://www.google.com/maps/search/etablissement+wellness+Trémuson%2BFrance/,traité (2026-08-22 21:21)
https://www.google.com/maps/search/etablissement+wellness+Trenal%2BFrance/,traité (2026-08-22 21:21)
https://www.google.com/maps/search/etablissement+wellness+Trensacq%2BFrance/,traité (2026-08-22 21:21)
https://www.google.com/maps/search/etablissement+wellness+Trentels%2BFrance/,traité (2026-08-22 21:21)
https://www.google.com/maps/search/etablissement+wellness+Tréogan%2BFrance/,traité (2026-08-22 21:21)
https://www.google.com/maps/search/etablissement+wellness+Tréogat%2BFrance/,traité (2026-08-22 21:22)
https://www.google.com/maps/search/etablissement+wellness+Tréon%2BFrance/,traité (2026-08-22 21:22)
https://www.google.com/maps/search/etablissement+wellness+Tréouergat%2BFrance/,traité (2026-08-22 21:22)
https://www.google.com/maps/search/etablissement+wellness+Trépail%2BFrance/,traité (2026-08-22 21:23)
https://www.google.com/maps/search/etablissement+wellness+Le Tréport%2BFrance/,traité (2026-08-22 21:25)
https://www.google.com/maps/search/etablissement+wellness+Trépot%2BFrance/,traité (2026-08-22 21:25)
https://www.google.com/maps/search/etablissement+wellness+Tréprel%2BFrance/,traité (2026-08-22 21:25)
https://www.google.com/maps/search/etablissement+wellness+Trept%2BFrance/,traité (2026-08-22 21:25)
https://www.google.com/maps/search/etablissement+wellness+Trésauvaux%2BFrance/,traité (2026-08-22 21:25)
https://www.google.com/maps/search/etablissement+wellness+Tresbœuf%2BFrance/,traité (2026-08-22 21:25)
https://www.google.com/maps/search/etablissement+wellness+Trescault%2BFrance/,traité (2026-08-22 21:26)
https://www.google.com/maps/search/etablissement+wellness+Treschenu-Creyers%2BFrance/,traité (2026-08-22 21:26)
https://www.google.com/maps/search/etablissement+wellness+Trescléoux%2BFrance/,traité (2026-08-22 21:26)
https://www.google.com/maps/search/etablissement+wellness+Trésilley%2BFrance/,traité (2026-08-22 21:26)
https://www.google.com/maps/search/etablissement+wellness+Treslon%2BFrance/,traité (2026-08-22 21:29)
https://www.google.com/maps/search/etablissement+wellness+Tresnay%2BFrance/,traité (2026-08-22 21:29)
https://www.google.com/maps/search/etablissement+wellness+Trespoux-Rassiels%2BFrance/,traité (2026-08-22 21:29)
https://www.google.com/maps/search/etablissement+wellness+Tresques%2BFrance/,traité (2026-08-22 21:29)
https://www.google.com/maps/search/etablissement+wellness+Tressan%2BFrance/,traité (2026-08-22 21:29)
https://www.google.com/maps/search/etablissement+wellness+Tressandans%2BFrance/,traité (2026-08-22 21:29)
https://www.google.com/maps/search/etablissement+wellness+Tressange%2BFrance/,traité (2026-08-22 21:29)
https://www.google.com/maps/search/etablissement+wellness+Tressé%2BFrance/,traité (2026-08-22 21:29)
https://www.google.com/maps/search/etablissement+wellness+Tresserre%2BFrance/,traité (2026-08-22 21:30)
https://www.google.com/maps/search/etablissement+wellness+Tresserve%2BFrance/,traité (2026-08-22 21:30)
https://www.google.com/maps/search/etablissement+wellness+Tresses%2BFrance/,traité (2026-08-22 21:32)
https://www.google.com/maps/search/etablissement+wellness+Tressignaux%2BFrance/,traité (2026-08-22 21:32)
https://www.google.com/maps/search/etablissement+wellness+Tressin%2BFrance/,traité (2026-08-22 21:32)
https://www.google.com/maps/search/etablissement+wellness+Tresson%2BFrance/,traité (2026-08-22 21:32)
https://www.google.com/maps/search/etablissement+wellness+Treteau%2BFrance/,traité (2026-08-22 21:32)
https://www.google.com/maps/search/etablissement+wellness+La Trétoire%2BFrance/,traité (2026-08-22 21:32)
https://www.google.com/maps/search/etablissement+wellness+Trets%2BFrance/,traité (2026-08-22 21:33)
https://www.google.com/maps/search/etablissement+wellness+Treux%2BFrance/,traité (2026-08-22 21:33)
https://www.google.com/maps/search/etablissement+wellness+Treuzy-Levelay%2BFrance/,traité (2026-08-22 21:33)
https://www.google.com/maps/search/etablissement+wellness+Trévé%2BFrance/,traité (2026-08-22 21:34)
https://www.google.com/maps/search/etablissement+wellness+Trévenans%2BFrance/,traité (2026-08-22 21:36)
https://www.google.com/maps/search/etablissement+wellness+Tréveneuc%2BFrance/,traité (2026-08-22 21:36)
https://www.google.com/maps/search/etablissement+wellness+Tréveray%2BFrance/,échec (2026-08-22 21:36)
https://www.google.com/maps/search/etablissement+wellness+Trévérec%2BFrance/,traité (2026-08-22 21:36)
https://www.google.com/maps/search/etablissement+wellness+Trévérien%2BFrance/,traité (2026-08-22 21:36)
https://www.google.com/maps/search/etablissement+wellness+Trèves%2BFrance/,traité (2026-08-22 21:36)
https://www.google.com/maps/search/etablissement+wellness+Trèves%2BFrance/,traité (2026-08-22 21:36)
https://www.google.com/maps/search/etablissement+wellness+Trévien%2BFrance/,traité (2026-08-22 21:37)
https://www.google.com/maps/search/etablissement+wellness+Trévières%2BFrance/,traité (2026-08-22 21:38)
https://www.google.com/maps/search/etablissement+wellness+Trévignin%2BFrance/,traité (2026-08-22 21:38)
https://www.google.com/maps/search/etablissement+wellness+Trévillach%2BFrance/,traité (2026-08-22 21:40)
https://www.google.com/maps/search/etablissement+wellness+Tréville%2BFrance/,traité (2026-08-22 21:40)
https://www.google.com/maps/search/etablissement+wellness+Trévillers%2BFrance/,échec (2026-08-22 21:40)
https://www.google.com/maps/search/etablissement+wellness+Trévilly%2BFrance/,traité (2026-08-22 21:40)
https://www.google.com/maps/search/etablissement+wellness+Trévol%2BFrance/,traité (2026-08-22 21:40)
https://www.google.com/maps/search/etablissement+wellness+Trévou-Tréguignec%2BFrance/,traité (2026-08-22 21:40)
https://www.google.com/maps/search/etablissement+wellness+Trévoux%2BFrance/,traité (2026-08-22 21:41)
https://www.google.com/maps/search/etablissement+wellness+Le Trévoux%2BFrance/,traité (2026-08-22 21:41)
https://www.google.com/maps/search/etablissement+wellness+Trévron%2BFrance/,traité (2026-08-22 21:41)
https://www.google.com/maps/search/etablissement+wellness+Trézelles%2BFrance/,traité (2026-08-22 21:42)
https://www.google.com/maps/search/etablissement+wellness+Trézény%2BFrance/,traité (2026-08-22 21:44)
https://www.google.com/maps/search/etablissement+wellness+Tréziers%2BFrance/,traité (2026-08-22 21:44)
https://www.google.com/maps/search/etablissement+wellness+Trézilidé%2BFrance/,traité (2026-08-22 21:44)
https://www.google.com/maps/search/etablissement+wellness+Trézioux%2BFrance/,traité (2026-08-22 21:44)
https://www.google.com/maps/search/etablissement+wellness+Triac-Lautrait%2BFrance/,traité (2026-08-22 21:44)
https://www.google.com/maps/search/etablissement+wellness+Le Triadou%2BFrance/,traité (2026-08-22 21:44)
https://www.google.com/maps/search/etablissement+wellness+Triaize%2BFrance/,traité (2026-08-22 21:44)
https://www.google.com/maps/search/etablissement+wellness+Tribehou%2BFrance/,traité (2026-08-22 21:45)
https://www.google.com/maps/search/etablissement+wellness+Trichey%2BFrance/,traité (2026-08-22 21:45)
https://www.google.com/maps/search/etablissement+wellness+Tricot%2BFrance/,traité (2026-08-22 21:45)
https://www.google.com/maps/search/etablissement+wellness+Trie-Château%2BFrance/,traité (2026-08-22 21:47)
https://www.google.com/maps/search/etablissement+wellness+Trie-la-Ville%2BFrance/,traité (2026-08-22 21:47)
https://www.google.com/maps/search/etablissement+wellness+Trie-sur-Baïse%2BFrance/,traité (2026-08-22 21:47)
https://www.google.com/maps/search/etablissement+wellness+Triel-sur-Seine%2BFrance/,traité (2026-08-22 21:47)
https://www.google.com/maps/search/etablissement+wellness+Triembach-au-Val%2BFrance/,traité (2026-08-22 21:47)
https://www.google.com/maps/search/etablissement+wellness+Trieux%2BFrance/,traité (2026-08-22 21:47)
https://www.google.com/maps/search/etablissement+wellness+Trigance%2BFrance/,traité (2026-08-22 21:47)
https://www.google.com/maps/search/etablissement+wellness+Trignac%2BFrance/,traité (2026-08-22 21:48)
https://www.google.com/maps/search/etablissement+wellness+Trigny%2BFrance/,traité (2026-08-22 21:48)
https://www.google.com/maps/search/etablissement+wellness+Triguères%2BFrance/,traité (2026-08-22 21:48)
https://www.google.com/maps/search/etablissement+wellness+Trilbardou%2BFrance/,traité (2026-08-22 21:50)
https://www.google.com/maps/search/etablissement+wellness+Trilla%2BFrance/,traité (2026-08-22 21:50)
https://www.google.com/maps/search/etablissement+wellness+Trilport%2BFrance/,traité (2026-08-22 21:50)
https://www.google.com/maps/search/etablissement+wellness+Trimbach%2BFrance/,échec (2026-08-22 21:50)
https://www.google.com/maps/search/etablissement+wellness+Trimer%2BFrance/,traité (2026-08-22 21:50)
https://www.google.com/maps/search/etablissement+wellness+La Trimouille%2BFrance/,traité (2026-08-22 21:50)
https://www.google.com/maps/search/etablissement+wellness+Trinay%2BFrance/,traité (2026-08-22 21:51)
https://www.google.com/maps/search/etablissement+wellness+La Trinitat%2BFrance/,traité (2026-08-22 21:51)
https://www.google.com/maps/search/etablissement+wellness+La Trinité%2BFrance/,traité (2026-08-22 21:54)
https://www.google.com/maps/search/etablissement+wellness+La Trinité%2BFrance/,traité (2026-08-22 21:54)
https://www.google.com/maps/search/etablissement+wellness+La Trinité%2BFrance/,traité (2026-08-22 21:54)
https://www.google.com/maps/search/etablissement+wellness+La Trinité%2BFrance/,traité (2026-08-22 21:54)
https://www.google.com/maps/search/etablissement+wellness+La Trinité%2BFrance/,traité (2026-08-22 21:54)
https://www.google.com/maps/search/etablissement+wellness+La Trinité-de-Réville%2BFrance/,traité (2026-08-22 21:54)
https://www.google.com/maps/search/etablissement+wellness+La Trinité-de-Thouberville%2BFrance/,traité (2026-08-22 21:54)
https://www.google.com/maps/search/etablissement+wellness+La Trinité-des-Laitiers%2BFrance/,traité (2026-08-22 21:54)
https://www.google.com/maps/search/etablissement+wellness+La Trinité-du-Mont%2BFrance/,traité (2026-08-22 21:54)
https://www.google.com/maps/search/etablissement+wellness+La Trinité-Porhoët%2BFrance/,traité (2026-08-22 21:54)
https://www.google.com/maps/search/etablissement+wellness+La Trinité-sur-Mer%2BFrance/,traité (2026-08-22 21:55)
https://www.google.com/maps/search/etablissement+wellness+La Trinité-Surzur%2BFrance/,traité (2026-08-22 21:55)
https://www.google.com/maps/search/etablissement+wellness+Triors%2BFrance/,traité (2026-08-22 21:57)
https://www.google.com/maps/search/etablissement+wellness+Le Trioulou%2BFrance/,traité (2026-08-22 21:57)
https://www.google.com/maps/search/etablissement+wellness+Triqueville%2BFrance/,traité (2026-08-22 21:57)
https://www.google.com/maps/search/etablissement+wellness+Trith-Saint-Léger%2BFrance/,traité (2026-08-22 21:57)
https://www.google.com/maps/search/etablissement+wellness+Tritteling-Redlach%2BFrance/,traité (2026-08-22 21:57)
https://www.google.com/maps/search/etablissement+wellness+Trivy%2BFrance/,traité (2026-08-22 21:58)
https://www.google.com/maps/search/etablissement+wellness+Trizac%2BFrance/,traité (2026-08-22 21:58)
https://www.google.com/maps/search/etablissement+wellness+Trizay%2BFrance/,traité (2026-08-22 21:59)
https://www.google.com/maps/search/etablissement+wellness+Trizay-Coutretot-Saint-Serge%2BFrance/,traité (2026-08-22 21:59)
https://www.google.com/maps/search/etablissement+wellness+Trizay-lès-Bonneval%2BFrance/,traité (2026-08-22 21:59)
https://www.google.com/maps/search/etablissement+wellness+Troche%2BFrance/,traité (2026-08-22 22:02)
https://www.google.com/maps/search/etablissement+wellness+Trochères%2BFrance/,traité (2026-08-22 22:02)
https://www.google.com/maps/search/etablissement+wellness+Trocy-en-Multien%2BFrance/,traité (2026-08-22 22:02)
https://www.google.com/maps/search/etablissement+wellness+Troësnes%2BFrance/,traité (2026-08-22 22:02)
https://www.google.com/maps/search/etablissement+wellness+Troguéry%2BFrance/,traité (2026-08-22 22:02)
https://www.google.com/maps/search/etablissement+wellness+Trogues%2BFrance/,traité (2026-08-22 22:02)
https://www.google.com/maps/search/etablissement+wellness+Les Trois Châteaux%2BFrance/,traité (2026-08-22 22:02)
https://www.google.com/maps/search/etablissement+wellness+Les Trois Lacs%2BFrance/,traité (2026-08-22 22:03)
https://www.google.com/maps/search/etablissement+wellness+Les Trois-Bassins%2BFrance/,traité (2026-08-22 22:03)
https://www.google.com/maps/search/etablissement+wellness+Les Trois-Domaines%2BFrance/,traité (2026-08-22 22:04)
https://www.google.com/maps/search/etablissement+wellness+Trois-Fonds%2BFrance/,traité (2026-08-22 22:06)
https://www.google.com/maps/search/etablissement+wellness+Trois-Fontaines-l'Abbaye%2BFrance/,traité (2026-08-22 22:06)
https://www.google.com/maps/search/etablissement+wellness+Les Trois-Îlets%2BFrance/,traité (2026-08-22 22:06)
https://www.google.com/maps/search/etablissement+wellness+Trois-Monts%2BFrance/,traité (2026-08-22 22:06)
https://www.google.com/maps/search/etablissement+wellness+Les Trois-Moutiers%2BFrance/,traité (2026-08-22 22:06)
https://www.google.com/maps/search/etablissement+wellness+Trois-Palis%2BFrance/,traité (2026-08-22 22:06)
https://www.google.com/maps/search/etablissement+wellness+Les Trois-Pierres%2BFrance/,traité (2026-08-22 22:07)
https://www.google.com/maps/search/etablissement+wellness+Trois-Puits%2BFrance/,traité (2026-08-22 22:07)
https://www.google.com/maps/search/etablissement+wellness+Trois-Rivières%2BFrance/,traité (2026-08-22 22:08)
https://www.google.com/maps/search/etablissement+wellness+Trois-Vèvres%2BFrance/,traité (2026-08-22 22:10)
https://www.google.com/maps/search/etablissement+wellness+Trois-Villes%2BFrance/,traité (2026-08-22 22:10)
https://www.google.com/maps/search/etablissement+wellness+Troisfontaines%2BFrance/,traité (2026-08-22 22:10)
https://www.google.com/maps/search/etablissement+wellness+Troisfontaines-la-Ville%2BFrance/,traité (2026-08-22 22:10)
https://www.google.com/maps/search/etablissement+wellness+Troisgots%2BFrance/,traité (2026-08-22 22:10)
https://www.google.com/maps/search/etablissement+wellness+Troissereux%2BFrance/,traité (2026-08-22 22:10)
https://www.google.com/maps/search/etablissement+wellness+Troissy%2BFrance/,traité (2026-08-22 22:10)
https://www.google.com/maps/search/etablissement+wellness+Troisvaux%2BFrance/,traité (2026-08-22 22:11)
https://www.google.com/maps/search/etablissement+wellness+Troisvilles%2BFrance/,traité (2026-08-22 22:11)
https://www.google.com/maps/search/etablissement+wellness+Tromarey%2BFrance/,traité (2026-08-22 22:12)
https://www.google.com/maps/search/etablissement+wellness+Tromborn%2BFrance/,traité (2026-08-22 22:12)
https://www.google.com/maps/search/etablissement+wellness+Troncens%2BFrance/,traité (2026-08-22 22:14)
https://www.google.com/maps/search/etablissement+wellness+La Tronche%2BFrance/,traité (2026-08-22 22:14)
https://www.google.com/maps/search/etablissement+wellness+Le Tronchet%2BFrance/,traité (2026-08-22 22:14)
https://www.google.com/maps/search/etablissement+wellness+Le Tronchet%2BFrance/,traité (2026-08-22 22:14)
https://www.google.com/maps/search/etablissement+wellness+Tronchoy%2BFrance/,traité (2026-08-22 22:14)
https://www.google.com/maps/search/etablissement+wellness+Tronchy%2BFrance/,traité (2026-08-22 22:14)
https://www.google.com/maps/search/etablissement+wellness+Le Troncq%2BFrance/,traité (2026-08-22 22:15)
https://www.google.com/maps/search/etablissement+wellness+Trondes%2BFrance/,traité (2026-08-22 22:15)
https://www.google.com/maps/search/etablissement+wellness+Tronget%2BFrance/,traité (2026-08-22 22:16)
https://www.google.com/maps/search/etablissement+wellness+Le Tronquay%2BFrance/,traité (2026-08-22 22:16)
https://www.google.com/maps/search/etablissement+wellness+Le Tronquay%2BFrance/,traité (2026-08-22 22:16)
https://www.google.com/maps/search/etablissement+wellness+Tronsanges%2BFrance/,
https://www.google.com/maps/search/etablissement+wellness+Tronville%2BFrance/,
https://www.google.com/maps/search/etablissement+wellness+Tronville-en-Barrois%2BFrance/,
https://www.google.com/maps/search/etablissement+wellness+Troo%2BFrance/,
https://www.google.com/maps/search/etablissement+wellness+Trosly-Breuil%2BFrance/,
https://www.google.com/maps/search/etablissement+wellness+Trosly-Loire%2BFrance/,
https://www.google.com/maps/search/etablissement+wellness+Trouans%2BFrance/,
https://www.google.com/maps/search/etablissement+wellness+Troubat%2BFrance/,
https://www.google.com/maps/search/etablissement+wellness+Trouhans%2BFrance/,
https://www.google.com/maps/search/etablissement+wellness+Trouhaut%2BFrance/,
https://www.google.com/maps/search/etablissement+wellness+Trouillas%2BFrance/,
https://www.google.com/maps/search/etablissement+wellness+Trouley-Labarthe%2BFrance/,
https://www.google.com/maps/search/etablissement+wellness+Troussencourt%2BFrance/,
https://www.google.com/maps/search/etablissement+wellness+Troussey%2BFrance/,
https://www.google.com/maps/search/etablissement+wellness+Troussures%2BFrance/,
https://www.google.com/maps/search/etablissement+wellness+Trouvans%2BFrance/,
https://www.google.com/maps/search/etablissement+wellness+Trouville%2BFrance/,
https://www.google.com/maps/search/etablissement+wellness+Trouville-la-Haule%2BFrance/,
https://www.google.com/maps/search/etablissement+wellness+Trouville-sur-Mer%2BFrance/,
https://www.google.com/maps/search/etablissement+wellness+Trouy%2BFrance/,
https://www.google.com/maps/search/etablissement+wellness+Troye-d'Ariège%2BFrance/,
https://www.google.com/maps/search/etablissement+wellness+Troyes%2BFrance/,
https://www.google.com/maps/search/etablissement+wellness+Troyon%2BFrance/,
https://www.google.com/maps/search/etablissement+wellness+La Truchère%2BFrance/,
https://www.google.com/maps/search/etablissement+wellness+Truchtersheim%2BFrance/,
https://www.google.com/maps/search/etablissement+wellness+Trucy%2BFrance/,
https://www.google.com/maps/search/etablissement+wellness+Trucy-l'Orgueilleux%2BFrance/,
https://www.google.com/maps/search/etablissement+wellness+Trucy-sur-Yonne%2BFrance/,
https://www.google.com/maps/search/etablissement+wellness+Le Truel%2BFrance/,
https://www.google.com/maps/search/etablissement+wellness+Trugny%2BFrance/,
https://www.google.com/maps/search/etablissement+wellness+Truinas%2BFrance/,
https://www.google.com/maps/search/etablissement+wellness+Trumilly%2BFrance/,
https://www.google.com/maps/search/etablissement+wellness+Trun%2BFrance/,
https://www.google.com/maps/search/etablissement+wellness+Trungy%2BFrance/,
https://www.google.com/maps/search/etablissement+wellness+Truyes%2BFrance/,
https://www.google.com/maps/search/etablissement+wellness+Tsingoni%2BFrance/,
https://www.google.com/maps/search/etablissement+wellness+Tubersent%2BFrance/,
https://www.google.com/maps/search/etablissement+wellness+Tuchan%2BFrance/,
https://www.google.com/maps/search/etablissement+wellness+Tucquegnieux%2BFrance/,
https://www.google.com/maps/search/etablissement+wellness+Tudeils%2BFrance/,
https://www.google.com/maps/search/etablissement+wellness+Tudelle%2BFrance/,
https://www.google.com/maps/search/etablissement+wellness+Tuffalun%2BFrance/,
https://www.google.com/maps/search/etablissement+wellness+Tuffé Val de la Chéronne%2BFrance/,
https://www.google.com/maps/search/etablissement+wellness+Tugéras-Saint-Maurice%2BFrance/,
https://www.google.com/maps/search/etablissement+wellness+Tugny-et-Pont%2BFrance/,
https://www.google.com/maps/search/etablissement+wellness+La Tuilière%2BFrance/,
https://www.google.com/maps/search/etablissement+wellness+Tulette%2BFrance/,
https://www.google.com/maps/search/etablissement+wellness+Tulle%2BFrance/,traité (2026-08-22 17:47)
https://www.google.com/maps/search/etablissement+wellness+Tullins%2BFrance/,traité (2026-08-22 17:48)
https://www.google.com/maps/search/etablissement+wellness+Tully%2BFrance/,traité (2026-08-22 17:48)
https://www.google.com/maps/search/etablissement+wellness+Tupigny%2BFrance/,traité (2026-08-22 17:49)
https://www.google.com/maps/search/etablissement+wellness+Tupin-et-Semons%2BFrance/,traité (2026-08-22 17:49)
https://www.google.com/maps/search/etablissement+wellness+La Turballe%2BFrance/,traité (2026-08-22 17:50)
https://www.google.com/maps/search/etablissement+wellness+La Turbie%2BFrance/,traité (2026-08-22 17:50)
https://www.google.com/maps/search/etablissement+wellness+Turcey%2BFrance/,traité (2026-08-22 17:51)
https://www.google.com/maps/search/etablissement+wellness+Turckheim%2BFrance/,traité (2026-08-22 17:53)
https://www.google.com/maps/search/etablissement+wellness+Turenne%2BFrance/,traité (2026-08-22 17:53)
https://www.google.com/maps/search/etablissement+wellness+Turgon%2BFrance/,traité (2026-08-22 17:53)
https://www.google.com/maps/search/etablissement+wellness+Turgy%2BFrance/,traité (2026-08-22 17:53)
https://www.google.com/maps/search/etablissement+wellness+Turny%2BFrance/,traité (2026-08-22 17:53)
https://www.google.com/maps/search/etablissement+wellness+Turquant%2BFrance/,traité (2026-08-22 17:53)
https://www.google.com/maps/search/etablissement+wellness+Turquestein-Blancrupt%2BFrance/,traité (2026-08-22 17:54)
https://www.google.com/maps/search/etablissement+wellness+Turqueville%2BFrance/,traité (2026-08-22 17:54)
https://www.google.com/maps/search/etablissement+wellness+Turretot%2BFrance/,traité (2026-08-22 17:56)
https://www.google.com/maps/search/etablissement+wellness+Turriers%2BFrance/,traité (2026-08-22 17:56)
https://www.google.com/maps/search/etablissement+wellness+Tursac%2BFrance/,traité (2026-08-22 17:56)
https://www.google.com/maps/search/etablissement+wellness+Tusson%2BFrance/,traité (2026-08-22 17:56)
https://www.google.com/maps/search/etablissement+wellness+Tuzaguet%2BFrance/,traité (2026-08-22 17:56)
https://www.google.com/maps/search/etablissement+wellness+Le Tuzan%2BFrance/,traité (2026-08-22 17:57)
https://www.google.com/maps/search/etablissement+wellness+Tuzie%2BFrance/,traité (2026-08-22 17:57)
https://www.google.com/maps/search/etablissement+wellness+Ubaye-Serre-Ponçon%2BFrance/,traité (2026-08-22 17:58)
https://www.google.com/maps/search/etablissement+wellness+Ubexy%2BFrance/,traité (2026-08-22 17:58)
https://www.google.com/maps/search/etablissement+wellness+Ubraye%2BFrance/,traité (2026-08-22 18:00)
https://www.google.com/maps/search/etablissement+wellness+Ucciani%2BFrance/,traité (2026-08-22 18:00)
https://www.google.com/maps/search/etablissement+wellness+Ucel%2BFrance/,traité (2026-08-22 18:00)
https://www.google.com/maps/search/etablissement+wellness+Uchacq-et-Parentis%2BFrance/,traité (2026-08-22 18:00)
https://www.google.com/maps/search/etablissement+wellness+Uchaud%2BFrance/,traité (2026-08-22 18:00)
https://www.google.com/maps/search/etablissement+wellness+Uchaux%2BFrance/,traité (2026-08-22 18:00)
https://www.google.com/maps/search/etablissement+wellness+Uchentein%2BFrance/,traité (2026-08-22 18:01)
https://www.google.com/maps/search/etablissement+wellness+Uchizy%2BFrance/,traité (2026-08-22 18:01)
https://www.google.com/maps/search/etablissement+wellness+Uchon%2BFrance/,traité (2026-08-22 18:03)
https://www.google.com/maps/search/etablissement+wellness+Uckange%2BFrance/,traité (2026-08-22 18:03)
https://www.google.com/maps/search/etablissement+wellness+Ueberstrass%2BFrance/,traité (2026-08-22 18:03)
https://www.google.com/maps/search/etablissement+wellness+Uffheim%2BFrance/,traité (2026-08-22 18:04)
https://www.google.com/maps/search/etablissement+wellness+Uffholtz%2BFrance/,traité (2026-08-22 18:04)
https://www.google.com/maps/search/etablissement+wellness+Ugine%2BFrance/,traité (2026-08-22 18:04)
https://www.google.com/maps/search/etablissement+wellness+Uglas%2BFrance/,traité (2026-08-22 18:04)
https://www.google.com/maps/search/etablissement+wellness+Ugnouas%2BFrance/,traité (2026-08-22 18:05)
https://www.google.com/maps/search/etablissement+wellness+Ugny%2BFrance/,traité (2026-08-22 18:07)
https://www.google.com/maps/search/etablissement+wellness+Ugny-l'Équipée%2BFrance/,traité (2026-08-22 18:07)
https://www.google.com/maps/search/etablissement+wellness+Ugny-le-Gay%2BFrance/,traité (2026-08-22 18:07)
https://www.google.com/maps/search/etablissement+wellness+Ugny-sur-Meuse%2BFrance/,traité (2026-08-22 18:07)
https://www.google.com/maps/search/etablissement+wellness+Uhart-Cize%2BFrance/,traité (2026-08-22 18:07)
https://www.google.com/maps/search/etablissement+wellness+Uhart-Mixe%2BFrance/,traité (2026-08-22 18:07)
https://www.google.com/maps/search/etablissement+wellness+Uhlwiller%2BFrance/,traité (2026-08-22 18:07)
https://www.google.com/maps/search/etablissement+wellness+Uhrwiller%2BFrance/,traité (2026-08-22 18:08)
https://www.google.com/maps/search/etablissement+wellness+Les Ulis%2BFrance/,traité (2026-08-22 18:08)
https://www.google.com/maps/search/etablissement+wellness+Ully-Saint-Georges%2BFrance/,traité (2026-08-22 18:10)
https://www.google.com/maps/search/etablissement+wellness+Les Ulmes%2BFrance/,traité (2026-08-22 18:10)
https://www.google.com/maps/search/etablissement+wellness+Umpeau%2BFrance/,traité (2026-08-22 18:10)
https://www.google.com/maps/search/etablissement+wellness+Unac%2BFrance/,traité (2026-08-22 18:10)
https://www.google.com/maps/search/etablissement+wellness+Uncey-le-Franc%2BFrance/,traité (2026-08-22 18:10)
https://www.google.com/maps/search/etablissement+wellness+Unchair%2BFrance/,traité (2026-08-22 18:11)
https://www.google.com/maps/search/etablissement+wellness+Ungersheim%2BFrance/,traité (2026-08-22 18:11)
https://www.google.com/maps/search/etablissement+wellness+Unias%2BFrance/,traité (2026-08-22 18:12)
https://www.google.com/maps/search/etablissement+wellness+Unienville%2BFrance/,traité (2026-08-22 18:14)
https://www.google.com/maps/search/etablissement+wellness+Unieux%2BFrance/,traité (2026-08-22 18:14)
https://www.google.com/maps/search/etablissement+wellness+L'Union%2BFrance/,traité (2026-08-22 18:14)
https://www.google.com/maps/search/etablissement+wellness+Unverre%2BFrance/,traité (2026-08-22 18:14)
https://www.google.com/maps/search/etablissement+wellness+Unzent%2BFrance/,traité (2026-08-22 18:14)
https://www.google.com/maps/search/etablissement+wellness+Upaix%2BFrance/,traité (2026-08-22 18:14)
https://www.google.com/maps/search/etablissement+wellness+Upie%2BFrance/,traité (2026-08-22 18:15)
https://www.google.com/maps/search/etablissement+wellness+Ur%2BFrance/,traité (2026-08-22 18:15)
https://www.google.com/maps/search/etablissement+wellness+Urau%2BFrance/,traité (2026-08-22 18:18)
https://www.google.com/maps/search/etablissement+wellness+Urbalacone%2BFrance/,traité (2026-08-22 18:18)
https://www.google.com/maps/search/etablissement+wellness+Urbanya%2BFrance/,traité (2026-08-22 18:18)
https://www.google.com/maps/search/etablissement+wellness+Urbeis%2BFrance/,traité (2026-08-22 18:18)
https://www.google.com/maps/search/etablissement+wellness+Urbès%2BFrance/,traité (2026-08-22 18:18)
https://www.google.com/maps/search/etablissement+wellness+Urbise%2BFrance/,traité (2026-08-22 18:18)
https://www.google.com/maps/search/etablissement+wellness+Urçay%2BFrance/,traité (2026-08-22 18:19)
https://www.google.com/maps/search/etablissement+wellness+Urcel%2BFrance/,traité (2026-08-22 18:19)
https://www.google.com/maps/search/etablissement+wellness+Urcerey%2BFrance/,échec (2026-08-22 18:22)
https://www.google.com/maps/search/etablissement+wellness+Urciers%2BFrance/,traité (2026-08-22 18:22)
https://www.google.com/maps/search/etablissement+wellness+Urcuit%2BFrance/,traité (2026-08-22 18:22)
https://www.google.com/maps/search/etablissement+wellness+Urcy%2BFrance/,traité (2026-08-22 18:22)
https://www.google.com/maps/search/etablissement+wellness+Urdens%2BFrance/,traité (2026-08-22 18:22)
https://www.google.com/maps/search/etablissement+wellness+Urdès%2BFrance/,traité (2026-08-22 18:22)
https://www.google.com/maps/search/etablissement+wellness+Urdos%2BFrance/,traité (2026-08-22 18:23)
https://www.google.com/maps/search/etablissement+wellness+Urepel%2BFrance/,traité (2026-08-22 18:23)
https://www.google.com/maps/search/etablissement+wellness+Urgons%2BFrance/,traité (2026-08-22 18:23)
https://www.google.com/maps/search/etablissement+wellness+Urgosse%2BFrance/,traité (2026-08-22 18:26)
https://www.google.com/maps/search/etablissement+wellness+Uriménil%2BFrance/,traité (2026-08-22 18:26)
https://www.google.com/maps/search/etablissement+wellness+Urmatt%2BFrance/,traité (2026-08-22 18:26)
https://www.google.com/maps/search/etablissement+wellness+Urost%2BFrance/,traité (2026-08-22 18:26)
https://www.google.com/maps/search/etablissement+wellness+Urou-et-Crennes%2BFrance/,traité (2026-08-22 18:26)
https://www.google.com/maps/search/etablissement+wellness+Urrugne%2BFrance/,traité (2026-08-22 18:26)
https://www.google.com/maps/search/etablissement+wellness+Urs%2BFrance/,traité (2026-08-22 18:26)
https://www.google.com/maps/search/etablissement+wellness+Urschenheim%2BFrance/,traité (2026-08-22 18:26)
https://www.google.com/maps/search/etablissement+wellness+Urt%2BFrance/,traité (2026-08-22 18:27)
https://www.google.com/maps/search/etablissement+wellness+Urtaca%2BFrance/,traité (2026-08-22 18:29)
https://www.google.com/maps/search/etablissement+wellness+Urtière%2BFrance/,traité (2026-08-22 18:29)
https://www.google.com/maps/search/etablissement+wellness+Uruffe%2BFrance/,traité (2026-08-22 18:29)
https://www.google.com/maps/search/etablissement+wellness+Urval%2BFrance/,traité (2026-08-22 18:29)
https://www.google.com/maps/search/etablissement+wellness+Urville%2BFrance/,traité (2026-08-22 18:31)
https://www.google.com/maps/search/etablissement+wellness+Urville%2BFrance/,traité (2026-08-22 18:31)
https://www.google.com/maps/search/etablissement+wellness+Urville%2BFrance/,traité (2026-08-22 18:31)
https://www.google.com/maps/search/etablissement+wellness+Urville%2BFrance/,traité (2026-08-22 18:31)
https://www.google.com/maps/search/etablissement+wellness+Urville-Nacqueville%2BFrance/,traité (2026-08-22 18:33)
https://www.google.com/maps/search/etablissement+wellness+Urvillers%2BFrance/,traité (2026-08-22 18:33)
https://www.google.com/maps/search/etablissement+wellness+Ury%2BFrance/,traité (2026-08-22 18:33)
https://www.google.com/maps/search/etablissement+wellness+Urzy%2BFrance/,traité (2026-08-22 18:33)
https://www.google.com/maps/search/etablissement+wellness+Us%2BFrance/,traité (2026-08-22 18:33)
https://www.google.com/maps/search/etablissement+wellness+Usclades-et-Rieutord%2BFrance/,traité (2026-08-22 18:34)
https://www.google.com/maps/search/etablissement+wellness+Usclas-d'Hérault%2BFrance/,traité (2026-08-22 18:34)
https://www.google.com/maps/search/etablissement+wellness+Usclas-du-Bosc%2BFrance/,traité (2026-08-22 18:35)
https://www.google.com/maps/search/etablissement+wellness+Usinens%2BFrance/,traité (2026-08-22 18:37)
https://www.google.com/maps/search/etablissement+wellness+Ussac%2BFrance/,traité (2026-08-22 18:37)
https://www.google.com/maps/search/etablissement+wellness+Ussat%2BFrance/,traité (2026-08-22 18:37)
https://www.google.com/maps/search/etablissement+wellness+Usseau%2BFrance/,traité (2026-08-22 18:37)
https://www.google.com/maps/search/etablissement+wellness+Usseau%2BFrance/,traité (2026-08-22 18:37)
https://www.google.com/maps/search/etablissement+wellness+Ussel%2BFrance/,traité (2026-08-22 18:39)
https://www.google.com/maps/search/etablissement+wellness+Ussel%2BFrance/,traité (2026-08-22 18:39)
https://www.google.com/maps/search/etablissement+wellness+Ussel%2BFrance/,traité (2026-08-22 18:39)
https://www.google.com/maps/search/etablissement+wellness+Ussel-d'Allier%2BFrance/,traité (2026-08-22 18:41)
https://www.google.com/maps/search/etablissement+wellness+Usson%2BFrance/,traité (2026-08-22 18:41)
https://www.google.com/maps/search/etablissement+wellness+Usson-du-Poitou%2BFrance/,traité (2026-08-22 18:41)
https://www.google.com/maps/search/etablissement+wellness+Usson-en-Forez%2BFrance/,traité (2026-08-22 18:41)
https://www.google.com/maps/search/etablissement+wellness+Ussy%2BFrance/,traité (2026-08-22 18:41)
https://www.google.com/maps/search/etablissement+wellness+Ussy-sur-Marne%2BFrance/,traité (2026-08-22 18:42)
https://www.google.com/maps/search/etablissement+wellness+Ustaritz%2BFrance/,traité (2026-08-22 18:42)
https://www.google.com/maps/search/etablissement+wellness+Ustou%2BFrance/,traité (2026-08-22 18:43)
https://www.google.com/maps/search/etablissement+wellness+Utelle%2BFrance/,traité (2026-08-22 18:43)
https://www.google.com/maps/search/etablissement+wellness+Uttenheim%2BFrance/,traité (2026-08-22 18:45)
https://www.google.com/maps/search/etablissement+wellness+Uttenhoffen%2BFrance/,traité (2026-08-22 18:45)
https://www.google.com/maps/search/etablissement+wellness+Uttwiller%2BFrance/,traité (2026-08-22 18:45)
https://www.google.com/maps/search/etablissement+wellness+Uvernet-Fours%2BFrance/,traité (2026-08-22 18:45)
https://www.google.com/maps/search/etablissement+wellness+Uxeau%2BFrance/,traité (2026-08-22 18:45)
https://www.google.com/maps/search/etablissement+wellness+Uxegney%2BFrance/,traité (2026-08-22 18:46)
https://www.google.com/maps/search/etablissement+wellness+Uxelles%2BFrance/,traité (2026-08-22 18:46)
https://www.google.com/maps/search/etablissement+wellness+Uxem%2BFrance/,traité (2026-08-22 18:47)
https://www.google.com/maps/search/etablissement+wellness+Uz%2BFrance/,traité (2026-08-22 18:49)
https://www.google.com/maps/search/etablissement+wellness+Uza%2BFrance/,traité (2026-08-22 18:49)
https://www.google.com/maps/search/etablissement+wellness+Uzan%2BFrance/,traité (2026-08-22 18:49)
https://www.google.com/maps/search/etablissement+wellness+Uzay-le-Venon%2BFrance/,traité (2026-08-22 18:49)
https://www.google.com/maps/search/etablissement+wellness+Uzech%2BFrance/,traité (2026-08-22 18:49)
https://www.google.com/maps/search/etablissement+wellness+Uzein%2BFrance/,traité (2026-08-22 18:49)
https://www.google.com/maps/search/etablissement+wellness+Uzel%2BFrance/,traité (2026-08-22 18:49)
https://www.google.com/maps/search/etablissement+wellness+Uzelle%2BFrance/,traité (2026-08-22 18:50)
https://www.google.com/maps/search/etablissement+wellness+Uzemain%2BFrance/,traité (2026-08-22 18:51)
https://www.google.com/maps/search/etablissement+wellness+Uzer%2BFrance/,traité (2026-08-22 18:53)
https://www.google.com/maps/search/etablissement+wellness+Uzer%2BFrance/,traité (2026-08-22 18:53)
https://www.google.com/maps/search/etablissement+wellness+Uzerche%2BFrance/,traité (2026-08-22 18:53)
https://www.google.com/maps/search/etablissement+wellness+Uzès%2BFrance/,traité (2026-08-22 18:53)
https://www.google.com/maps/search/etablissement+wellness+Uzeste%2BFrance/,traité (2026-08-22 18:53)
https://www.google.com/maps/search/etablissement+wellness+Uzos%2BFrance/,traité (2026-08-22 18:53)
https://www.google.com/maps/search/etablissement+wellness+Vaas%2BFrance/,traité (2026-08-22 18:54)
https://www.google.com/maps/search/etablissement+wellness+Vabre%2BFrance/,traité (2026-08-22 18:54)
https://www.google.com/maps/search/etablissement+wellness+Vabres%2BFrance/,traité (2026-08-22 18:56)
https://www.google.com/maps/search/etablissement+wellness+Vabres%2BFrance/,traité (2026-08-22 18:56)
https://www.google.com/maps/search/etablissement+wellness+Vabres-l'Abbaye%2BFrance/,traité (2026-08-22 18:56)
https://www.google.com/maps/search/etablissement+wellness+Vacherauville%2BFrance/,traité (2026-08-22 18:56)
https://www.google.com/maps/search/etablissement+wellness+Vachères%2BFrance/,traité (2026-08-22 18:56)
https://www.google.com/maps/search/etablissement+wellness+Vachères-en-Quint%2BFrance/,traité (2026-08-22 18:57)
https://www.google.com/maps/search/etablissement+wellness+Vacheresse%2BFrance/,traité (2026-08-22 18:57)
https://www.google.com/maps/search/etablissement+wellness+La Vacheresse-et-la-Rouillie%2BFrance/,traité (2026-08-22 18:58)
https://www.google.com/maps/search/etablissement+wellness+La Vacherie%2BFrance/,traité (2026-08-22 19:00)
https://www.google.com/maps/search/etablissement+wellness+Vacognes-Neuilly%2BFrance/,traité (2026-08-22 19:00)
https://www.google.com/maps/search/etablissement+wellness+La Vacquerie%2BFrance/,traité (2026-08-22 19:00)
https://www.google.com/maps/search/etablissement+wellness+La Vacquerie-et-Saint-Martin-de-Castries%2BFrance/,traité (2026-08-22 19:00)
https://www.google.com/maps/search/etablissement+wellness+Vacquerie-le-Boucq%2BFrance/,traité (2026-08-22 19:00)
https://www.google.com/maps/search/etablissement+wellness+Vacqueriette-Erquières%2BFrance/,traité (2026-08-22 19:01)
https://www.google.com/maps/search/etablissement+wellness+Vacqueville%2BFrance/,traité (2026-08-22 19:02)
https://www.google.com/maps/search/etablissement+wellness+Vacqueyras%2BFrance/,traité (2026-08-22 19:02)
https://www.google.com/maps/search/etablissement+wellness+Vacquières%2BFrance/,traité (2026-08-22 19:04)
https://www.google.com/maps/search/etablissement+wellness+Vacquiers%2BFrance/,traité (2026-08-22 19:04)
https://www.google.com/maps/search/etablissement+wellness+Vadans%2BFrance/,traité (2026-08-22 19:04)
https://www.google.com/maps/search/etablissement+wellness+Vadans%2BFrance/,traité (2026-08-22 19:04)
https://www.google.com/maps/search/etablissement+wellness+Vadelaincourt%2BFrance/,traité (2026-08-22 19:05)
https://www.google.com/maps/search/etablissement+wellness+Vadenay%2BFrance/,échec (2026-08-22 19:05)
https://www.google.com/maps/search/etablissement+wellness+Vadencourt%2BFrance/,traité (2026-08-22 19:06)
https://www.google.com/maps/search/etablissement+wellness+Vadencourt%2BFrance/,traité (2026-08-22 19:06)
https://www.google.com/maps/search/etablissement+wellness+Vadonville%2BFrance/,traité (2026-08-22 19:07)
https://www.google.com/maps/search/etablissement+wellness+Vagnas%2BFrance/,traité (2026-08-22 19:09)
https://www.google.com/maps/search/etablissement+wellness+Vagney%2BFrance/,traité (2026-08-22 19:09)
https://www.google.com/maps/search/etablissement+wellness+Vahl-Ebersing%2BFrance/,traité (2026-08-22 19:09)
https://www.google.com/maps/search/etablissement+wellness+Vahl-lès-Bénestroff%2BFrance/,traité (2026-08-22 19:09)
https://www.google.com/maps/search/etablissement+wellness+Vahl-lès-Faulquemont%2BFrance/,échec (2026-08-22 19:09)
https://www.google.com/maps/search/etablissement+wellness+Vaiges%2BFrance/,traité (2026-08-22 19:10)
https://www.google.com/maps/search/etablissement+wellness+Vailhan%2BFrance/,traité (2026-08-22 19:10)
https://www.google.com/maps/search/etablissement+wellness+Vailhauquès%2BFrance/,traité (2026-08-22 19:11)
https://www.google.com/maps/search/etablissement+wellness+Vailhourles%2BFrance/,traité (2026-08-22 19:13)
https://www.google.com/maps/search/etablissement+wellness+Vaillant%2BFrance/,traité (2026-08-22 19:13)
https://www.google.com/maps/search/etablissement+wellness+Vailly%2BFrance/,traité (2026-08-22 19:13)
https://www.google.com/maps/search/etablissement+wellness+Vailly%2BFrance/,traité (2026-08-22 19:13)
https://www.google.com/maps/search/etablissement+wellness+Vailly-sur-Aisne%2BFrance/,traité (2026-08-22 19:13)
https://www.google.com/maps/search/etablissement+wellness+Vailly-sur-Sauldre%2BFrance/,traité (2026-08-22 19:13)
https://www.google.com/maps/search/etablissement+wellness+Vains%2BFrance/,traité (2026-08-22 19:14)
https://www.google.com/maps/search/etablissement+wellness+Vair-sur-Loire%2BFrance/,traité (2026-08-22 19:14)
https://www.google.com/maps/search/etablissement+wellness+Vaire%2BFrance/,traité (2026-08-22 19:16)
https://www.google.com/maps/search/etablissement+wellness+Vairé%2BFrance/,traité (2026-08-22 19:16)
https://www.google.com/maps/search/etablissement+wellness+Vaire-le-Petit%2BFrance/,traité (2026-08-22 19:16)
https://www.google.com/maps/search/etablissement+wellness+Vaire-sous-Corbie%2BFrance/,traité (2026-08-22 19:16)
https://www.google.com/maps/search/etablissement+wellness+Vaires-sur-Marne%2BFrance/,traité (2026-08-22 19:16)
https://www.google.com/maps/search/etablissement+wellness+Vaison-la-Romaine%2BFrance/,traité (2026-08-22 19:17)
https://www.google.com/maps/search/etablissement+wellness+Vaïssac%2BFrance/,
https://www.google.com/maps/search/etablissement+wellness+Vaite%2BFrance/,
https://www.google.com/maps/search/etablissement+wellness+La Vaivre%2BFrance/,
https://www.google.com/maps/search/etablissement+wellness+Vaivre-et-Montoille%2BFrance/,
https://www.google.com/maps/search/etablissement+wellness+Le Val%2BFrance/,
https://www.google.com/maps/search/etablissement+wellness+Le Val%2BFrance/,
https://www.google.com/maps/search/etablissement+wellness+Val Buëch-Méouge%2BFrance/,
https://www.google.com/maps/search/etablissement+wellness+Val d'Anast%2BFrance/,
https://www.google.com/maps/search/etablissement+wellness+Val d'Arcomie%2BFrance/,
https://www.google.com/maps/search/etablissement+wellness+Val d'Arry%2BFrance/,
https://www.google.com/maps/search/etablissement+wellness+Val d'Erdre-Auxence%2BFrance/,
https://www.google.com/maps/search/etablissement+wellness+Le Val d'Hazey%2BFrance/,
https://www.google.com/maps/search/etablissement+wellness+Val d'Issoire%2BFrance/,
https://www.google.com/maps/search/etablissement+wellness+Le Val d'Ocre%2BFrance/,
https://www.google.com/maps/search/etablissement+wellness+Val d'Oingt%2BFrance/,
https://www.google.com/maps/search/etablissement+wellness+Val d'Orger%2BFrance/,
https://www.google.com/maps/search/etablissement+wellness+Val d'Oronaye%2BFrance/,
https://www.google.com/maps/search/etablissement+wellness+Val d'Oust%2BFrance/,
https://www.google.com/maps/search/etablissement+wellness+Val de Briey%2BFrance/,
https://www.google.com/maps/search/etablissement+wellness+Val de Chaise%2BFrance/,
https://www.google.com/maps/search/etablissement+wellness+Val de Drôme%2BFrance/,
https://www.google.com/maps/search/etablissement+wellness+Val de Lambronne%2BFrance/,
https://www.google.com/maps/search/etablissement+wellness+Val de Livre%2BFrance/,
https://www.google.com/maps/search/etablissement+wellness+Val de Louyre et Caudeau%2BFrance/,
https://www.google.com/maps/search/etablissement+wellness+Val de Moder%2BFrance/,
https://www.google.com/maps/search/etablissement+wellness+Val de Virvée%2BFrance/,
https://www.google.com/maps/search/etablissement+wellness+Val des Vignes%2BFrance/,
https://www.google.com/maps/search/etablissement+wellness+Val en Vignes%2BFrance/,
https://www.google.com/maps/search/etablissement+wellness+Val Suran%2BFrance/,
https://www.google.com/maps/search/etablissement+wellness+Val-au-Perche%2BFrance/,
https://www.google.com/maps/search/etablissement+wellness+Val-Cenis%2BFrance/,
https://www.google.com/maps/search/etablissement+wellness+Le Val-d'Ajol%2BFrance/,
https://www.google.com/maps/search/etablissement+wellness+Val-d'Auzon%2BFrance/,
https://www.google.com/maps/search/etablissement+wellness+Val-d'Épy%2BFrance/,
https://www.google.com/maps/search/etablissement+wellness+Le Val-d'Esnoms%2BFrance/,
https://www.google.com/maps/search/etablissement+wellness+Val-d'Isère%2BFrance/,
https://www.google.com/maps/search/etablissement+wellness+Val-d'Izé%2BFrance/,
https://www.google.com/maps/search/etablissement+wellness+Val-d'Ornain%2BFrance/,
https://www.google.com/maps/search/etablissement+wellness+Le Val-David%2BFrance/,
https://www.google.com/maps/search/etablissement+wellness+Val-de-Bonnieure%2BFrance/,
https://www.google.com/maps/search/etablissement+wellness+Val-de-Bride%2BFrance/,
https://www.google.com/maps/search/etablissement+wellness+Val-de-Chalvagne%2BFrance/,
https://www.google.com/maps/search/etablissement+wellness+Val-de-Fier%2BFrance/,
https://www.google.com/maps/search/etablissement+wellness+Le Val-de-Gouhenans%2BFrance/,
https://www.google.com/maps/search/etablissement+wellness+Le Val-de-Guéblange%2BFrance/,
https://www.google.com/maps/search/etablissement+wellness+Val-de-la-Haye%2BFrance/,
https://www.google.com/maps/search/etablissement+wellness+Val-de-Mercy%2BFrance/,
https://www.google.com/maps/search/etablissement+wellness+Val-de-Meuse%2BFrance/,
https://www.google.com/maps/search/etablissement+wellness+Val-de-Reuil%2BFrance/,
https://www.google.com/maps/search/etablissement+wellness+Val-de-Roulans%2BFrance/,
https://www.google.com/maps/search/etablissement+wellness+Val-de-Saâne%2BFrance/,
https://www.google.com/maps/search/etablissement+wellness+Val-de-Vesle%2BFrance/,
https://www.google.com/maps/search/etablissement+wellness+Val-de-Vie%2BFrance/,
https://www.google.com/maps/search/etablissement+wellness+Val-de-Vière%2BFrance/,
https://www.google.com/maps/search/etablissement+wellness+Val-des-Marais%2BFrance/,
https://www.google.com/maps/search/etablissement+wellness+Val-des-Prés%2BFrance/,
https://www.google.com/maps/search/etablissement+wellness+Le Val-Doré%2BFrance/,
https://www.google.com/maps/search/etablissement+wellness+Val-du-Layon%2BFrance/,
https://www.google.com/maps/search/etablissement+wellness+Val-du-Maine%2BFrance/,
https://www.google.com/maps/search/etablissement+wellness+Val-et-Châtillon%2BFrance/,
https://www.google.com/maps/search/etablissement+wellness+Val-Fouzon%2BFrance/,
https://www.google.com/maps/search/etablissement+wellness+Val-Maravel%2BFrance/,
https://www.google.com/maps/search/etablissement+wellness+Val-Mont%2BFrance/,
https://www.google.com/maps/search/etablissement+wellness+Val-Revermont%2BFrance/,
https://www.google.com/maps/search/etablissement+wellness+Le Val-Saint-Éloi%2BFrance/,
https://www.google.com/maps/search/etablissement+wellness+Le Val-Saint-Germain%2BFrance/,
https://www.google.com/maps/search/etablissement+wellness+Le Val-Saint-Père%2BFrance/,
https://www.google.com/maps/search/etablissement+wellness+Val-Sonnette%2BFrance/,
https://www.google.com/maps/search/etablissement+wellness+Val-Suzon%2BFrance/,
https://www.google.com/maps/search/etablissement+wellness+Valady%2BFrance/,
https://www.google.com/maps/search/etablissement+wellness+Valailles%2BFrance/,
https://www.google.com/maps/search/etablissement+wellness+Valaire%2BFrance/,
https://www.google.com/maps/search/etablissement+wellness+Valambray%2BFrance/,
https://www.google.com/maps/search/etablissement+wellness+Valaurie%2BFrance/,
https://www.google.com/maps/search/etablissement+wellness+Valavoire%2BFrance/,
https://www.google.com/maps/search/etablissement+wellness+Valay%2BFrance/,
https://www.google.com/maps/search/etablissement+wellness+Valbeleix%2BFrance/,
https://www.google.com/maps/search/etablissement+wellness+Valbelle%2BFrance/,
https://www.google.com/maps/search/etablissement+wellness+Valbois%2BFrance/,
https://www.google.com/maps/search/etablissement+wellness+Valbonnais%2BFrance/,
https://www.google.com/maps/search/etablissement+wellness+Valbonne%2BFrance/,
https://www.google.com/maps/search/etablissement+wellness+Valcabrère%2BFrance/,
https://www.google.com/maps/search/etablissement+wellness+Valcanville%2BFrance/,
https://www.google.com/maps/search/etablissement+wellness+Valcebollère%2BFrance/,
https://www.google.com/maps/search/etablissement+wellness+Valcivières%2BFrance/,
https://www.google.com/maps/search/etablissement+wellness+Valcourt%2BFrance/,
https://www.google.com/maps/search/etablissement+wellness+Valdahon%2BFrance/,
https://www.google.com/maps/search/etablissement+wellness+Valdallière%2BFrance/,
https://www.google.com/maps/search/etablissement+wellness+Valdampierre%2BFrance/,
https://www.google.com/maps/search/etablissement+wellness+Valdeblore%2BFrance/,
https://www.google.com/maps/search/etablissement+wellness+Valderiès%2BFrance/,
https://www.google.com/maps/search/etablissement+wellness+Valderoure%2BFrance/,
https://www.google.com/maps/search/etablissement+wellness+Valdieu-Lutran%2BFrance/,
https://www.google.com/maps/search/etablissement+wellness+Valdivienne%2BFrance/,
https://www.google.com/maps/search/etablissement+wellness+Valdoie%2BFrance/,
https://www.google.com/maps/search/etablissement+wellness+Valdoule%2BFrance/,
https://www.google.com/maps/search/etablissement+wellness+Valdrôme%2BFrance/,
https://www.google.com/maps/search/etablissement+wellness+Valdurenque%2BFrance/,
https://www.google.com/maps/search/etablissement+wellness+Valeille%2BFrance/,
https://www.google.com/maps/search/etablissement+wellness+Valeilles%2BFrance/,
https://www.google.com/maps/search/etablissement+wellness+Valeins%2BFrance/,
https://www.google.com/maps/search/etablissement+wellness+Valempoulières%2BFrance/,
https://www.google.com/maps/search/etablissement+wellness+Valençay%2BFrance/,
https://www.google.com/maps/search/etablissement+wellness+Valence%2BFrance/,
https://www.google.com/maps/search/etablissement+wellness+Valence%2BFrance/,
https://www.google.com/maps/search/etablissement+wellness+Valence%2BFrance/,
https://www.google.com/maps/search/etablissement+wellness+Valence-d'Albigeois%2BFrance/,
https://www.google.com/maps/search/etablissement+wellness+Valence-en-Brie%2BFrance/,
https://www.google.com/maps/search/etablissement+wellness+Valence-sur-Baïse%2BFrance/,
https://www.google.com/maps/search/etablissement+wellness+Valenciennes%2BFrance/,
https://www.google.com/maps/search/etablissement+wellness+Valencin%2BFrance/,
https://www.google.com/maps/search/etablissement+wellness+Valencisse%2BFrance/,
https://www.google.com/maps/search/etablissement+wellness+Valencogne%2BFrance/,
https://www.google.com/maps/search/etablissement+wellness+Valennes%2BFrance/,
https://www.google.com/maps/search/etablissement+wellness+Valensole%2BFrance/,
https://www.google.com/maps/search/etablissement+wellness+Valentigney%2BFrance/,
https://www.google.com/maps/search/etablissement+wellness+Valentine%2BFrance/,
https://www.google.com/maps/search/etablissement+wellness+Valenton%2BFrance/,
https://www.google.com/maps/search/etablissement+wellness+Valergues%2BFrance/,
https://www.google.com/maps/search/etablissement+wellness+Valernes%2BFrance/,
https://www.google.com/maps/search/etablissement+wellness+Valescourt%2BFrance/,
https://www.google.com/maps/search/etablissement+wellness+Valette%2BFrance/,
https://www.google.com/maps/search/etablissement+wellness+La Valette%2BFrance/,
https://www.google.com/maps/search/etablissement+wellness+La Valette-du-Var%2BFrance/,
https://www.google.com/maps/search/etablissement+wellness+Valeuil%2BFrance/,
https://www.google.com/maps/search/etablissement+wellness+Valeyrac%2BFrance/,
https://www.google.com/maps/search/etablissement+wellness+Valff%2BFrance/,
https://www.google.com/maps/search/etablissement+wellness+Valfin-sur-Valouse%2BFrance/,
https://www.google.com/maps/search/etablissement+wellness+Valflaunès%2BFrance/,
https://www.google.com/maps/search/etablissement+wellness+Valfleury%2BFrance/,
https://www.google.com/maps/search/etablissement+wellness+Valframbert%2BFrance/,
https://www.google.com/maps/search/etablissement+wellness+Valfroicourt%2BFrance/,
https://www.google.com/maps/search/etablissement+wellness+Valgorge%2BFrance/,
https://www.google.com/maps/search/etablissement+wellness+Valhey%2BFrance/,
https://www.google.com/maps/search/etablissement+wellness+Valhuon%2BFrance/,
https://www.google.com/maps/search/etablissement+wellness+Valiergues%2BFrance/,
https://www.google.com/maps/search/etablissement+wellness+Valignat%2BFrance/,
https://www.google.com/maps/search/etablissement+wellness+Valigny%2BFrance/,
https://www.google.com/maps/search/etablissement+wellness+Valines%2BFrance/,
https://www.google.com/maps/search/etablissement+wellness+Valjouffrey%2BFrance/,
https://www.google.com/maps/search/etablissement+wellness+Valjouze%2BFrance/,
https://www.google.com/maps/search/etablissement+wellness+La Valla-en-Gier%2BFrance/,
https://www.google.com/maps/search/etablissement+wellness+La Valla-sur-Rochefort%2BFrance/,
https://www.google.com/maps/search/etablissement+wellness+Vallabrègues%2BFrance/,
https://www.google.com/maps/search/etablissement+wellness+Vallabrix%2BFrance/,
https://www.google.com/maps/search/etablissement+wellness+Vallan%2BFrance/,
https://www.google.com/maps/search/etablissement+wellness+Vallangoujard%2BFrance/,
https://www.google.com/maps/search/etablissement+wellness+Vallans%2BFrance/,
https://www.google.com/maps/search/etablissement+wellness+Vallant-Saint-Georges%2BFrance/,
https://www.google.com/maps/search/etablissement+wellness+Vallauris%2BFrance/,
https://www.google.com/maps/search/etablissement+wellness+Valle-d'Alesani%2BFrance/,
https://www.google.com/maps/search/etablissement+wellness+Valle-d'Orezza%2BFrance/,
https://www.google.com/maps/search/etablissement+wellness+Valle-di-Campoloro%2BFrance/,
https://www.google.com/maps/search/etablissement+wellness+Valle-di-Mezzana%2BFrance/,
https://www.google.com/maps/search/etablissement+wellness+Valle-di-Rostino%2BFrance/,
https://www.google.com/maps/search/etablissement+wellness+Vallecalle%2BFrance/,
https://www.google.com/maps/search/etablissement+wellness+La Vallée%2BFrance/,
https://www.google.com/maps/search/etablissement+wellness+La Vallée-au-Blé%2BFrance/,
https://www.google.com/maps/search/etablissement+wellness+La Vallée-Mulâtre%2BFrance/,
https://www.google.com/maps/search/etablissement+wellness+Les Vallées de la Vanne%2BFrance/,
https://www.google.com/maps/search/etablissement+wellness+Vallées en Champagne%2BFrance/,
https://www.google.com/maps/search/etablissement+wellness+Vallègue%2BFrance/,
https://www.google.com/maps/search/etablissement+wellness+Valleiry%2BFrance/,
https://www.google.com/maps/search/etablissement+wellness+Vallenay%2BFrance/,
https://www.google.com/maps/search/etablissement+wellness+Vallentigny%2BFrance/,
https://www.google.com/maps/search/etablissement+wellness+Vallerange%2BFrance/,
https://www.google.com/maps/search/etablissement+wellness+Vallérargues%2BFrance/,
https://www.google.com/maps/search/etablissement+wellness+Valleraugue%2BFrance/,
https://www.google.com/maps/search/etablissement+wellness+Vallères%2BFrance/,
https://www.google.com/maps/search/etablissement+wellness+Valleret%2BFrance/,
https://www.google.com/maps/search/etablissement+wellness+Vallereuil%2BFrance/,
https://www.google.com/maps/search/etablissement+wellness+Vallerois-le-Bois%2BFrance/,
https://www.google.com/maps/search/etablissement+wellness+Vallerois-Lorioz%2BFrance/,
https://www.google.com/maps/search/etablissement+wellness+Valleroy%2BFrance/,
https://www.google.com/maps/search/etablissement+wellness+Valleroy%2BFrance/,
https://www.google.com/maps/search/etablissement+wellness+Valleroy%2BFrance/,
https://www.google.com/maps/search/etablissement+wellness+Valleroy-aux-Saules%2BFrance/,
https://www.google.com/maps/search/etablissement+wellness+Valleroy-le-Sec%2BFrance/,
https://www.google.com/maps/search/etablissement+wellness+Vallery%2BFrance/,
https://www.google.com/maps/search/etablissement+wellness+Vallesvilles%2BFrance/,
https://www.google.com/maps/search/etablissement+wellness+Vallet%2BFrance/,
https://www.google.com/maps/search/etablissement+wellness+Valletot%2BFrance/,
https://www.google.com/maps/search/etablissement+wellness+Vallica%2BFrance/,
https://www.google.com/maps/search/etablissement+wellness+Vallière%2BFrance/,
https://www.google.com/maps/search/etablissement+wellness+Vallières%2BFrance/,
https://www.google.com/maps/search/etablissement+wellness+Vallières%2BFrance/,
https://www.google.com/maps/search/etablissement+wellness+Vallières-les-Grandes%2BFrance/,
https://www.google.com/maps/search/etablissement+wellness+Valliguières%2BFrance/,
https://www.google.com/maps/search/etablissement+wellness+Valliquerville%2BFrance/,
https://www.google.com/maps/search/etablissement+wellness+Valloire%2BFrance/,
https://www.google.com/maps/search/etablissement+wellness+Valloire-sur-Cisse%2BFrance/,
https://www.google.com/maps/search/etablissement+wellness+Vallois%2BFrance/,
https://www.google.com/maps/search/etablissement+wellness+Les Vallois%2BFrance/,
https://www.google.com/maps/search/etablissement+wellness+Vallon-en-Sully%2BFrance/,
https://www.google.com/maps/search/etablissement+wellness+Vallon-Pont-d'Arc%2BFrance/,
https://www.google.com/maps/search/etablissement+wellness+Vallon-sur-Gée%2BFrance/,
https://www.google.com/maps/search/etablissement+wellness+Vallons-de-l'Erdre%2BFrance/,
https://www.google.com/maps/search/etablissement+wellness+Vallorcine%2BFrance/,
https://www.google.com/maps/search/etablissement+wellness+Vallouise%2BFrance/,
https://www.google.com/maps/search/etablissement+wellness+Vallouise-Pelvoux%2BFrance/,
https://www.google.com/maps/search/etablissement+wellness+Valmanya%2BFrance/,
https://www.google.com/maps/search/etablissement+wellness+Valmascle%2BFrance/,
https://www.google.com/maps/search/etablissement+wellness+Valmeinier%2BFrance/,
https://www.google.com/maps/search/etablissement+wellness+Valmestroff%2BFrance/,
https://www.google.com/maps/search/etablissement+wellness+Valmigère%2BFrance/,
https://www.google.com/maps/search/etablissement+wellness+Valmondois%2BFrance/,
https://www.google.com/maps/search/etablissement+wellness+Valmont%2BFrance/,
https://www.google.com/maps/search/etablissement+wellness+Valmont%2BFrance/,
https://www.google.com/maps/search/etablissement+wellness+Valmunster%2BFrance/,
https://www.google.com/maps/search/etablissement+wellness+Valmy%2BFrance/,
https://www.google.com/maps/search/etablissement+wellness+Valognes%2BFrance/,
https://www.google.com/maps/search/etablissement+wellness+Valojoulx%2BFrance/,
https://www.google.com/maps/search/etablissement+wellness+Valonne%2BFrance/,
https://www.google.com/maps/search/etablissement+wellness+Valorbiquet%2BFrance/,
https://www.google.com/maps/search/etablissement+wellness+Valoreille%2BFrance/,
https://www.google.com/maps/search/etablissement+wellness+Valouse%2BFrance/,
https://www.google.com/maps/search/etablissement+wellness+Valprivas%2BFrance/,
https://www.google.com/maps/search/etablissement+wellness+Valpuiseaux%2BFrance/,
https://www.google.com/maps/search/etablissement+wellness+Valras-Plage%2BFrance/,
https://www.google.com/maps/search/etablissement+wellness+Valravillon%2BFrance/,
https://www.google.com/maps/search/etablissement+wellness+Valréas%2BFrance/,
https://www.google.com/maps/search/etablissement+wellness+Valros%2BFrance/,
https://www.google.com/maps/search/etablissement+wellness+Valroufié%2BFrance/,
https://www.google.com/maps/search/etablissement+wellness+Vals%2BFrance/,
https://www.google.com/maps/search/etablissement+wellness+Vals-des-Tilles%2BFrance/,
https://www.google.com/maps/search/etablissement+wellness+Vals-le-Chastel%2BFrance/,
https://www.google.com/maps/search/etablissement+wellness+Vals-les-Bains%2BFrance/,
https://www.google.com/maps/search/etablissement+wellness+Vals-près-le-Puy%2BFrance/,
https://www.google.com/maps/search/etablissement+wellness+Valsemé%2BFrance/,
https://www.google.com/maps/search/etablissement+wellness+Valserres%2BFrance/,
https://www.google.com/maps/search/etablissement+wellness+Valsonne%2BFrance/,
https://www.google.com/maps/search/etablissement+wellness+Le Valtin%2BFrance/,
https://www.google.com/maps/search/etablissement+wellness+Valuéjols%2BFrance/,
https://www.google.com/maps/search/etablissement+wellness+Valvignères%2BFrance/,
https://www.google.com/maps/search/etablissement+wellness+Valz-sous-Châteauneuf%2BFrance/,
https://www.google.com/maps/search/etablissement+wellness+Valzergues%2BFrance/,
https://www.google.com/maps/search/etablissement+wellness+Valzin en Petite Montagne%2BFrance/,
https://www.google.com/maps/search/etablissement+wellness+Vanault-le-Châtel%2BFrance/,
https://www.google.com/maps/search/etablissement+wellness+Vanault-les-Dames%2BFrance/,
https://www.google.com/maps/search/etablissement+wellness+Vançais%2BFrance/,
https://www.google.com/maps/search/etablissement+wellness+Vancé%2BFrance/,
https://www.google.com/maps/search/etablissement+wellness+La Vancelle%2BFrance/,
https://www.google.com/maps/search/etablissement+wellness+Vandeins%2BFrance/,
https://www.google.com/maps/search/etablissement+wellness+Vandelainville%2BFrance/,
https://www.google.com/maps/search/etablissement+wellness+Vandelans%2BFrance/,
https://www.google.com/maps/search/etablissement+wellness+Vandeléville%2BFrance/,
https://www.google.com/maps/search/etablissement+wellness+Vandélicourt%2BFrance/,
https://www.google.com/maps/search/etablissement+wellness+Vandenesse%2BFrance/,
https://www.google.com/maps/search/etablissement+wellness+Vandenesse-en-Auxois%2BFrance/,
https://www.google.com/maps/search/etablissement+wellness+Vandeuil%2BFrance/,
https://www.google.com/maps/search/etablissement+wellness+Vandières%2BFrance/,
https://www.google.com/maps/search/etablissement+wellness+Vandières%2BFrance/,
https://www.google.com/maps/search/etablissement+wellness+Vandœuvre-lès-Nancy%2BFrance/,
https://www.google.com/maps/search/etablissement+wellness+Vandoncourt%2BFrance/,
https://www.google.com/maps/search/etablissement+wellness+Vandrimare%2BFrance/,
https://www.google.com/maps/search/etablissement+wellness+Vandy%2BFrance/,
https://www.google.com/maps/search/etablissement+wellness+Vanlay%2BFrance/,
https://www.google.com/maps/search/etablissement+wellness+Vannaire%2BFrance/,
https://www.google.com/maps/search/etablissement+wellness+Vanne%2BFrance/,
https://www.google.com/maps/search/etablissement+wellness+Le Vanneau-Irleau%2BFrance/,
https://www.google.com/maps/search/etablissement+wellness+Vannecourt%2BFrance/,
https://www.google.com/maps/search/etablissement+wellness+Vannecrocq%2BFrance/,
https://www.google.com/maps/search/etablissement+wellness+Vannes%2BFrance/,
https://www.google.com/maps/search/etablissement+wellness+Vannes-le-Châtel%2BFrance/,
https://www.google.com/maps/search/etablissement+wellness+Vannes-sur-Cosson%2BFrance/,
https://www.google.com/maps/search/etablissement+wellness+Vannoz%2BFrance/,
https://www.google.com/maps/search/etablissement+wellness+Vanosc%2BFrance/,
https://www.google.com/maps/search/etablissement+wellness+Les Vans%2BFrance/,
https://www.google.com/maps/search/etablissement+wellness+Vantoux%2BFrance/,
https://www.google.com/maps/search/etablissement+wellness+Vantoux-et-Longevelle%2BFrance/,
https://www.google.com/maps/search/etablissement+wellness+Vanves%2BFrance/,
https://www.google.com/maps/search/etablissement+wellness+Vanvey%2BFrance/,
https://www.google.com/maps/search/etablissement+wellness+Vanvillé%2BFrance/,
https://www.google.com/maps/search/etablissement+wellness+Vanxains%2BFrance/,
https://www.google.com/maps/search/etablissement+wellness+Vany%2BFrance/,
https://www.google.com/maps/search/etablissement+wellness+Vanzac%2BFrance/,
https://www.google.com/maps/search/etablissement+wellness+Vanzay%2BFrance/,
https://www.google.com/maps/search/etablissement+wellness+Vanzy%2BFrance/,
https://www.google.com/maps/search/etablissement+wellness+Vaour%2BFrance/,
https://www.google.com/maps/search/etablissement+wellness+Varacieux%2BFrance/,
https://www.google.com/maps/search/etablissement+wellness+Varages%2BFrance/,
https://www.google.com/maps/search/etablissement+wellness+Varaignes%2BFrance/,
https://www.google.com/maps/search/etablissement+wellness+Varaire%2BFrance/,
https://www.google.com/maps/search/etablissement+wellness+Varaize%2BFrance/,
https://www.google.com/maps/search/etablissement+wellness+Varambon%2BFrance/,
https://www.google.com/maps/search/etablissement+wellness+Varanges%2BFrance/,
https://www.google.com/maps/search/etablissement+wellness+Varangéville%2BFrance/,
https://www.google.com/maps/search/etablissement+wellness+Varaville%2BFrance/,
https://www.google.com/maps/search/etablissement+wellness+Varces-Allières-et-Risset%2BFrance/,
https://www.google.com/maps/search/etablissement+wellness+Vareilles%2BFrance/,
https://www.google.com/maps/search/etablissement+wellness+Vareilles%2BFrance/,
https://www.google.com/maps/search/etablissement+wellness+Varen%2BFrance/,
https://www.google.com/maps/search/etablissement+wellness+Varengeville-sur-Mer%2BFrance/,
https://www.google.com/maps/search/etablissement+wellness+Varenguebec%2BFrance/,
https://www.google.com/maps/search/etablissement+wellness+Varenne-l'Arconce%2BFrance/,
https://www.google.com/maps/search/etablissement+wellness+Varenne-Saint-Germain%2BFrance/,
https://www.google.com/maps/search/etablissement+wellness+Varennes%2BFrance/,
https://www.google.com/maps/search/etablissement+wellness+Varennes%2BFrance/,
https://www.google.com/maps/search/etablissement+wellness+Varennes%2BFrance/,
https://www.google.com/maps/search/etablissement+wellness+Varennes%2BFrance/,
https://www.google.com/maps/search/etablissement+wellness+Varennes%2BFrance/,
https://www.google.com/maps/search/etablissement+wellness+Varennes%2BFrance/,
https://www.google.com/maps/search/etablissement+wellness+Varennes%2BFrance/,
https://www.google.com/maps/search/etablissement+wellness+Varennes-Changy%2BFrance/,
https://www.google.com/maps/search/etablissement+wellness+Varennes-en-Argonne%2BFrance/,
https://www.google.com/maps/search/etablissement+wellness+Varennes-Jarcy%2BFrance/,
https://www.google.com/maps/search/etablissement+wellness+Varennes-le-Grand%2BFrance/,
https://www.google.com/maps/search/etablissement+wellness+Varennes-lès-Mâcon%2BFrance/,
https://www.google.com/maps/search/etablissement+wellness+Varennes-lès-Narcy%2BFrance/,
https://www.google.com/maps/search/etablissement+wellness+Varennes-Saint-Honorat%2BFrance/,
https://www.google.com/maps/search/etablissement+wellness+Varennes-Saint-Sauveur%2BFrance/,
https://www.google.com/maps/search/etablissement+wellness+Varennes-sous-Dun%2BFrance/,
https://www.google.com/maps/search/etablissement+wellness+Varennes-sur-Allier%2BFrance/,
https://www.google.com/maps/search/etablissement+wellness+Varennes-sur-Amance%2BFrance/,
https://www.google.com/maps/search/etablissement+wellness+Varennes-sur-Loire%2BFrance/,
https://www.google.com/maps/search/etablissement+wellness+Varennes-sur-Morge%2BFrance/,
https://www.google.com/maps/search/etablissement+wellness+Varennes-sur-Seine%2BFrance/,
https://www.google.com/maps/search/etablissement+wellness+Varennes-sur-Tèche%2BFrance/,
https://www.google.com/maps/search/etablissement+wellness+Varennes-sur-Usson%2BFrance/,
https://www.google.com/maps/search/etablissement+wellness+Varennes-Vauzelles%2BFrance/,
https://www.google.com/maps/search/etablissement+wellness+Varès%2BFrance/,
https://www.google.com/maps/search/etablissement+wellness+Varesnes%2BFrance/,
https://www.google.com/maps/search/etablissement+wellness+Varetz%2BFrance/,
https://www.google.com/maps/search/etablissement+wellness+Varilhes%2BFrance/,
https://www.google.com/maps/search/etablissement+wellness+Varinfroy%2BFrance/,
https://www.google.com/maps/search/etablissement+wellness+Variscourt%2BFrance/,
https://www.google.com/maps/search/etablissement+wellness+Varize%2BFrance/,
https://www.google.com/maps/search/etablissement+wellness+Varize-Vaudoncourt%2BFrance/,
https://www.google.com/maps/search/etablissement+wellness+Varmonzey%2BFrance/,
https://www.google.com/maps/search/etablissement+wellness+Varnéville%2BFrance/,
https://www.google.com/maps/search/etablissement+wellness+Varneville-Bretteville%2BFrance/,
https://www.google.com/maps/search/etablissement+wellness+Varogne%2BFrance/,
https://www.google.com/maps/search/etablissement+wellness+Varois-et-Chaignot%2BFrance/,
https://www.google.com/maps/search/etablissement+wellness+Varouville%2BFrance/,
https://www.google.com/maps/search/etablissement+wellness+Varrains%2BFrance/,
https://www.google.com/maps/search/etablissement+wellness+Varreddes%2BFrance/,
https://www.google.com/maps/search/etablissement+wellness+Vars%2BFrance/,
https://www.google.com/maps/search/etablissement+wellness+Vars%2BFrance/,
https://www.google.com/maps/search/etablissement+wellness+Vars%2BFrance/,
https://www.google.com/maps/search/etablissement+wellness+Vars-sur-Roseix%2BFrance/,
https://www.google.com/maps/search/etablissement+wellness+Varsberg%2BFrance/,
https://www.google.com/maps/search/etablissement+wellness+Varzay%2BFrance/,
https://www.google.com/maps/search/etablissement+wellness+Varzy%2BFrance/,
https://www.google.com/maps/search/etablissement+wellness+Vascœuil%2BFrance/,
https://www.google.com/maps/search/etablissement+wellness+Vasles%2BFrance/,
https://www.google.com/maps/search/etablissement+wellness+Vasperviller%2BFrance/,
https://www.google.com/maps/search/etablissement+wellness+Vassel%2BFrance/,
https://www.google.com/maps/search/etablissement+wellness+Vasselay%2BFrance/,
https://www.google.com/maps/search/etablissement+wellness+Vasselin%2BFrance/,
https://www.google.com/maps/search/etablissement+wellness+Vassens%2BFrance/,
https://www.google.com/maps/search/etablissement+wellness+Vasseny%2BFrance/,
https://www.google.com/maps/search/etablissement+wellness+Vassieux-en-Vercors%2BFrance/,
https://www.google.com/maps/search/etablissement+wellness+Vassimont-et-Chapelaine%2BFrance/,
https://www.google.com/maps/search/etablissement+wellness+Vassincourt%2BFrance/,
https://www.google.com/maps/search/etablissement+wellness+Vassogne%2BFrance/,
https://www.google.com/maps/search/etablissement+wellness+Vassonville%2BFrance/,
https://www.google.com/maps/search/etablissement+wellness+Vassy-sous-Pisy%2BFrance/,
https://www.google.com/maps/search/etablissement+wellness+Le Vast%2BFrance/,
https://www.google.com/maps/search/etablissement+wellness+Vasteville%2BFrance/,
https://www.google.com/maps/search/etablissement+wellness+Les Vastres%2BFrance/,
https://www.google.com/maps/search/etablissement+wellness+Vatan%2BFrance/,
https://www.google.com/maps/search/etablissement+wellness+Vathiménil%2BFrance/,
https://www.google.com/maps/search/etablissement+wellness+Vatierville%2BFrance/,
https://www.google.com/maps/search/etablissement+wellness+Vatilieu%2BFrance/,
https://www.google.com/maps/search/etablissement+wellness+Vatimont%2BFrance/,
https://www.google.com/maps/search/etablissement+wellness+Vatry%2BFrance/,
https://www.google.com/maps/search/etablissement+wellness+Vattetot-sous-Beaumont%2BFrance/,
https://www.google.com/maps/search/etablissement+wellness+Vattetot-sur-Mer%2BFrance/,
https://www.google.com/maps/search/etablissement+wellness+Vatteville%2BFrance/,
https://www.google.com/maps/search/etablissement+wellness+Vatteville-la-Rue%2BFrance/,
https://www.google.com/maps/search/etablissement+wellness+Vauban%2BFrance/,
https://www.google.com/maps/search/etablissement+wellness+Vaubecourt%2BFrance/,
https://www.google.com/maps/search/etablissement+wellness+Vaubexy%2BFrance/,
https://www.google.com/maps/search/etablissement+wellness+Vaucelles%2BFrance/,
https://www.google.com/maps/search/etablissement+wellness+Vaucelles-et-Beffecourt%2BFrance/,
https://www.google.com/maps/search/etablissement+wellness+Vauchamps%2BFrance/,
https://www.google.com/maps/search/etablissement+wellness+Vauchamps%2BFrance/,
https://www.google.com/maps/search/etablissement+wellness+Vauchassis%2BFrance/,
https://www.google.com/maps/search/etablissement+wellness+Vauchelles%2BFrance/,
https://www.google.com/maps/search/etablissement+wellness+Vauchelles-lès-Authie%2BFrance/,
https://www.google.com/maps/search/etablissement+wellness+Vauchelles-lès-Domart%2BFrance/,
https://www.google.com/maps/search/etablissement+wellness+Vauchelles-les-Quesnoy%2BFrance/,
https://www.google.com/maps/search/etablissement+wellness+Vauchignon%2BFrance/,
https://www.google.com/maps/search/etablissement+wellness+Vauchonvilliers%2BFrance/,
https://www.google.com/maps/search/etablissement+wellness+Vauchoux%2BFrance/,
https://www.google.com/maps/search/etablissement+wellness+Vauchrétien%2BFrance/,
https://www.google.com/maps/search/etablissement+wellness+Vauciennes%2BFrance/,
https://www.google.com/maps/search/etablissement+wellness+Vauciennes%2BFrance/,
https://www.google.com/maps/search/etablissement+wellness+Vauclaix%2BFrance/,
https://www.google.com/maps/search/etablissement+wellness+Vauclerc%2BFrance/,
https://www.google.com/maps/search/etablissement+wellness+Le Vauclin%2BFrance/,
https://www.google.com/maps/search/etablissement+wellness+Vaucluse%2BFrance/,
https://www.google.com/maps/search/etablissement+wellness+Vauclusotte%2BFrance/,
https://www.google.com/maps/search/etablissement+wellness+Vaucogne%2BFrance/,
https://www.google.com/maps/search/etablissement+wellness+Vauconcourt-Nervezain%2BFrance/,
https://www.google.com/maps/search/etablissement+wellness+Vaucouleurs%2BFrance/,
https://www.google.com/maps/search/etablissement+wellness+Vaucourt%2BFrance/,
https://www.google.com/maps/search/etablissement+wellness+Vaucourtois%2BFrance/,
https://www.google.com/maps/search/etablissement+wellness+Vaucresson%2BFrance/,
https://www.google.com/maps/search/etablissement+wellness+Vaudancourt%2BFrance/,
https://www.google.com/maps/search/etablissement+wellness+Vaudebarrier%2BFrance/,
https://www.google.com/maps/search/etablissement+wellness+Vaudelnay%2BFrance/,
https://www.google.com/maps/search/etablissement+wellness+Vaudeloges%2BFrance/,
https://www.google.com/maps/search/etablissement+wellness+Vaudemange%2BFrance/,
https://www.google.com/maps/search/etablissement+wellness+Vaudémont%2BFrance/,
https://www.google.com/maps/search/etablissement+wellness+Vaudes%2BFrance/,
https://www.google.com/maps/search/etablissement+wellness+Vaudesincourt%2BFrance/,
https://www.google.com/maps/search/etablissement+wellness+Vaudesson%2BFrance/,
https://www.google.com/maps/search/etablissement+wellness+Vaudeurs%2BFrance/,
https://www.google.com/maps/search/etablissement+wellness+Vaudevant%2BFrance/,
https://www.google.com/maps/search/etablissement+wellness+Vaudeville%2BFrance/,
https://www.google.com/maps/search/etablissement+wellness+Vaudéville%2BFrance/,
https://www.google.com/maps/search/etablissement+wellness+Vaudeville-le-Haut%2BFrance/,
https://www.google.com/maps/search/etablissement+wellness+Vaudherland%2BFrance/,
https://www.google.com/maps/search/etablissement+wellness+Vaudigny%2BFrance/,
https://www.google.com/maps/search/etablissement+wellness+Le Vaudioux%2BFrance/,
https://www.google.com/maps/search/etablissement+wellness+Vaudoncourt%2BFrance/,
https://www.google.com/maps/search/etablissement+wellness+Vaudoncourt%2BFrance/,
https://www.google.com/maps/search/etablissement+wellness+Le Vaudoué%2BFrance/,
https://www.google.com/maps/search/etablissement+wellness+Vaudoy-en-Brie%2BFrance/,
https://www.google.com/maps/search/etablissement+wellness+Vaudreching%2BFrance/,
https://www.google.com/maps/search/etablissement+wellness+Vaudrecourt%2BFrance/,
https://www.google.com/maps/search/etablissement+wellness+Vaudrémont%2BFrance/,
https://www.google.com/maps/search/etablissement+wellness+Le Vaudreuil%2BFrance/,
https://www.google.com/maps/search/etablissement+wellness+Vaudreuille%2BFrance/,
https://www.google.com/maps/search/etablissement+wellness+Vaudreville%2BFrance/,
https://www.google.com/maps/search/etablissement+wellness+Vaudrey%2BFrance/,
https://www.google.com/maps/search/etablissement+wellness+Vaudricourt%2BFrance/,
https://www.google.com/maps/search/etablissement+wellness+Vaudricourt%2BFrance/,
https://www.google.com/maps/search/etablissement+wellness+Vaudrimesnil%2BFrance/,
https://www.google.com/maps/search/etablissement+wellness+Vaudringhem%2BFrance/,
https://www.google.com/maps/search/etablissement+wellness+Vaudrivillers%2BFrance/,
https://www.google.com/maps/search/etablissement+wellness+Vaufrey%2BFrance/,
https://www.google.com/maps/search/etablissement+wellness+Vaugines%2BFrance/,
https://www.google.com/maps/search/etablissement+wellness+Vaugneray%2BFrance/,
https://www.google.com/maps/search/etablissement+wellness+Vaugrigneuse%2BFrance/,
https://www.google.com/maps/search/etablissement+wellness+Vauhallan%2BFrance/,
https://www.google.com/maps/search/etablissement+wellness+Vaujany%2BFrance/,
https://www.google.com/maps/search/etablissement+wellness+Vaujours%2BFrance/,
https://www.google.com/maps/search/etablissement+wellness+Le Vaulmier%2BFrance/,
https://www.google.com/maps/search/etablissement+wellness+Vaulnaveys-le-Bas%2BFrance/,
https://www.google.com/maps/search/etablissement+wellness+Vaulnaveys-le-Haut%2BFrance/,traité (2026-08-22 22:18)
https://www.google.com/maps/search/etablissement+wellness+Vaulry%2BFrance/,traité (2026-08-22 22:19)
https://www.google.com/maps/search/etablissement+wellness+Vault-de-Lugny%2BFrance/,traité (2026-08-22 22:19)
https://www.google.com/maps/search/etablissement+wellness+Vaulx%2BFrance/,traité (2026-08-22 22:19)
https://www.google.com/maps/search/etablissement+wellness+Vaulx%2BFrance/,traité (2026-08-22 22:19)
https://www.google.com/maps/search/etablissement+wellness+Vaulx-en-Velin%2BFrance/,traité (2026-08-22 22:20)
https://www.google.com/maps/search/etablissement+wellness+Vaulx-Milieu%2BFrance/,traité (2026-08-22 22:20)
https://www.google.com/maps/search/etablissement+wellness+Vaulx-Vraucourt%2BFrance/,traité (2026-08-22 22:20)
https://www.google.com/maps/search/etablissement+wellness+Le Vaumain%2BFrance/,traité (2026-08-22 22:20)
https://www.google.com/maps/search/etablissement+wellness+Vaumas%2BFrance/,traité (2026-08-22 22:21)
https://www.google.com/maps/search/etablissement+wellness+Vaumeilh%2BFrance/,traité (2026-08-22 22:21)
https://www.google.com/maps/search/etablissement+wellness+Vaumoise%2BFrance/,traité (2026-08-22 22:21)
https://www.google.com/maps/search/etablissement+wellness+Vaumort%2BFrance/,traité (2026-08-22 22:21)
https://www.google.com/maps/search/etablissement+wellness+Vaunac%2BFrance/,traité (2026-08-22 22:22)
https://www.google.com/maps/search/etablissement+wellness+Vaunaveys-la-Rochette%2BFrance/,traité (2026-08-22 22:22)
https://www.google.com/maps/search/etablissement+wellness+Vaunoise%2BFrance/,échec (2026-08-22 22:22)
https://www.google.com/maps/search/etablissement+wellness+La Vaupalière%2BFrance/,traité (2026-08-22 22:24)
https://www.google.com/maps/search/etablissement+wellness+Vaupillon%2BFrance/,traité (2026-08-22 22:24)
https://www.google.com/maps/search/etablissement+wellness+Vaupoisson%2BFrance/,traité (2026-08-22 22:24)
https://www.google.com/maps/search/etablissement+wellness+Vauquois%2BFrance/,traité (2026-08-22 22:24)
https://www.google.com/maps/search/etablissement+wellness+Vauréal%2BFrance/,traité (2026-08-22 22:24)
https://www.google.com/maps/search/etablissement+wellness+Vaureilles%2BFrance/,traité (2026-08-22 22:24)
https://www.google.com/maps/search/etablissement+wellness+Le Vauroux%2BFrance/,traité (2026-08-22 22:24)
https://www.google.com/maps/search/etablissement+wellness+Vausseroux%2BFrance/,traité (2026-08-22 22:24)
https://www.google.com/maps/search/etablissement+wellness+Vautebis%2BFrance/,traité (2026-08-22 22:24)
https://www.google.com/maps/search/etablissement+wellness+Vauthiermont%2BFrance/,traité (2026-08-22 22:24)
https://www.google.com/maps/search/etablissement+wellness+Vautorte%2BFrance/,traité (2026-08-22 22:24)
https://www.google.com/maps/search/etablissement+wellness+Vauvenargues%2BFrance/,traité (2026-08-22 22:24)
https://www.google.com/maps/search/etablissement+wellness+Vauvert%2BFrance/,traité (2026-08-22 22:25)
https://www.google.com/maps/search/etablissement+wellness+Vauville%2BFrance/,traité (2026-08-22 22:25)
https://www.google.com/maps/search/etablissement+wellness+Vauville%2BFrance/,traité (2026-08-22 22:25)
https://www.google.com/maps/search/etablissement+wellness+Vauvillers%2BFrance/,traité (2026-08-22 22:26)
https://www.google.com/maps/search/etablissement+wellness+Vauvillers%2BFrance/,traité (2026-08-22 22:26)
https://www.google.com/maps/search/etablissement+wellness+Vaux%2BFrance/,traité (2026-08-22 22:28)
https://www.google.com/maps/search/etablissement+wellness+Vaux%2BFrance/,traité (2026-08-22 22:28)
https://www.google.com/maps/search/etablissement+wellness+Vaux%2BFrance/,traité (2026-08-22 22:28)
https://www.google.com/maps/search/etablissement+wellness+Vaux%2BFrance/,traité (2026-08-22 22:28)
https://www.google.com/maps/search/etablissement+wellness+Vaux d'Amognes%2BFrance/,traité (2026-08-22 22:28)
https://www.google.com/maps/search/etablissement+wellness+Vaux-Andigny%2BFrance/,traité (2026-08-22 22:28)
https://www.google.com/maps/search/etablissement+wellness+Vaux-Champagne%2BFrance/,traité (2026-08-22 22:28)
https://www.google.com/maps/search/etablissement+wellness+Vaux-devant-Damloup%2BFrance/,traité (2026-08-22 22:28)
https://www.google.com/maps/search/etablissement+wellness+Vaux-en-Amiénois%2BFrance/,traité (2026-08-22 22:28)
https://www.google.com/maps/search/etablissement+wellness+Vaux-en-Beaujolais%2BFrance/,traité (2026-08-22 22:28)
https://www.google.com/maps/search/etablissement+wellness+Vaux-en-Bugey%2BFrance/,traité (2026-08-22 22:28)
https://www.google.com/maps/search/etablissement+wellness+Vaux-en-Dieulet%2BFrance/,traité (2026-08-22 22:29)
https://www.google.com/maps/search/etablissement+wellness+Vaux-en-Pré%2BFrance/,traité (2026-08-22 22:29)
https://www.google.com/maps/search/etablissement+wellness+Vaux-en-Vermandois%2BFrance/,traité (2026-08-22 22:29)
https://www.google.com/maps/search/etablissement+wellness+Vaux-et-Chantegrue%2BFrance/,traité (2026-08-22 22:29)
https://www.google.com/maps/search/etablissement+wellness+Vaux-Lavalette%2BFrance/,traité (2026-08-22 22:30)
https://www.google.com/maps/search/etablissement+wellness+Vaux-le-Moncelot%2BFrance/,traité (2026-08-22 22:30)
https://www.google.com/maps/search/etablissement+wellness+Vaux-le-Pénil%2BFrance/,traité (2026-08-22 22:32)
https://www.google.com/maps/search/etablissement+wellness+Vaux-lès-Mouron%2BFrance/,traité (2026-08-22 22:32)
https://www.google.com/maps/search/etablissement+wellness+Vaux-lès-Mouzon%2BFrance/,traité (2026-08-22 22:32)
https://www.google.com/maps/search/etablissement+wellness+Vaux-lès-Palameix%2BFrance/,traité (2026-08-22 22:32)
https://www.google.com/maps/search/etablissement+wellness+Vaux-les-Prés%2BFrance/,traité (2026-08-22 22:32)
https://www.google.com/maps/search/etablissement+wellness+Vaux-lès-Rubigny%2BFrance/,traité (2026-08-22 22:32)
https://www.google.com/maps/search/etablissement+wellness+Vaux-lès-Saint-Claude%2BFrance/,traité (2026-08-22 22:32)
https://www.google.com/maps/search/etablissement+wellness+Vaux-Marquenneville%2BFrance/,traité (2026-08-22 22:32)
https://www.google.com/maps/search/etablissement+wellness+Vaux-Montreuil%2BFrance/,traité (2026-08-22 22:32)
https://www.google.com/maps/search/etablissement+wellness+Vaux-Rouillac%2BFrance/,traité (2026-08-22 22:32)
https://www.google.com/maps/search/etablissement+wellness+Vaux-Saules%2BFrance/,traité (2026-08-22 22:32)
https://www.google.com/maps/search/etablissement+wellness+Vaux-sur-Aure%2BFrance/,traité (2026-08-22 22:33)
https://www.google.com/maps/search/etablissement+wellness+Vaux-sur-Blaise%2BFrance/,traité (2026-08-22 22:33)
https://www.google.com/maps/search/etablissement+wellness+Vaux-sur-Eure%2BFrance/,traité (2026-08-22 22:33)
https://www.google.com/maps/search/etablissement+wellness+Vaux-sur-Lunain%2BFrance/,traité (2026-08-22 22:33)
https://www.google.com/maps/search/etablissement+wellness+Vaux-sur-Mer%2BFrance/,traité (2026-08-22 22:34)
https://www.google.com/maps/search/etablissement+wellness+Vaux-sur-Poligny%2BFrance/,traité (2026-08-22 22:36)
https://www.google.com/maps/search/etablissement+wellness+Vaux-sur-Saint-Urbain%2BFrance/,traité (2026-08-22 22:36)
https://www.google.com/maps/search/etablissement+wellness+Vaux-sur-Seine%2BFrance/,traité (2026-08-22 22:36)
https://www.google.com/maps/search/etablissement+wellness+Vaux-sur-Seulles%2BFrance/,traité (2026-08-22 22:36)
https://www.google.com/maps/search/etablissement+wellness+Vaux-sur-Somme%2BFrance/,traité (2026-08-22 22:36)
https://www.google.com/maps/search/etablissement+wellness+Vaux-sur-Vienne%2BFrance/,traité (2026-08-22 22:36)
https://www.google.com/maps/search/etablissement+wellness+Vaux-Villaine%2BFrance/,traité (2026-08-22 22:36)
https://www.google.com/maps/search/etablissement+wellness+Vauxaillon%2BFrance/,traité (2026-08-22 22:36)
https://www.google.com/maps/search/etablissement+wellness+Vauxbons%2BFrance/,traité (2026-08-22 22:36)
https://www.google.com/maps/search/etablissement+wellness+Vauxbuin%2BFrance/,traité (2026-08-22 22:36)
https://www.google.com/maps/search/etablissement+wellness+Vauxrenard%2BFrance/,traité (2026-08-22 22:36)
https://www.google.com/maps/search/etablissement+wellness+Vauxrezis%2BFrance/,traité (2026-08-22 22:37)
https://www.google.com/maps/search/etablissement+wellness+Vauxtin%2BFrance/,traité (2026-08-22 22:37)
https://www.google.com/maps/search/etablissement+wellness+Vavincourt%2BFrance/,traité (2026-08-22 22:38)
https://www.google.com/maps/search/etablissement+wellness+Vavray-le-Grand%2BFrance/,traité (2026-08-22 22:38)
https://www.google.com/maps/search/etablissement+wellness+Vavray-le-Petit%2BFrance/,traité (2026-08-22 22:38)
https://www.google.com/maps/search/etablissement+wellness+Vaxainville%2BFrance/,traité (2026-08-22 22:38)
https://www.google.com/maps/search/etablissement+wellness+Vaxoncourt%2BFrance/,traité (2026-08-22 22:40)
https://www.google.com/maps/search/etablissement+wellness+Vaxy%2BFrance/,traité (2026-08-22 22:40)
https://www.google.com/maps/search/etablissement+wellness+Vay%2BFrance/,traité (2026-08-22 22:40)
https://www.google.com/maps/search/etablissement+wellness+Vaychis%2BFrance/,traité (2026-08-22 22:40)
https://www.google.com/maps/search/etablissement+wellness+Vaylats%2BFrance/,traité (2026-08-22 22:40)
https://www.google.com/maps/search/etablissement+wellness+Vayrac%2BFrance/,traité (2026-08-22 22:40)
https://www.google.com/maps/search/etablissement+wellness+Vayres%2BFrance/,traité (2026-08-22 22:40)
https://www.google.com/maps/search/etablissement+wellness+Vayres%2BFrance/,traité (2026-08-22 22:40)
https://www.google.com/maps/search/etablissement+wellness+Vayres-sur-Essonne%2BFrance/,traité (2026-08-22 22:41)
https://www.google.com/maps/search/etablissement+wellness+Vazeilles-Limandre%2BFrance/,traité (2026-08-22 22:41)
https://www.google.com/maps/search/etablissement+wellness+Vazerac%2BFrance/,traité (2026-08-22 22:41)
https://www.google.com/maps/search/etablissement+wellness+Veauce%2BFrance/,traité (2026-08-22 22:41)
https://www.google.com/maps/search/etablissement+wellness+Veauche%2BFrance/,traité (2026-08-22 22:42)
https://www.google.com/maps/search/etablissement+wellness+Veauchette%2BFrance/,traité (2026-08-22 22:42)
https://www.google.com/maps/search/etablissement+wellness+Veaugues%2BFrance/,traité (2026-08-22 22:42)
https://www.google.com/maps/search/etablissement+wellness+Veauville-lès-Baons%2BFrance/,traité (2026-08-22 22:42)
https://www.google.com/maps/search/etablissement+wellness+Veauville-lès-Quelles%2BFrance/,traité (2026-08-22 22:42)
https://www.google.com/maps/search/etablissement+wellness+Vèbre%2BFrance/,traité (2026-08-22 22:44)
https://www.google.com/maps/search/etablissement+wellness+Vebret%2BFrance/,traité (2026-08-22 22:44)
https://www.google.com/maps/search/etablissement+wellness+Vebron%2BFrance/,traité (2026-08-22 22:44)
https://www.google.com/maps/search/etablissement+wellness+Veckersviller%2BFrance/,traité (2026-08-22 22:44)
https://www.google.com/maps/search/etablissement+wellness+Veckring%2BFrance/,traité (2026-08-22 22:44)
https://www.google.com/maps/search/etablissement+wellness+Vecoux%2BFrance/,traité (2026-08-22 22:44)
https://www.google.com/maps/search/etablissement+wellness+Vecquemont%2BFrance/,traité (2026-08-22 22:44)
https://www.google.com/maps/search/etablissement+wellness+Vecqueville%2BFrance/,traité (2026-08-22 22:45)
https://www.google.com/maps/search/etablissement+wellness+Vedène%2BFrance/,traité (2026-08-22 22:45)
https://www.google.com/maps/search/etablissement+wellness+Védrines-Saint-Loup%2BFrance/,traité (2026-08-22 22:46)
https://www.google.com/maps/search/etablissement+wellness+Végennes%2BFrance/,traité (2026-08-22 22:46)
https://www.google.com/maps/search/etablissement+wellness+Vého%2BFrance/,traité (2026-08-22 22:46)
https://www.google.com/maps/search/etablissement+wellness+Veigné%2BFrance/,traité (2026-08-22 22:46)
https://www.google.com/maps/search/etablissement+wellness+Veigy-Foncenex%2BFrance/,traité (2026-08-22 22:49)
https://www.google.com/maps/search/etablissement+wellness+Veilhes%2BFrance/,traité (2026-08-22 22:49)
https://www.google.com/maps/search/etablissement+wellness+Veilleins%2BFrance/,traité (2026-08-22 22:49)
https://www.google.com/maps/search/etablissement+wellness+Veilly%2BFrance/,traité (2026-08-22 22:49)
https://www.google.com/maps/search/etablissement+wellness+Veix%2BFrance/,traité (2026-08-22 22:49)
https://www.google.com/maps/search/etablissement+wellness+Velaine-en-Haye%2BFrance/,traité (2026-08-22 22:49)
https://www.google.com/maps/search/etablissement+wellness+Velaine-sous-Amance%2BFrance/,traité (2026-08-22 22:49)
https://www.google.com/maps/search/etablissement+wellness+Velaines%2BFrance/,
https://www.google.com/maps/search/etablissement+wellness+Velanne%2BFrance/,
https://www.google.com/maps/search/etablissement+wellness+Velars-sur-Ouche%2BFrance/,
https://www.google.com/maps/search/etablissement+wellness+Velaux%2BFrance/,
https://www.google.com/maps/search/etablissement+wellness+Velennes%2BFrance/,
https://www.google.com/maps/search/etablissement+wellness+Velennes%2BFrance/,
https://www.google.com/maps/search/etablissement+wellness+Velesmes-Échevanne%2BFrance/,
https://www.google.com/maps/search/etablissement+wellness+Velesmes-Essarts%2BFrance/,
https://www.google.com/maps/search/etablissement+wellness+Velet%2BFrance/,
https://www.google.com/maps/search/etablissement+wellness+Vélieux%2BFrance/,
https://www.google.com/maps/search/etablissement+wellness+Vélines%2BFrance/,
https://www.google.com/maps/search/etablissement+wellness+Vélizy-Villacoublay%2BFrance/,
https://www.google.com/maps/search/etablissement+wellness+Velle-le-Châtel%2BFrance/,
https://www.google.com/maps/search/etablissement+wellness+Velle-sur-Moselle%2BFrance/,
https://www.google.com/maps/search/etablissement+wellness+Vellèches%2BFrance/,
https://www.google.com/maps/search/etablissement+wellness+Vellechevreux-et-Courbenans%2BFrance/,
https://www.google.com/maps/search/etablissement+wellness+Velleclaire%2BFrance/,
https://www.google.com/maps/search/etablissement+wellness+Vellefaux%2BFrance/,
https://www.google.com/maps/search/etablissement+wellness+Vellefrey-et-Vellefrange%2BFrance/,
https://www.google.com/maps/search/etablissement+wellness+Vellefrie%2BFrance/,
https://www.google.com/maps/search/etablissement+wellness+Velleguindry-et-Levrecey%2BFrance/,
https://www.google.com/maps/search/etablissement+wellness+Velleminfroy%2BFrance/,
https://www.google.com/maps/search/etablissement+wellness+Vellemoz%2BFrance/,
https://www.google.com/maps/search/etablissement+wellness+Velleron%2BFrance/,
https://www.google.com/maps/search/etablissement+wellness+Vellerot-lès-Belvoir%2BFrance/,
https://www.google.com/maps/search/etablissement+wellness+Vellerot-lès-Vercel%2BFrance/,
https://www.google.com/maps/search/etablissement+wellness+Velles%2BFrance/,
https://www.google.com/maps/search/etablissement+wellness+Velles%2BFrance/,
https://www.google.com/maps/search/etablissement+wellness+Vellescot%2BFrance/,
https://www.google.com/maps/search/etablissement+wellness+Vellevans%2BFrance/,
https://www.google.com/maps/search/etablissement+wellness+Vellexon-Queutrey-et-Vaudey%2BFrance/,
https://www.google.com/maps/search/etablissement+wellness+Velloreille-lès-Choye%2BFrance/,
https://www.google.com/maps/search/etablissement+wellness+Velluire%2BFrance/,
https://www.google.com/maps/search/etablissement+wellness+Velogny%2BFrance/,
https://www.google.com/maps/search/etablissement+wellness+Velone-Orneto%2BFrance/,
https://www.google.com/maps/search/etablissement+wellness+Velorcey%2BFrance/,
https://www.google.com/maps/search/etablissement+wellness+Velosnes%2BFrance/,
https://www.google.com/maps/search/etablissement+wellness+Velotte-et-Tatignécourt%2BFrance/,
https://www.google.com/maps/search/etablissement+wellness+Vélu%2BFrance/,
https://www.google.com/maps/search/etablissement+wellness+Velving%2BFrance/,
https://www.google.com/maps/search/etablissement+wellness+Vélye%2BFrance/,
https://www.google.com/maps/search/etablissement+wellness+Velzic%2BFrance/,
https://www.google.com/maps/search/etablissement+wellness+Vémars%2BFrance/,
https://www.google.com/maps/search/etablissement+wellness+Venaco%2BFrance/,
https://www.google.com/maps/search/etablissement+wellness+Venansault%2BFrance/,
https://www.google.com/maps/search/etablissement+wellness+Venanson%2BFrance/,
https://www.google.com/maps/search/etablissement+wellness+Venarey-les-Laumes%2BFrance/,
https://www.google.com/maps/search/etablissement+wellness+Venas%2BFrance/,
https://www.google.com/maps/search/etablissement+wellness+Venasque%2BFrance/,
https://www.google.com/maps/search/etablissement+wellness+Vence%2BFrance/,
https://www.google.com/maps/search/etablissement+wellness+Vendargues%2BFrance/,
https://www.google.com/maps/search/etablissement+wellness+Vendat%2BFrance/,
https://www.google.com/maps/search/etablissement+wellness+Vendays-Montalivet%2BFrance/,
https://www.google.com/maps/search/etablissement+wellness+Vendegies-au-Bois%2BFrance/,
https://www.google.com/maps/search/etablissement+wellness+Vendegies-sur-Écaillon%2BFrance/,
https://www.google.com/maps/search/etablissement+wellness+Vendel%2BFrance/,
https://www.google.com/maps/search/etablissement+wellness+La Vendelée%2BFrance/,
https://www.google.com/maps/search/etablissement+wellness+Vendelles%2BFrance/,
https://www.google.com/maps/search/etablissement+wellness+Vendémian%2BFrance/,
https://www.google.com/maps/search/etablissement+wellness+Vendenesse-lès-Charolles%2BFrance/,
https://www.google.com/maps/search/etablissement+wellness+Vendenesse-sur-Arroux%2BFrance/,
https://www.google.com/maps/search/etablissement+wellness+Vendenheim%2BFrance/,
https://www.google.com/maps/search/etablissement+wellness+Vendes%2BFrance/,
https://www.google.com/maps/search/etablissement+wellness+Vendeuil%2BFrance/,
https://www.google.com/maps/search/etablissement+wellness+Vendeuil-Caply%2BFrance/,
https://www.google.com/maps/search/etablissement+wellness+Vendeuvre%2BFrance/,
https://www.google.com/maps/search/etablissement+wellness+Vendeuvre-sur-Barse%2BFrance/,
https://www.google.com/maps/search/etablissement+wellness+Vendeville%2BFrance/,
https://www.google.com/maps/search/etablissement+wellness+Vendhuile%2BFrance/,
https://www.google.com/maps/search/etablissement+wellness+Vendières%2BFrance/,
https://www.google.com/maps/search/etablissement+wellness+Vendin-le-Vieil%2BFrance/,
https://www.google.com/maps/search/etablissement+wellness+Vendin-lès-Béthune%2BFrance/,
https://www.google.com/maps/search/etablissement+wellness+Vendine%2BFrance/,
https://www.google.com/maps/search/etablissement+wellness+Vendœuvres%2BFrance/,
https://www.google.com/maps/search/etablissement+wellness+Vendoire%2BFrance/,
https://www.google.com/maps/search/etablissement+wellness+Vendôme%2BFrance/,
https://www.google.com/maps/search/etablissement+wellness+Vendranges%2BFrance/,
https://www.google.com/maps/search/etablissement+wellness+Vendrennes%2BFrance/,
https://www.google.com/maps/search/etablissement+wellness+Vendres%2BFrance/,
https://www.google.com/maps/search/etablissement+wellness+Vendresse%2BFrance/,
https://www.google.com/maps/search/etablissement+wellness+Vendresse-Beaulne%2BFrance/,
https://www.google.com/maps/search/etablissement+wellness+Vendrest%2BFrance/,
https://www.google.com/maps/search/etablissement+wellness+La Vendue-Mignot%2BFrance/,
https://www.google.com/maps/search/etablissement+wellness+Vénéjan%2BFrance/,
https://www.google.com/maps/search/etablissement+wellness+Venelles%2BFrance/,
https://www.google.com/maps/search/etablissement+wellness+Vénérand%2BFrance/,
https://www.google.com/maps/search/etablissement+wellness+Venère%2BFrance/,
https://www.google.com/maps/search/etablissement+wellness+Vénérieu%2BFrance/,
https://www.google.com/maps/search/etablissement+wellness+Vénérolles%2BFrance/,
https://www.google.com/maps/search/etablissement+wellness+Venerque%2BFrance/,
https://www.google.com/maps/search/etablissement+wellness+Vénès%2BFrance/,
https://www.google.com/maps/search/etablissement+wellness+Venesmes%2BFrance/,
https://www.google.com/maps/search/etablissement+wellness+Vénestanville%2BFrance/,
https://www.google.com/maps/search/etablissement+wellness+Venette%2BFrance/,
https://www.google.com/maps/search/etablissement+wellness+Veneux-les-Sablons%2BFrance/,
https://www.google.com/maps/search/etablissement+wellness+Veney%2BFrance/,
https://www.google.com/maps/search/etablissement+wellness+Venise%2BFrance/,
https://www.google.com/maps/search/etablissement+wellness+Venisey%2BFrance/,
https://www.google.com/maps/search/etablissement+wellness+Vénissieux%2BFrance/,
https://www.google.com/maps/search/etablissement+wellness+Venizel%2BFrance/,
https://www.google.com/maps/search/etablissement+wellness+Venizy%2BFrance/,
https://www.google.com/maps/search/etablissement+wellness+Vennans%2BFrance/,
https://www.google.com/maps/search/etablissement+wellness+Vennecy%2BFrance/,
https://www.google.com/maps/search/etablissement+wellness+Vennes%2BFrance/,
https://www.google.com/maps/search/etablissement+wellness+Vennezey%2BFrance/,
https://www.google.com/maps/search/etablissement+wellness+Venon%2BFrance/,
https://www.google.com/maps/search/etablissement+wellness+Venon%2BFrance/,
https://www.google.com/maps/search/etablissement+wellness+Vénosc%2BFrance/,
https://www.google.com/maps/search/etablissement+wellness+Venouse%2BFrance/,
https://www.google.com/maps/search/etablissement+wellness+Venoy%2BFrance/,
https://www.google.com/maps/search/etablissement+wellness+Vensac%2BFrance/,
https://www.google.com/maps/search/etablissement+wellness+Vensat%2BFrance/,
https://www.google.com/maps/search/etablissement+wellness+Ventabren%2BFrance/,
https://www.google.com/maps/search/etablissement+wellness+Ventalon en Cévennes%2BFrance/,
https://www.google.com/maps/search/etablissement+wellness+Ventavon%2BFrance/,
https://www.google.com/maps/search/etablissement+wellness+Ventelay%2BFrance/,
https://www.google.com/maps/search/etablissement+wellness+Ventenac%2BFrance/,
https://www.google.com/maps/search/etablissement+wellness+Ventenac-Cabardès%2BFrance/,
https://www.google.com/maps/search/etablissement+wellness+Ventenac-en-Minervois%2BFrance/,
https://www.google.com/maps/search/etablissement+wellness+Venterol%2BFrance/,
https://www.google.com/maps/search/etablissement+wellness+Venterol%2BFrance/,
https://www.google.com/maps/search/etablissement+wellness+Les Ventes%2BFrance/,
https://www.google.com/maps/search/etablissement+wellness+Les Ventes-de-Bourse%2BFrance/,
https://www.google.com/maps/search/etablissement+wellness+Ventes-Saint-Rémy%2BFrance/,
https://www.google.com/maps/search/etablissement+wellness+Venteuges%2BFrance/,
https://www.google.com/maps/search/etablissement+wellness+Venteuil%2BFrance/,
https://www.google.com/maps/search/etablissement+wellness+Venthon%2BFrance/,
https://www.google.com/maps/search/etablissement+wellness+Ventiseri%2BFrance/,
https://www.google.com/maps/search/etablissement+wellness+Ventouse%2BFrance/,
https://www.google.com/maps/search/etablissement+wellness+Ventron%2BFrance/,
https://www.google.com/maps/search/etablissement+wellness+La Ventrouze%2BFrance/,
https://www.google.com/maps/search/etablissement+wellness+Venzolasca%2BFrance/,
https://www.google.com/maps/search/etablissement+wellness+Ver%2BFrance/,
https://www.google.com/maps/search/etablissement+wellness+Ver-lès-Chartres%2BFrance/,
https://www.google.com/maps/search/etablissement+wellness+Ver-sur-Launette%2BFrance/,
https://www.google.com/maps/search/etablissement+wellness+Ver-sur-Mer%2BFrance/,
https://www.google.com/maps/search/etablissement+wellness+Vérac%2BFrance/,
https://www.google.com/maps/search/etablissement+wellness+Véranne%2BFrance/,
https://www.google.com/maps/search/etablissement+wellness+Vérargues%2BFrance/,
https://www.google.com/maps/search/etablissement+wellness+Véraza%2BFrance/,
https://www.google.com/maps/search/etablissement+wellness+Verberie%2BFrance/,
https://www.google.com/maps/search/etablissement+wellness+Verbiesles%2BFrance/,
https://www.google.com/maps/search/etablissement+wellness+Vercel-Villedieu-le-Camp%2BFrance/,
https://www.google.com/maps/search/etablissement+wellness+Verchain-Maugré%2BFrance/,
https://www.google.com/maps/search/etablissement+wellness+Verchaix%2BFrance/,
https://www.google.com/maps/search/etablissement+wellness+Vercheny%2BFrance/,
https://www.google.com/maps/search/etablissement+wellness+Les Verchers-sur-Layon%2BFrance/,
https://www.google.com/maps/search/etablissement+wellness+Verchin%2BFrance/,
https://www.google.com/maps/search/etablissement+wellness+Verchocq%2BFrance/,
https://www.google.com/maps/search/etablissement+wellness+Vercia%2BFrance/,
https://www.google.com/maps/search/etablissement+wellness+Verclause%2BFrance/,
https://www.google.com/maps/search/etablissement+wellness+Vercoiran%2BFrance/,
https://www.google.com/maps/search/etablissement+wellness+Vercourt%2BFrance/,
https://www.google.com/maps/search/etablissement+wellness+Verdaches%2BFrance/,
https://www.google.com/maps/search/etablissement+wellness+Verdalle%2BFrance/,
https://www.google.com/maps/search/etablissement+wellness+Verdelais%2BFrance/,
https://www.google.com/maps/search/etablissement+wellness+Verdelot%2BFrance/,
https://www.google.com/maps/search/etablissement+wellness+Verdenal%2BFrance/,
https://www.google.com/maps/search/etablissement+wellness+Verderel-lès-Sauqueuse%2BFrance/,
https://www.google.com/maps/search/etablissement+wellness+Verderonne%2BFrance/,
https://www.google.com/maps/search/etablissement+wellness+Verdèse%2BFrance/,
https://www.google.com/maps/search/etablissement+wellness+Verdets%2BFrance/,
https://www.google.com/maps/search/etablissement+wellness+Le Verdier%2BFrance/,
https://www.google.com/maps/search/etablissement+wellness+La Verdière%2BFrance/,
https://www.google.com/maps/search/etablissement+wellness+Verdigny%2BFrance/,
https://www.google.com/maps/search/etablissement+wellness+Verdille%2BFrance/,
https://www.google.com/maps/search/etablissement+wellness+Verdilly%2BFrance/,
https://www.google.com/maps/search/etablissement+wellness+Verdon%2BFrance/,
https://www.google.com/maps/search/etablissement+wellness+Verdon%2BFrance/,
https://www.google.com/maps/search/etablissement+wellness+Le Verdon-sur-Mer%2BFrance/,
https://www.google.com/maps/search/etablissement+wellness+Verdonnet%2BFrance/,
https://www.google.com/maps/search/etablissement+wellness+Verdun%2BFrance/,
https://www.google.com/maps/search/etablissement+wellness+Verdun%2BFrance/,
https://www.google.com/maps/search/etablissement+wellness+Verdun-en-Lauragais%2BFrance/,
https://www.google.com/maps/search/etablissement+wellness+Verdun-sur-Garonne%2BFrance/,
https://www.google.com/maps/search/etablissement+wellness+Verdun-sur-le-Doubs%2BFrance/,
https://www.google.com/maps/search/etablissement+wellness+Vereaux%2BFrance/,
https://www.google.com/maps/search/etablissement+wellness+Verel-de-Montbel%2BFrance/,
https://www.google.com/maps/search/etablissement+wellness+Verel-Pragondran%2BFrance/,
https://www.google.com/maps/search/etablissement+wellness+Véretz%2BFrance/,traité (2026-08-22 19:18)
https://www.google.com/maps/search/etablissement+wellness+Vereux%2BFrance/,traité (2026-08-22 19:18)
https://www.google.com/maps/search/etablissement+wellness+Verfeil%2BFrance/,traité (2026-08-22 19:19)
https://www.google.com/maps/search/etablissement+wellness+Verfeil%2BFrance/,traité (2026-08-22 19:19)
https://www.google.com/maps/search/etablissement+wellness+Verfeuil%2BFrance/,traité (2026-08-22 19:19)
https://www.google.com/maps/search/etablissement+wellness+Vergaville%2BFrance/,traité (2026-08-22 19:20)
https://www.google.com/maps/search/etablissement+wellness+Vergéal%2BFrance/,traité (2026-08-22 19:20)
https://www.google.com/maps/search/etablissement+wellness+La Vergenne%2BFrance/,traité (2026-08-22 19:20)
https://www.google.com/maps/search/etablissement+wellness+Le Verger%2BFrance/,traité (2026-08-22 19:21)
https://www.google.com/maps/search/etablissement+wellness+Vergeroux%2BFrance/,traité (2026-08-22 19:21)
https://www.google.com/maps/search/etablissement+wellness+Verges%2BFrance/,traité (2026-08-22 19:23)
https://www.google.com/maps/search/etablissement+wellness+Vergetot%2BFrance/,traité (2026-08-22 19:24)
https://www.google.com/maps/search/etablissement+wellness+Vergezac%2BFrance/,traité (2026-08-22 19:24)
https://www.google.com/maps/search/etablissement+wellness+Vergèze%2BFrance/,traité (2026-08-22 19:24)
https://www.google.com/maps/search/etablissement+wellness+Vergheas%2BFrance/,traité (2026-08-22 19:24)
https://www.google.com/maps/search/etablissement+wellness+Vergies%2BFrance/,traité (2026-08-22 19:24)
https://www.google.com/maps/search/etablissement+wellness+Vergigny%2BFrance/,traité (2026-08-22 19:24)
https://www.google.com/maps/search/etablissement+wellness+Vergisson%2BFrance/,traité (2026-08-22 19:25)
https://www.google.com/maps/search/etablissement+wellness+La Vergne%2BFrance/,traité (2026-08-22 19:25)
https://www.google.com/maps/search/etablissement+wellness+Vergné%2BFrance/,traité (2026-08-22 19:27)
https://www.google.com/maps/search/etablissement+wellness+Vergoignan%2BFrance/,traité (2026-08-22 19:27)
https://www.google.com/maps/search/etablissement+wellness+Vergoncey%2BFrance/,traité (2026-08-22 19:27)
https://www.google.com/maps/search/etablissement+wellness+Vergongheon%2BFrance/,traité (2026-08-22 19:27)
https://www.google.com/maps/search/etablissement+wellness+Vergonnes%2BFrance/,traité (2026-08-22 19:27)
https://www.google.com/maps/search/etablissement+wellness+Vergons%2BFrance/,traité (2026-08-22 19:27)
https://www.google.com/maps/search/etablissement+wellness+Vergranne%2BFrance/,échec (2026-08-22 19:28)
https://www.google.com/maps/search/etablissement+wellness+Vergt%2BFrance/,traité (2026-08-22 19:28)
https://www.google.com/maps/search/etablissement+wellness+Vergt-de-Biron%2BFrance/,traité (2026-08-22 19:29)
https://www.google.com/maps/search/etablissement+wellness+Le Verguier%2BFrance/,traité (2026-08-22 19:29)
https://www.google.com/maps/search/etablissement+wellness+Véria%2BFrance/,traité (2026-08-22 19:29)
https://www.google.com/maps/search/etablissement+wellness+Vérignon%2BFrance/,traité (2026-08-22 19:31)
https://www.google.com/maps/search/etablissement+wellness+Vérin%2BFrance/,traité (2026-08-22 19:31)
https://www.google.com/maps/search/etablissement+wellness+Vérines%2BFrance/,traité (2026-08-22 19:31)
https://www.google.com/maps/search/etablissement+wellness+Vérissey%2BFrance/,traité (2026-08-22 19:31)
https://www.google.com/maps/search/etablissement+wellness+Verjon%2BFrance/,traité (2026-08-22 19:31)
https://www.google.com/maps/search/etablissement+wellness+Verjux%2BFrance/,traité (2026-08-22 19:32)
https://www.google.com/maps/search/etablissement+wellness+Verlans%2BFrance/,traité (2026-08-22 19:32)
https://www.google.com/maps/search/etablissement+wellness+Verlhac-Tescou%2BFrance/,traité (2026-08-22 19:33)
https://www.google.com/maps/search/etablissement+wellness+Verlin%2BFrance/,traité (2026-08-22 19:33)
https://www.google.com/maps/search/etablissement+wellness+Verlincthun%2BFrance/,traité (2026-08-22 19:33)
https://www.google.com/maps/search/etablissement+wellness+Verlinghem%2BFrance/,traité (2026-08-22 19:35)
https://www.google.com/maps/search/etablissement+wellness+Verlus%2BFrance/,traité (2026-08-22 19:35)
https://www.google.com/maps/search/etablissement+wellness+Vermand%2BFrance/,traité (2026-08-22 19:35)
https://www.google.com/maps/search/etablissement+wellness+Vermandovillers%2BFrance/,traité (2026-08-22 19:35)
https://www.google.com/maps/search/etablissement+wellness+Vermelles%2BFrance/,traité (2026-08-22 19:36)
https://www.google.com/maps/search/etablissement+wellness+Vermenton%2BFrance/,traité (2026-08-22 19:36)
https://www.google.com/maps/search/etablissement+wellness+Le Vermont%2BFrance/,traité (2026-08-22 19:36)
https://www.google.com/maps/search/etablissement+wellness+Vern-sur-Seiche%2BFrance/,traité (2026-08-22 19:37)
https://www.google.com/maps/search/etablissement+wellness+Vernais%2BFrance/,traité (2026-08-22 19:37)
https://www.google.com/maps/search/etablissement+wellness+Vernaison%2BFrance/,traité (2026-08-22 19:37)
https://www.google.com/maps/search/etablissement+wellness+Vernajoul%2BFrance/,traité (2026-08-22 19:40)
https://www.google.com/maps/search/etablissement+wellness+Vernancourt%2BFrance/,traité (2026-08-22 19:40)
https://www.google.com/maps/search/etablissement+wellness+Vernantes%2BFrance/,traité (2026-08-22 19:40)
https://www.google.com/maps/search/etablissement+wellness+Vernantois%2BFrance/,traité (2026-08-22 19:40)
https://www.google.com/maps/search/etablissement+wellness+La Vernarède%2BFrance/,traité (2026-08-22 19:40)
https://www.google.com/maps/search/etablissement+wellness+Vernas%2BFrance/,traité (2026-08-22 19:40)
https://www.google.com/maps/search/etablissement+wellness+Vernassal%2BFrance/,traité (2026-08-22 19:40)
https://www.google.com/maps/search/etablissement+wellness+Vernaux%2BFrance/,traité (2026-08-22 19:40)
https://www.google.com/maps/search/etablissement+wellness+Vernay%2BFrance/,traité (2026-08-22 19:41)
https://www.google.com/maps/search/etablissement+wellness+La Vernaz%2BFrance/,traité (2026-08-22 19:41)
https://www.google.com/maps/search/etablissement+wellness+Verne%2BFrance/,traité (2026-08-22 19:43)
https://www.google.com/maps/search/etablissement+wellness+Vernègues%2BFrance/,traité (2026-08-22 19:43)
https://www.google.com/maps/search/etablissement+wellness+Verneiges%2BFrance/,traité (2026-08-22 19:43)
https://www.google.com/maps/search/etablissement+wellness+Le Verneil%2BFrance/,traité (2026-08-22 19:43)
https://www.google.com/maps/search/etablissement+wellness+Verneil-le-Chétif%2BFrance/,traité (2026-08-22 19:43)
https://www.google.com/maps/search/etablissement+wellness+Verneix%2BFrance/,traité (2026-08-22 19:44)
https://www.google.com/maps/search/etablissement+wellness+La Vernelle%2BFrance/,traité (2026-08-22 19:44)
https://www.google.com/maps/search/etablissement+wellness+Le Vernet%2BFrance/,traité (2026-08-22 19:47)
https://www.google.com/maps/search/etablissement+wellness+Le Vernet%2BFrance/,traité (2026-08-22 19:47)
https://www.google.com/maps/search/etablissement+wellness+Le Vernet%2BFrance/,traité (2026-08-22 19:47)
https://www.google.com/maps/search/etablissement+wellness+Vernet%2BFrance/,traité (2026-08-22 19:47)
https://www.google.com/maps/search/etablissement+wellness+Le Vernet%2BFrance/,traité (2026-08-22 19:47)
https://www.google.com/maps/search/etablissement+wellness+Vernet-la-Varenne%2BFrance/,traité (2026-08-22 19:47)
https://www.google.com/maps/search/etablissement+wellness+Vernet-les-Bains%2BFrance/,traité (2026-08-22 19:47)
https://www.google.com/maps/search/etablissement+wellness+Le Vernet-Sainte-Marguerite%2BFrance/,traité (2026-08-22 19:47)
https://www.google.com/maps/search/etablissement+wellness+Verneugheol%2BFrance/,traité (2026-08-22 19:47)
https://www.google.com/maps/search/etablissement+wellness+Verneuil%2BFrance/,traité (2026-08-22 19:48)
https://www.google.com/maps/search/etablissement+wellness+Verneuil%2BFrance/,traité (2026-08-22 19:48)
https://www.google.com/maps/search/etablissement+wellness+Verneuil%2BFrance/,traité (2026-08-22 19:48)
https://www.google.com/maps/search/etablissement+wellness+Verneuil%2BFrance/,traité (2026-08-22 19:48)
https://www.google.com/maps/search/etablissement+wellness+Verneuil d'Avre et d'Iton%2BFrance/,traité (2026-08-22 19:51)
https://www.google.com/maps/search/etablissement+wellness+Verneuil-en-Bourbonnais%2BFrance/,traité (2026-08-22 19:51)
https://www.google.com/maps/search/etablissement+wellness+Verneuil-en-Halatte%2BFrance/,traité (2026-08-22 19:51)
https://www.google.com/maps/search/etablissement+wellness+Verneuil-Grand%2BFrance/,traité (2026-08-22 19:51)
https://www.google.com/maps/search/etablissement+wellness+Verneuil-l'Étang%2BFrance/,traité (2026-08-22 19:51)
https://www.google.com/maps/search/etablissement+wellness+Verneuil-le-Château%2BFrance/,traité (2026-08-22 19:51)
https://www.google.com/maps/search/etablissement+wellness+Verneuil-Moustiers%2BFrance/,traité (2026-08-22 19:52)
https://www.google.com/maps/search/etablissement+wellness+Verneuil-Petit%2BFrance/,traité (2026-08-22 19:52)
https://www.google.com/maps/search/etablissement+wellness+Verneuil-sous-Coucy%2BFrance/,traité (2026-08-22 19:53)
https://www.google.com/maps/search/etablissement+wellness+Verneuil-sur-Igneraie%2BFrance/,traité (2026-08-22 19:53)
https://www.google.com/maps/search/etablissement+wellness+Verneuil-sur-Indre%2BFrance/,traité (2026-08-22 19:55)
https://www.google.com/maps/search/etablissement+wellness+Verneuil-sur-Seine%2BFrance/,traité (2026-08-22 19:55)
https://www.google.com/maps/search/etablissement+wellness+Verneuil-sur-Serre%2BFrance/,traité (2026-08-22 19:55)
https://www.google.com/maps/search/etablissement+wellness+Verneuil-sur-Vienne%2BFrance/,traité (2026-08-22 19:55)
https://www.google.com/maps/search/etablissement+wellness+Verneusses%2BFrance/,traité (2026-08-22 19:55)
https://www.google.com/maps/search/etablissement+wellness+Vernéville%2BFrance/,traité (2026-08-22 19:55)
https://www.google.com/maps/search/etablissement+wellness+Vernie%2BFrance/,traité (2026-08-22 19:55)
https://www.google.com/maps/search/etablissement+wellness+Vernierfontaine%2BFrance/,traité (2026-08-22 19:55)
https://www.google.com/maps/search/etablissement+wellness+Vernines%2BFrance/,traité (2026-08-22 19:56)
https://www.google.com/maps/search/etablissement+wellness+Verniolle%2BFrance/,traité (2026-08-22 19:56)
https://www.google.com/maps/search/etablissement+wellness+Vernioz%2BFrance/,traité (2026-08-22 19:58)
https://www.google.com/maps/search/etablissement+wellness+Vernix%2BFrance/,traité (2026-08-22 19:58)
https://www.google.com/maps/search/etablissement+wellness+Vernoil-le-Fourrier%2BFrance/,traité (2026-08-22 19:58)
https://www.google.com/maps/search/etablissement+wellness+Le Vernois%2BFrance/,traité (2026-08-22 19:58)
https://www.google.com/maps/search/etablissement+wellness+Vernois-lès-Belvoir%2BFrance/,traité (2026-08-22 19:58)
https://www.google.com/maps/search/etablissement+wellness+Vernois-lès-Vesvres%2BFrance/,traité (2026-08-22 19:59)
https://www.google.com/maps/search/etablissement+wellness+Vernois-sur-Mance%2BFrance/,traité (2026-08-22 19:59)
https://www.google.com/maps/search/etablissement+wellness+Vernols%2BFrance/,traité (2026-08-22 20:00)
https://www.google.com/maps/search/etablissement+wellness+Vernon%2BFrance/,traité (2026-08-22 20:02)
https://www.google.com/maps/search/etablissement+wellness+Vernon%2BFrance/,traité (2026-08-22 20:02)
https://www.google.com/maps/search/etablissement+wellness+Vernon%2BFrance/,traité (2026-08-22 20:02)
https://www.google.com/maps/search/etablissement+wellness+Vernonvilliers%2BFrance/,traité (2026-08-22 20:02)
https://www.google.com/maps/search/etablissement+wellness+Vernosc-lès-Annonay%2BFrance/,traité (2026-08-22 20:03)
https://www.google.com/maps/search/etablissement+wellness+Vernot%2BFrance/,traité (2026-08-22 20:03)
https://www.google.com/maps/search/etablissement+wellness+La Vernotte%2BFrance/,traité (2026-08-22 20:03)
https://www.google.com/maps/search/etablissement+wellness+Vernou-en-Sologne%2BFrance/,traité (2026-08-22 20:03)
https://www.google.com/maps/search/etablissement+wellness+Vernou-la-Celle-sur-Seine%2BFrance/,traité (2026-08-22 20:03)
https://www.google.com/maps/search/etablissement+wellness+Vernou-sur-Brenne%2BFrance/,traité (2026-08-22 20:04)
https://www.google.com/maps/search/etablissement+wellness+Vernouillet%2BFrance/,traité (2026-08-22 20:04)
https://www.google.com/maps/search/etablissement+wellness+Vernouillet%2BFrance/,traité (2026-08-22 20:04)
https://www.google.com/maps/search/etablissement+wellness+Vernoux%2BFrance/,traité (2026-08-22 20:07)
https://www.google.com/maps/search/etablissement+wellness+Vernoux-en-Gâtine%2BFrance/,traité (2026-08-22 20:07)
https://www.google.com/maps/search/etablissement+wellness+Vernoux-en-Vivarais%2BFrance/,traité (2026-08-22 20:07)
https://www.google.com/maps/search/etablissement+wellness+Vernoux-sur-Boutonne%2BFrance/,traité (2026-08-22 20:07)
https://www.google.com/maps/search/etablissement+wellness+Le Vernoy%2BFrance/,traité (2026-08-22 20:07)
https://www.google.com/maps/search/etablissement+wellness+Vernoy%2BFrance/,traité (2026-08-22 20:07)
https://www.google.com/maps/search/etablissement+wellness+Vernusse%2BFrance/,traité (2026-08-22 20:07)
https://www.google.com/maps/search/etablissement+wellness+Verny%2BFrance/,traité (2026-08-22 20:07)
https://www.google.com/maps/search/etablissement+wellness+Vero%2BFrance/,traité (2026-08-22 20:08)
https://www.google.com/maps/search/etablissement+wellness+Véron%2BFrance/,traité (2026-08-22 20:08)
https://www.google.com/maps/search/etablissement+wellness+Véronne%2BFrance/,traité (2026-08-22 20:10)
https://www.google.com/maps/search/etablissement+wellness+Véronnes%2BFrance/,traité (2026-08-22 20:10)
https://www.google.com/maps/search/etablissement+wellness+Verosvres%2BFrance/,traité (2026-08-22 20:10)
https://www.google.com/maps/search/etablissement+wellness+Verpel%2BFrance/,traité (2026-08-22 20:10)
https://www.google.com/maps/search/etablissement+wellness+La Verpillière%2BFrance/,traité (2026-08-22 20:10)
https://www.google.com/maps/search/etablissement+wellness+Verpillières%2BFrance/,traité (2026-08-22 20:10)
https://www.google.com/maps/search/etablissement+wellness+Verpillières-sur-Ource%2BFrance/,traité (2026-08-22 20:11)
https://www.google.com/maps/search/etablissement+wellness+Verquières%2BFrance/,traité (2026-08-22 20:11)
https://www.google.com/maps/search/etablissement+wellness+Verquigneul%2BFrance/,traité (2026-08-22 20:11)
https://www.google.com/maps/search/etablissement+wellness+Verquin%2BFrance/,échec (2026-08-22 20:12)
https://www.google.com/maps/search/etablissement+wellness+Verrens-Arvey%2BFrance/,traité (2026-08-22 20:14)
https://www.google.com/maps/search/etablissement+wellness+Verreries-de-Moussans%2BFrance/,traité (2026-08-22 20:14)
https://www.google.com/maps/search/etablissement+wellness+Verrey-sous-Drée%2BFrance/,traité (2026-08-22 20:14)
https://www.google.com/maps/search/etablissement+wellness+Verrey-sous-Salmaise%2BFrance/,traité (2026-08-22 20:14)
https://www.google.com/maps/search/etablissement+wellness+Verricourt%2BFrance/,traité (2026-08-22 20:14)
https://www.google.com/maps/search/etablissement+wellness+Verrie%2BFrance/,traité (2026-08-22 20:14)
https://www.google.com/maps/search/etablissement+wellness+La Verrie%2BFrance/,traité (2026-08-22 20:15)
https://www.google.com/maps/search/etablissement+wellness+La Verrière%2BFrance/,traité (2026-08-22 20:15)
https://www.google.com/maps/search/etablissement+wellness+Verrières%2BFrance/,traité (2026-08-22 20:18)
https://www.google.com/maps/search/etablissement+wellness+Verrières%2BFrance/,traité (2026-08-22 20:18)
https://www.google.com/maps/search/etablissement+wellness+Verrières%2BFrance/,traité (2026-08-22 20:18)
https://www.google.com/maps/search/etablissement+wellness+Verrières%2BFrance/,traité (2026-08-22 20:18)
https://www.google.com/maps/search/etablissement+wellness+Verrières%2BFrance/,traité (2026-08-22 20:18)
https://www.google.com/maps/search/etablissement+wellness+Verrières%2BFrance/,traité (2026-08-22 20:18)
https://www.google.com/maps/search/etablissement+wellness+Verrières%2BFrance/,traité (2026-08-22 20:18)
https://www.google.com/maps/search/etablissement+wellness+Verrières%2BFrance/,traité (2026-08-22 20:18)
https://www.google.com/maps/search/etablissement+wellness+Verrières-de-Joux%2BFrance/,traité (2026-08-22 20:18)
https://www.google.com/maps/search/etablissement+wellness+Verrières-du-Grosbois%2BFrance/,traité (2026-08-22 20:19)
https://www.google.com/maps/search/etablissement+wellness+Verrières-en-Anjou%2BFrance/,traité (2026-08-22 20:19)
https://www.google.com/maps/search/etablissement+wellness+Verrières-en-Forez%2BFrance/,traité (2026-08-22 20:19)
https://www.google.com/maps/search/etablissement+wellness+Verrières-le-Buisson%2BFrance/,traité (2026-08-22 20:22)
https://www.google.com/maps/search/etablissement+wellness+Verrue%2BFrance/,traité (2026-08-22 20:22)
https://www.google.com/maps/search/etablissement+wellness+Verruyes%2BFrance/,traité (2026-08-22 20:22)
https://www.google.com/maps/search/etablissement+wellness+Vers%2BFrance/,traité (2026-08-22 20:22)
https://www.google.com/maps/search/etablissement+wellness+Vers%2BFrance/,traité (2026-08-22 20:22)
https://www.google.com/maps/search/etablissement+wellness+Vers%2BFrance/,traité (2026-08-22 20:22)
https://www.google.com/maps/search/etablissement+wellness+Vers-en-Montagne%2BFrance/,traité (2026-08-22 20:23)
https://www.google.com/maps/search/etablissement+wellness+Vers-Pont-du-Gard%2BFrance/,traité (2026-08-22 20:23)
https://www.google.com/maps/search/etablissement+wellness+Vers-sous-Sellières%2BFrance/,traité (2026-08-22 20:24)
https://www.google.com/maps/search/etablissement+wellness+Vers-sur-Méouge%2BFrance/,traité (2026-08-22 20:26)
https://www.google.com/maps/search/etablissement+wellness+Vers-sur-Selle%2BFrance/,traité (2026-08-22 20:26)
https://www.google.com/maps/search/etablissement+wellness+Versailles%2BFrance/,traité (2026-08-22 20:26)
https://www.google.com/maps/search/etablissement+wellness+Versailleux%2BFrance/,traité (2026-08-22 20:26)
https://www.google.com/maps/search/etablissement+wellness+Versainville%2BFrance/,traité (2026-08-22 20:26)
https://www.google.com/maps/search/etablissement+wellness+La Versanne%2BFrance/,traité (2026-08-22 20:26)
https://www.google.com/maps/search/etablissement+wellness+Versaugues%2BFrance/,traité (2026-08-22 20:26)
https://www.google.com/maps/search/etablissement+wellness+Verseilles-le-Bas%2BFrance/,traité (2026-08-22 20:26)
https://www.google.com/maps/search/etablissement+wellness+Verseilles-le-Haut%2BFrance/,traité (2026-08-22 20:27)
https://www.google.com/maps/search/etablissement+wellness+Versigny%2BFrance/,traité (2026-08-22 20:28)
https://www.google.com/maps/search/etablissement+wellness+Versigny%2BFrance/,traité (2026-08-22 20:28)
https://www.google.com/maps/search/etablissement+wellness+Versols-et-Lapeyre%2BFrance/,traité (2026-08-22 20:30)
https://www.google.com/maps/search/etablissement+wellness+Verson%2BFrance/,traité (2026-08-22 20:30)
https://www.google.com/maps/search/etablissement+wellness+Versonnex%2BFrance/,traité (2026-08-22 20:30)
https://www.google.com/maps/search/etablissement+wellness+Versonnex%2BFrance/,traité (2026-08-22 20:30)
https://www.google.com/maps/search/etablissement+wellness+Le Versoud%2BFrance/,traité (2026-08-22 20:30)
https://www.google.com/maps/search/etablissement+wellness+Vert%2BFrance/,traité (2026-08-22 20:30)
https://www.google.com/maps/search/etablissement+wellness+Vert%2BFrance/,traité (2026-08-22 20:30)
https://www.google.com/maps/search/etablissement+wellness+Le Vert%2BFrance/,traité (2026-08-22 20:31)
https://www.google.com/maps/search/etablissement+wellness+Vert-en-Drouais%2BFrance/,traité (2026-08-22 20:31)
https://www.google.com/maps/search/etablissement+wellness+Vert-le-Grand%2BFrance/,traité (2026-08-22 20:31)
https://www.google.com/maps/search/etablissement+wellness+Vert-le-Petit%2BFrance/,traité (2026-08-22 20:33)
https://www.google.com/maps/search/etablissement+wellness+Vert-Saint-Denis%2BFrance/,traité (2026-08-22 20:33)
https://www.google.com/maps/search/etablissement+wellness+Vert-Toulon%2BFrance/,traité (2026-08-22 20:34)
https://www.google.com/maps/search/etablissement+wellness+Vertain%2BFrance/,traité (2026-08-22 20:34)
https://www.google.com/maps/search/etablissement+wellness+Vertaizon%2BFrance/,traité (2026-08-22 20:34)
https://www.google.com/maps/search/etablissement+wellness+Vertamboz%2BFrance/,traité (2026-08-22 20:34)
https://www.google.com/maps/search/etablissement+wellness+Vertault%2BFrance/,traité (2026-08-22 20:34)
https://www.google.com/maps/search/etablissement+wellness+Verteillac%2BFrance/,traité (2026-08-22 20:35)
https://www.google.com/maps/search/etablissement+wellness+Verteuil-d'Agenais%2BFrance/,traité (2026-08-22 20:35)
https://www.google.com/maps/search/etablissement+wellness+Verteuil-sur-Charente%2BFrance/,traité (2026-08-22 20:35)
https://www.google.com/maps/search/etablissement+wellness+Verthemex%2BFrance/,traité (2026-08-22 20:37)
https://www.google.com/maps/search/etablissement+wellness+Vertheuil%2BFrance/,traité (2026-08-22 20:37)
https://www.google.com/maps/search/etablissement+wellness+Vertolaye%2BFrance/,traité (2026-08-22 20:37)
https://www.google.com/maps/search/etablissement+wellness+Verton%2BFrance/,traité (2026-08-22 20:37)
https://www.google.com/maps/search/etablissement+wellness+Vertou%2BFrance/,traité (2026-08-22 20:37)
https://www.google.com/maps/search/etablissement+wellness+Vertrieu%2BFrance/,traité (2026-08-22 20:38)
https://www.google.com/maps/search/etablissement+wellness+Vervant%2BFrance/,traité (2026-08-22 20:38)
https://www.google.com/maps/search/etablissement+wellness+Vervant%2BFrance/,traité (2026-08-22 20:38)
https://www.google.com/maps/search/etablissement+wellness+Vervezelle%2BFrance/,traité (2026-08-22 20:39)
https://www.google.com/maps/search/etablissement+wellness+Vervins%2BFrance/,traité (2026-08-22 20:39)
https://www.google.com/maps/search/etablissement+wellness+Véry%2BFrance/,traité (2026-08-22 20:41)
https://www.google.com/maps/search/etablissement+wellness+Verzé%2BFrance/,traité (2026-08-22 20:41)
https://www.google.com/maps/search/etablissement+wellness+Verzeille%2BFrance/,traité (2026-08-22 20:41)
https://www.google.com/maps/search/etablissement+wellness+Verzenay%2BFrance/,traité (2026-08-22 20:41)
https://www.google.com/maps/search/etablissement+wellness+Verzy%2BFrance/,traité (2026-08-22 20:41)
https://www.google.com/maps/search/etablissement+wellness+Vesaignes-sous-Lafauche%2BFrance/,traité (2026-08-22 20:41)
https://www.google.com/maps/search/etablissement+wellness+Vesaignes-sur-Marne%2BFrance/,traité (2026-08-22 20:42)
https://www.google.com/maps/search/etablissement+wellness+Vesancy%2BFrance/,traité (2026-08-22 20:42)
https://www.google.com/maps/search/etablissement+wellness+Vesc%2BFrance/,traité (2026-08-22 20:42)
https://www.google.com/maps/search/etablissement+wellness+Vescemont%2BFrance/,traité (2026-08-22 20:43)
https://www.google.com/maps/search/etablissement+wellness+Vescheim%2BFrance/,traité (2026-08-22 20:45)
https://www.google.com/maps/search/etablissement+wellness+Vescles%2BFrance/,traité (2026-08-22 20:45)
https://www.google.com/maps/search/etablissement+wellness+Vescours%2BFrance/,traité (2026-08-22 20:45)
https://www.google.com/maps/search/etablissement+wellness+Vescovato%2BFrance/,traité (2026-08-22 20:45)
https://www.google.com/maps/search/etablissement+wellness+Vesdun%2BFrance/,traité (2026-08-22 20:45)
https://www.google.com/maps/search/etablissement+wellness+Vésigneul-sur-Marne%2BFrance/,traité (2026-08-22 20:46)
https://www.google.com/maps/search/etablissement+wellness+Vésines%2BFrance/,traité (2026-08-22 20:46)
https://www.google.com/maps/search/etablissement+wellness+Le Vésinet%2BFrance/,traité (2026-08-22 20:47)
https://www.google.com/maps/search/etablissement+wellness+Vesles-et-Caumont%2BFrance/,traité (2026-08-22 20:47)
https://www.google.com/maps/search/etablissement+wellness+Veslud%2BFrance/,
https://www.google.com/maps/search/etablissement+wellness+Vesly%2BFrance/,
https://www.google.com/maps/search/etablissement+wellness+Vesly%2BFrance/,
https://www.google.com/maps/search/etablissement+wellness+Vesoul%2BFrance/,
https://www.google.com/maps/search/etablissement+wellness+La Vespière-Friardel%2BFrance/,
https://www.google.com/maps/search/etablissement+wellness+Vesseaux%2BFrance/,
https://www.google.com/maps/search/etablissement+wellness+Vestric-et-Candiac%2BFrance/,
https://www.google.com/maps/search/etablissement+wellness+Vesvres%2BFrance/,
https://www.google.com/maps/search/etablissement+wellness+Vesvres-sous-Chalancey%2BFrance/,
https://www.google.com/maps/search/etablissement+wellness+Vétheuil%2BFrance/,
https://www.google.com/maps/search/etablissement+wellness+Vétraz-Monthoux%2BFrance/,
https://www.google.com/maps/search/etablissement+wellness+Vétrigne%2BFrance/,
https://www.google.com/maps/search/etablissement+wellness+Veuil%2BFrance/,
https://www.google.com/maps/search/etablissement+wellness+Veuilly-la-Poterie%2BFrance/,
https://www.google.com/maps/search/etablissement+wellness+Veules-les-Roses%2BFrance/,
https://www.google.com/maps/search/etablissement+wellness+Veulettes-sur-Mer%2BFrance/,
https://www.google.com/maps/search/etablissement+wellness+Le Veurdre%2BFrance/,
https://www.google.com/maps/search/etablissement+wellness+Veurey-Voroize%2BFrance/,
https://www.google.com/maps/search/etablissement+wellness+La Veuve%2BFrance/,
https://www.google.com/maps/search/etablissement+wellness+Veuves%2BFrance/,
https://www.google.com/maps/search/etablissement+wellness+Veuvey-sur-Ouche%2BFrance/,
https://www.google.com/maps/search/etablissement+wellness+Veuxhaulles-sur-Aube%2BFrance/,
https://www.google.com/maps/search/etablissement+wellness+Veuzain-sur-Loire%2BFrance/,
https://www.google.com/maps/search/etablissement+wellness+Vevy%2BFrance/,
https://www.google.com/maps/search/etablissement+wellness+Vexaincourt%2BFrance/,
https://www.google.com/maps/search/etablissement+wellness+Vexin-sur-Epte%2BFrance/,
https://www.google.com/maps/search/etablissement+wellness+Le Vey%2BFrance/,
https://www.google.com/maps/search/etablissement+wellness+Veynes%2BFrance/,
https://www.google.com/maps/search/etablissement+wellness+Veyrac%2BFrance/,
https://www.google.com/maps/search/etablissement+wellness+Veyras%2BFrance/,
https://www.google.com/maps/search/etablissement+wellness+Veyre-Monton%2BFrance/,
https://www.google.com/maps/search/etablissement+wellness+Veyreau%2BFrance/,
https://www.google.com/maps/search/etablissement+wellness+Veyrier-du-Lac%2BFrance/,
https://www.google.com/maps/search/etablissement+wellness+Veyrières%2BFrance/,
https://www.google.com/maps/search/etablissement+wellness+Veyrières%2BFrance/,
https://www.google.com/maps/search/etablissement+wellness+Veyrignac%2BFrance/,
https://www.google.com/maps/search/etablissement+wellness+Veyrines-de-Domme%2BFrance/,
https://www.google.com/maps/search/etablissement+wellness+Veyrines-de-Vergt%2BFrance/,
https://www.google.com/maps/search/etablissement+wellness+Les Veys%2BFrance/,
https://www.google.com/maps/search/etablissement+wellness+Veyssilieu%2BFrance/,
https://www.google.com/maps/search/etablissement+wellness+Vez%2BFrance/,
https://www.google.com/maps/search/etablissement+wellness+Vézac%2BFrance/,
https://www.google.com/maps/search/etablissement+wellness+Vézac%2BFrance/,
https://www.google.com/maps/search/etablissement+wellness+Vézannes%2BFrance/,
https://www.google.com/maps/search/etablissement+wellness+Vézaponin%2BFrance/,
https://www.google.com/maps/search/etablissement+wellness+Vèze%2BFrance/,
https://www.google.com/maps/search/etablissement+wellness+La Vèze%2BFrance/,
https://www.google.com/maps/search/etablissement+wellness+Vézelay%2BFrance/,
https://www.google.com/maps/search/etablissement+wellness+Vézelise%2BFrance/,
https://www.google.com/maps/search/etablissement+wellness+Vézelois%2BFrance/,
https://www.google.com/maps/search/etablissement+wellness+Vezels-Roussy%2BFrance/,
https://www.google.com/maps/search/etablissement+wellness+Vézénobres%2BFrance/,
https://www.google.com/maps/search/etablissement+wellness+Vézeronce-Curtin%2BFrance/,
https://www.google.com/maps/search/etablissement+wellness+Vézézoux%2BFrance/,
https://www.google.com/maps/search/etablissement+wellness+Le Vézier%2BFrance/,
https://www.google.com/maps/search/etablissement+wellness+Vézières%2BFrance/,
https://www.google.com/maps/search/etablissement+wellness+Vézillon%2BFrance/,
https://www.google.com/maps/search/etablissement+wellness+Vézilly%2BFrance/,
https://www.google.com/maps/search/etablissement+wellness+Vezin-le-Coquet%2BFrance/,
https://www.google.com/maps/search/etablissement+wellness+Vézinnes%2BFrance/,
https://www.google.com/maps/search/etablissement+wellness+Vezins%2BFrance/,
https://www.google.com/maps/search/etablissement+wellness+Vézins-de-Lévézou%2BFrance/,
https://www.google.com/maps/search/etablissement+wellness+Vezot%2BFrance/,
https://www.google.com/maps/search/etablissement+wellness+Vezzani%2BFrance/,
https://www.google.com/maps/search/etablissement+wellness+Viala-du-Pas-de-Jaux%2BFrance/,
https://www.google.com/maps/search/etablissement+wellness+Viala-du-Tarn%2BFrance/,
https://www.google.com/maps/search/etablissement+wellness+Vialas%2BFrance/,
https://www.google.com/maps/search/etablissement+wellness+Vialer%2BFrance/,
https://www.google.com/maps/search/etablissement+wellness+Viam%2BFrance/,
https://www.google.com/maps/search/etablissement+wellness+Viane%2BFrance/,
https://www.google.com/maps/search/etablissement+wellness+Vianges%2BFrance/,
https://www.google.com/maps/search/etablissement+wellness+Vianne%2BFrance/,
https://www.google.com/maps/search/etablissement+wellness+Viâpres-le-Petit%2BFrance/,
https://www.google.com/maps/search/etablissement+wellness+Viarmes%2BFrance/,
https://www.google.com/maps/search/etablissement+wellness+Vias%2BFrance/,
https://www.google.com/maps/search/etablissement+wellness+Viazac%2BFrance/,
https://www.google.com/maps/search/etablissement+wellness+Le Vibal%2BFrance/,
https://www.google.com/maps/search/etablissement+wellness+Vibersviller%2BFrance/,
https://www.google.com/maps/search/etablissement+wellness+Vibeuf%2BFrance/,
https://www.google.com/maps/search/etablissement+wellness+Vibrac%2BFrance/,
https://www.google.com/maps/search/etablissement+wellness+Vibrac%2BFrance/,
https://www.google.com/maps/search/etablissement+wellness+Vibraye%2BFrance/,
https://www.google.com/maps/search/etablissement+wellness+Vic-de-Chassenay%2BFrance/,
https://www.google.com/maps/search/etablissement+wellness+Vic-des-Prés%2BFrance/,
https://www.google.com/maps/search/etablissement+wellness+Vic-en-Bigorre%2BFrance/,
https://www.google.com/maps/search/etablissement+wellness+Vic-Fezensac%2BFrance/,
https://www.google.com/maps/search/etablissement+wellness+Vic-la-Gardiole%2BFrance/,
https://www.google.com/maps/search/etablissement+wellness+Vic-le-Comte%2BFrance/,
https://www.google.com/maps/search/etablissement+wellness+Vic-le-Fesq%2BFrance/,
https://www.google.com/maps/search/etablissement+wellness+Vic-sous-Thil%2BFrance/,
https://www.google.com/maps/search/etablissement+wellness+Vic-sur-Aisne%2BFrance/,
https://www.google.com/maps/search/etablissement+wellness+Vic-sur-Cère%2BFrance/,
https://www.google.com/maps/search/etablissement+wellness+Vic-sur-Seille%2BFrance/,
https://www.google.com/maps/search/etablissement+wellness+Vicdessos%2BFrance/,
https://www.google.com/maps/search/etablissement+wellness+Le Vicel%2BFrance/,
https://www.google.com/maps/search/etablissement+wellness+Vichel%2BFrance/,
https://www.google.com/maps/search/etablissement+wellness+Vichel-Nanteuil%2BFrance/,
https://www.google.com/maps/search/etablissement+wellness+Vichères%2BFrance/,
https://www.google.com/maps/search/etablissement+wellness+Vicherey%2BFrance/,
https://www.google.com/maps/search/etablissement+wellness+Vichy%2BFrance/,
https://www.google.com/maps/search/etablissement+wellness+Vico%2BFrance/,
https://www.google.com/maps/search/etablissement+wellness+La Vicogne%2BFrance/,
https://www.google.com/maps/search/etablissement+wellness+La Vicomté-sur-Rance%2BFrance/,
https://www.google.com/maps/search/etablissement+wellness+Vicq%2BFrance/,
https://www.google.com/maps/search/etablissement+wellness+Vicq%2BFrance/,
https://www.google.com/maps/search/etablissement+wellness+Vicq%2BFrance/,
https://www.google.com/maps/search/etablissement+wellness+Vicq%2BFrance/,
https://www.google.com/maps/search/etablissement+wellness+Vicq-d'Auribat%2BFrance/,
https://www.google.com/maps/search/etablissement+wellness+Vicq-Exemplet%2BFrance/,
https://www.google.com/maps/search/etablissement+wellness+Vicq-sur-Breuilh%2BFrance/,
https://www.google.com/maps/search/etablissement+wellness+Vicq-sur-Gartempe%2BFrance/,
https://www.google.com/maps/search/etablissement+wellness+Vicq-sur-Mer%2BFrance/,
https://www.google.com/maps/search/etablissement+wellness+Vicq-sur-Nahon%2BFrance/,
https://www.google.com/maps/search/etablissement+wellness+Vicques%2BFrance/,
https://www.google.com/maps/search/etablissement+wellness+Victot-Pontfol%2BFrance/,
https://www.google.com/maps/search/etablissement+wellness+Vidai%2BFrance/,
https://www.google.com/maps/search/etablissement+wellness+Vidaillac%2BFrance/,
https://www.google.com/maps/search/etablissement+wellness+Vidaillat%2BFrance/,
https://www.google.com/maps/search/etablissement+wellness+Vidauban%2BFrance/,
https://www.google.com/maps/search/etablissement+wellness+Videcosville%2BFrance/,
https://www.google.com/maps/search/etablissement+wellness+Videix%2BFrance/,
https://www.google.com/maps/search/etablissement+wellness+Videlles%2BFrance/,
https://www.google.com/maps/search/etablissement+wellness+Vidou%2BFrance/,
https://www.google.com/maps/search/etablissement+wellness+Vidouze%2BFrance/,
https://www.google.com/maps/search/etablissement+wellness+Viefvillers%2BFrance/,
https://www.google.com/maps/search/etablissement+wellness+Le Vieil-Dampierre%2BFrance/,
https://www.google.com/maps/search/etablissement+wellness+Le Vieil-Évreux%2BFrance/,
https://www.google.com/maps/search/etablissement+wellness+Vieil-Hesdin%2BFrance/,
https://www.google.com/maps/search/etablissement+wellness+Vieil-Moutier%2BFrance/,
https://www.google.com/maps/search/etablissement+wellness+Vieille-Brioude%2BFrance/,
https://www.google.com/maps/search/etablissement+wellness+Vieille-Chapelle%2BFrance/,
https://www.google.com/maps/search/etablissement+wellness+Vieille-Église%2BFrance/,
https://www.google.com/maps/search/etablissement+wellness+Vieille-Église-en-Yvelines%2BFrance/,
https://www.google.com/maps/search/etablissement+wellness+La Vieille-Loye%2BFrance/,
https://www.google.com/maps/search/etablissement+wellness+La Vieille-Lyre%2BFrance/,
https://www.google.com/maps/search/etablissement+wellness+Vieille-Toulouse%2BFrance/,
https://www.google.com/maps/search/etablissement+wellness+Vieilles-Maisons-sur-Joudry%2BFrance/,
https://www.google.com/maps/search/etablissement+wellness+Vieillespesse%2BFrance/,
https://www.google.com/maps/search/etablissement+wellness+Vieillevie%2BFrance/,
https://www.google.com/maps/search/etablissement+wellness+Vieillevigne%2BFrance/,
https://www.google.com/maps/search/etablissement+wellness+Vieillevigne%2BFrance/,
https://www.google.com/maps/search/etablissement+wellness+Vieilley%2BFrance/,
https://www.google.com/maps/search/etablissement+wellness+Vieilmoulin%2BFrance/,
https://www.google.com/maps/search/etablissement+wellness+Viel-Arcy%2BFrance/,
https://www.google.com/maps/search/etablissement+wellness+Viel-Saint-Remy%2BFrance/,
https://www.google.com/maps/search/etablissement+wellness+Viella%2BFrance/,
https://www.google.com/maps/search/etablissement+wellness+Viella%2BFrance/,
https://www.google.com/maps/search/etablissement+wellness+Vielle-Adour%2BFrance/,
https://www.google.com/maps/search/etablissement+wellness+Vielle-Aure%2BFrance/,
https://www.google.com/maps/search/etablissement+wellness+Vielle-Louron%2BFrance/,
https://www.google.com/maps/search/etablissement+wellness+Vielle-Saint-Girons%2BFrance/,
https://www.google.com/maps/search/etablissement+wellness+Vielle-Soubiran%2BFrance/,
https://www.google.com/maps/search/etablissement+wellness+Vielle-Tursan%2BFrance/,
https://www.google.com/maps/search/etablissement+wellness+Viellenave-d'Arthez%2BFrance/,
https://www.google.com/maps/search/etablissement+wellness+Viellenave-de-Navarrenx%2BFrance/,
https://www.google.com/maps/search/etablissement+wellness+Vielleségure%2BFrance/,
https://www.google.com/maps/search/etablissement+wellness+Vielmanay%2BFrance/,
https://www.google.com/maps/search/etablissement+wellness+Vielmur-sur-Agout%2BFrance/,
https://www.google.com/maps/search/etablissement+wellness+Vielprat%2BFrance/,
https://www.google.com/maps/search/etablissement+wellness+Viels-Maisons%2BFrance/,
https://www.google.com/maps/search/etablissement+wellness+Vielverge%2BFrance/,
https://www.google.com/maps/search/etablissement+wellness+Viennay%2BFrance/,
https://www.google.com/maps/search/etablissement+wellness+Vienne%2BFrance/,
https://www.google.com/maps/search/etablissement+wellness+Vienne-en-Arthies%2BFrance/,
https://www.google.com/maps/search/etablissement+wellness+Vienne-en-Bessin%2BFrance/,
https://www.google.com/maps/search/etablissement+wellness+Vienne-en-Val%2BFrance/,
https://www.google.com/maps/search/etablissement+wellness+Vienne-la-Ville%2BFrance/,
https://www.google.com/maps/search/etablissement+wellness+Vienne-le-Château%2BFrance/,
https://www.google.com/maps/search/etablissement+wellness+Viens%2BFrance/,
https://www.google.com/maps/search/etablissement+wellness+Vienville%2BFrance/,
https://www.google.com/maps/search/etablissement+wellness+Vier-Bordes%2BFrance/,
https://www.google.com/maps/search/etablissement+wellness+Viersat%2BFrance/,
https://www.google.com/maps/search/etablissement+wellness+Vierville%2BFrance/,
https://www.google.com/maps/search/etablissement+wellness+Vierville%2BFrance/,
https://www.google.com/maps/search/etablissement+wellness+Vierville-sur-Mer%2BFrance/,
https://www.google.com/maps/search/etablissement+wellness+Vierzon%2BFrance/,
https://www.google.com/maps/search/etablissement+wellness+Vierzy%2BFrance/,
https://www.google.com/maps/search/etablissement+wellness+Viesly%2BFrance/,
https://www.google.com/maps/search/etablissement+wellness+Viéthorey%2BFrance/,
https://www.google.com/maps/search/etablissement+wellness+Vieu%2BFrance/,
https://www.google.com/maps/search/etablissement+wellness+Vieu-d'Izenave%2BFrance/,
https://www.google.com/maps/search/etablissement+wellness+Vieure%2BFrance/,
https://www.google.com/maps/search/etablissement+wellness+Vieussan%2BFrance/,
https://www.google.com/maps/search/etablissement+wellness+Vieuvicq%2BFrance/,
https://www.google.com/maps/search/etablissement+wellness+Vieuvy%2BFrance/,
https://www.google.com/maps/search/etablissement+wellness+Vieux%2BFrance/,
https://www.google.com/maps/search/etablissement+wellness+Vieux%2BFrance/,
https://www.google.com/maps/search/etablissement+wellness+Vieux-Berquin%2BFrance/,
https://www.google.com/maps/search/etablissement+wellness+Vieux-Boucau-les-Bains%2BFrance/,
https://www.google.com/maps/search/etablissement+wellness+Vieux-Bourg%2BFrance/,
https://www.google.com/maps/search/etablissement+wellness+Le Vieux-Bourg%2BFrance/,
https://www.google.com/maps/search/etablissement+wellness+Le Vieux-Cérier%2BFrance/,
https://www.google.com/maps/search/etablissement+wellness+Vieux-Champagne%2BFrance/,
https://www.google.com/maps/search/etablissement+wellness+Vieux-Charmont%2BFrance/,
https://www.google.com/maps/search/etablissement+wellness+Vieux-Château%2BFrance/,
https://www.google.com/maps/search/etablissement+wellness+Vieux-Condé%2BFrance/,
https://www.google.com/maps/search/etablissement+wellness+Vieux-Ferrette%2BFrance/,
https://www.google.com/maps/search/etablissement+wellness+Vieux-Fort%2BFrance/,
https://www.google.com/maps/search/etablissement+wellness+Vieux-Fumé%2BFrance/,
https://www.google.com/maps/search/etablissement+wellness+Vieux-Habitants%2BFrance/,
https://www.google.com/maps/search/etablissement+wellness+Vieux-lès-Asfeld%2BFrance/,
https://www.google.com/maps/search/etablissement+wellness+Vieux-Lixheim%2BFrance/,
https://www.google.com/maps/search/etablissement+wellness+Vieux-Manoir%2BFrance/,
https://www.google.com/maps/search/etablissement+wellness+Le Vieux-Marché%2BFrance/,
https://www.google.com/maps/search/etablissement+wellness+Vieux-Mareuil%2BFrance/,
https://www.google.com/maps/search/etablissement+wellness+Vieux-Mesnil%2BFrance/,
https://www.google.com/maps/search/etablissement+wellness+Vieux-Moulin%2BFrance/,
https://www.google.com/maps/search/etablissement+wellness+Vieux-Moulin%2BFrance/,
https://www.google.com/maps/search/etablissement+wellness+Vieux-Pont%2BFrance/,
https://www.google.com/maps/search/etablissement+wellness+Vieux-Pont-en-Auge%2BFrance/,
https://www.google.com/maps/search/etablissement+wellness+Vieux-Port%2BFrance/,
https://www.google.com/maps/search/etablissement+wellness+Vieux-Reng%2BFrance/,
https://www.google.com/maps/search/etablissement+wellness+Vieux-Rouen-sur-Bresle%2BFrance/,
https://www.google.com/maps/search/etablissement+wellness+La Vieux-Rue%2BFrance/,
https://www.google.com/maps/search/etablissement+wellness+Vieux-Ruffec%2BFrance/,
https://www.google.com/maps/search/etablissement+wellness+Vieux-Thann%2BFrance/,
https://www.google.com/maps/search/etablissement+wellness+Vieux-Viel%2BFrance/,
https://www.google.com/maps/search/etablissement+wellness+Vieux-Vy-sur-Couesnon%2BFrance/,
https://www.google.com/maps/search/etablissement+wellness+Vieuzos%2BFrance/,
https://www.google.com/maps/search/etablissement+wellness+Viévigne%2BFrance/,
https://www.google.com/maps/search/etablissement+wellness+Viéville%2BFrance/,
https://www.google.com/maps/search/etablissement+wellness+Viéville-en-Haye%2BFrance/,
https://www.google.com/maps/search/etablissement+wellness+Viévy%2BFrance/,
https://www.google.com/maps/search/etablissement+wellness+Vievy-le-Rayé%2BFrance/,
https://www.google.com/maps/search/etablissement+wellness+Viey%2BFrance/,
https://www.google.com/maps/search/etablissement+wellness+Vif%2BFrance/,
https://www.google.com/maps/search/etablissement+wellness+Viffort%2BFrance/,
https://www.google.com/maps/search/etablissement+wellness+Le Vigan%2BFrance/,
https://www.google.com/maps/search/etablissement+wellness+Le Vigan%2BFrance/,
https://www.google.com/maps/search/etablissement+wellness+Le Vigean%2BFrance/,
https://www.google.com/maps/search/etablissement+wellness+Le Vigeant%2BFrance/,
https://www.google.com/maps/search/etablissement+wellness+Le Vigen%2BFrance/,
https://www.google.com/maps/search/etablissement+wellness+Vigeois%2BFrance/,
https://www.google.com/maps/search/etablissement+wellness+Viger%2BFrance/,
https://www.google.com/maps/search/etablissement+wellness+Vigeville%2BFrance/,
https://www.google.com/maps/search/etablissement+wellness+Viggianello%2BFrance/,
https://www.google.com/maps/search/etablissement+wellness+Viglain%2BFrance/,
https://www.google.com/maps/search/etablissement+wellness+Vignacourt%2BFrance/,
https://www.google.com/maps/search/etablissement+wellness+Vignale%2BFrance/,
https://www.google.com/maps/search/etablissement+wellness+Vignats%2BFrance/,
https://www.google.com/maps/search/etablissement+wellness+Le Vignau%2BFrance/,
https://www.google.com/maps/search/etablissement+wellness+Vignaux%2BFrance/,
https://www.google.com/maps/search/etablissement+wellness+Les Vigneaux%2BFrance/,
https://www.google.com/maps/search/etablissement+wellness+Vignec%2BFrance/,
https://www.google.com/maps/search/etablissement+wellness+Vignely%2BFrance/,
https://www.google.com/maps/search/etablissement+wellness+Vignemont%2BFrance/,
https://www.google.com/maps/search/etablissement+wellness+Les Vignes%2BFrance/,
https://www.google.com/maps/search/etablissement+wellness+Vignes%2BFrance/,
https://www.google.com/maps/search/etablissement+wellness+Vignes%2BFrance/,
https://www.google.com/maps/search/etablissement+wellness+Vignes-la-Côte%2BFrance/,
https://www.google.com/maps/search/etablissement+wellness+Vigneul-sous-Montmédy%2BFrance/,
https://www.google.com/maps/search/etablissement+wellness+Vigneulles%2BFrance/,
https://www.google.com/maps/search/etablissement+wellness+Vigneulles-lès-Hattonchâtel%2BFrance/,
https://www.google.com/maps/search/etablissement+wellness+Vigneux-de-Bretagne%2BFrance/,
https://www.google.com/maps/search/etablissement+wellness+Vigneux-Hocquet%2BFrance/,
https://www.google.com/maps/search/etablissement+wellness+Vigneux-sur-Seine%2BFrance/,
https://www.google.com/maps/search/etablissement+wellness+Vignevieille%2BFrance/,
https://www.google.com/maps/search/etablissement+wellness+Vignieu%2BFrance/,
https://www.google.com/maps/search/etablissement+wellness+Vignoc%2BFrance/,
https://www.google.com/maps/search/etablissement+wellness+Vignol%2BFrance/,
https://www.google.com/maps/search/etablissement+wellness+Vignoles%2BFrance/,
https://www.google.com/maps/search/etablissement+wellness+Vignolles%2BFrance/,
https://www.google.com/maps/search/etablissement+wellness+Vignols%2BFrance/,
https://www.google.com/maps/search/etablissement+wellness+Vignonet%2BFrance/,
https://www.google.com/maps/search/etablissement+wellness+Vignory%2BFrance/,
https://www.google.com/maps/search/etablissement+wellness+Vignot%2BFrance/,
https://www.google.com/maps/search/etablissement+wellness+Vignoux-sous-les-Aix%2BFrance/,
https://www.google.com/maps/search/etablissement+wellness+Vignoux-sur-Barangeon%2BFrance/,
https://www.google.com/maps/search/etablissement+wellness+Vigny%2BFrance/,
https://www.google.com/maps/search/etablissement+wellness+Vigny%2BFrance/,
https://www.google.com/maps/search/etablissement+wellness+Vigoulant%2BFrance/,
https://www.google.com/maps/search/etablissement+wellness+Vigoulet-Auzil%2BFrance/,
https://www.google.com/maps/search/etablissement+wellness+Vigoux%2BFrance/,
https://www.google.com/maps/search/etablissement+wellness+Vigueron%2BFrance/,
https://www.google.com/maps/search/etablissement+wellness+Vigy%2BFrance/,
https://www.google.com/maps/search/etablissement+wellness+Vijon%2BFrance/,
https://www.google.com/maps/search/etablissement+wellness+Vilcey-sur-Trey%2BFrance/,
https://www.google.com/maps/search/etablissement+wellness+Vildé-Guingalan%2BFrance/,
https://www.google.com/maps/search/etablissement+wellness+Le Vilhain%2BFrance/,
https://www.google.com/maps/search/etablissement+wellness+Vilhonneur%2BFrance/,
https://www.google.com/maps/search/etablissement+wellness+Villabé%2BFrance/,
https://www.google.com/maps/search/etablissement+wellness+Villabon%2BFrance/,
https://www.google.com/maps/search/etablissement+wellness+Villac%2BFrance/,
https://www.google.com/maps/search/etablissement+wellness+Villacerf%2BFrance/,
https://www.google.com/maps/search/etablissement+wellness+Villacourt%2BFrance/,
https://www.google.com/maps/search/etablissement+wellness+Villadin%2BFrance/,
https://www.google.com/maps/search/etablissement+wellness+Villafans%2BFrance/,
https://www.google.com/maps/search/etablissement+wellness+Village-Neuf%2BFrance/,
https://www.google.com/maps/search/etablissement+wellness+Villages du Lac de Paladru%2BFrance/,
https://www.google.com/maps/search/etablissement+wellness+Les Villages Vovéens%2BFrance/,
https://www.google.com/maps/search/etablissement+wellness+Villaines-en-Duesmois%2BFrance/,
https://www.google.com/maps/search/etablissement+wellness+Villaines-la-Carelle%2BFrance/,
https://www.google.com/maps/search/etablissement+wellness+Villaines-la-Gonais%2BFrance/,
https://www.google.com/maps/search/etablissement+wellness+Villaines-la-Juhel%2BFrance/,
https://www.google.com/maps/search/etablissement+wellness+Villaines-les-Prévôtes%2BFrance/,
https://www.google.com/maps/search/etablissement+wellness+Villaines-les-Rochers%2BFrance/,
https://www.google.com/maps/search/etablissement+wellness+Villaines-sous-Bois%2BFrance/,
https://www.google.com/maps/search/etablissement+wellness+Villaines-sous-Lucé%2BFrance/,
https://www.google.com/maps/search/etablissement+wellness+Villaines-sous-Malicorne%2BFrance/,
https://www.google.com/maps/search/etablissement+wellness+Villainville%2BFrance/,
https://www.google.com/maps/search/etablissement+wellness+Villalier%2BFrance/,
https://www.google.com/maps/search/etablissement+wellness+Villamblain%2BFrance/,
https://www.google.com/maps/search/etablissement+wellness+Villamblard%2BFrance/,
https://www.google.com/maps/search/etablissement+wellness+Villamée%2BFrance/,
https://www.google.com/maps/search/etablissement+wellness+Villampuy%2BFrance/,
https://www.google.com/maps/search/etablissement+wellness+Villandraut%2BFrance/,
https://www.google.com/maps/search/etablissement+wellness+Villandry%2BFrance/,
https://www.google.com/maps/search/etablissement+wellness+Villanière%2BFrance/,
https://www.google.com/maps/search/etablissement+wellness+Villanova%2BFrance/,
https://www.google.com/maps/search/etablissement+wellness+Villapourçon%2BFrance/,
https://www.google.com/maps/search/etablissement+wellness+Villar-d'Arêne%2BFrance/,
https://www.google.com/maps/search/etablissement+wellness+Villar-en-Val%2BFrance/,
https://www.google.com/maps/search/etablissement+wellness+Villar-Loubière%2BFrance/,
https://www.google.com/maps/search/etablissement+wellness+Villar-Saint-Anselme%2BFrance/,
https://www.google.com/maps/search/etablissement+wellness+Villar-Saint-Pancrace%2BFrance/,
https://www.google.com/maps/search/etablissement+wellness+Villard%2BFrance/,
https://www.google.com/maps/search/etablissement+wellness+Villard%2BFrance/,
https://www.google.com/maps/search/etablissement+wellness+Villard-Bonnot%2BFrance/,
https://www.google.com/maps/search/etablissement+wellness+Villard-d'Héry%2BFrance/,
https://www.google.com/maps/search/etablissement+wellness+Villard-de-Lans%2BFrance/,
https://www.google.com/maps/search/etablissement+wellness+Villard-Léger%2BFrance/,
https://www.google.com/maps/search/etablissement+wellness+Villard-Notre-Dame%2BFrance/,
https://www.google.com/maps/search/etablissement+wellness+Villard-Reculas%2BFrance/,
https://www.google.com/maps/search/etablissement+wellness+Villard-Reymond%2BFrance/,
https://www.google.com/maps/search/etablissement+wellness+Villard-Saint-Christophe%2BFrance/,
https://www.google.com/maps/search/etablissement+wellness+Villard-Saint-Sauveur%2BFrance/,
https://www.google.com/maps/search/etablissement+wellness+Villard-Sallet%2BFrance/,
https://www.google.com/maps/search/etablissement+wellness+Villard-sur-Bienne%2BFrance/,
https://www.google.com/maps/search/etablissement+wellness+Villard-sur-Doron%2BFrance/,
https://www.google.com/maps/search/etablissement+wellness+Villardebelle%2BFrance/,
https://www.google.com/maps/search/etablissement+wellness+Villardonnel%2BFrance/,
https://www.google.com/maps/search/etablissement+wellness+Villards-d'Héria%2BFrance/,
https://www.google.com/maps/search/etablissement+wellness+Les Villards-sur-Thônes%2BFrance/,
https://www.google.com/maps/search/etablissement+wellness+Villarembert%2BFrance/,
https://www.google.com/maps/search/etablissement+wellness+Villargent%2BFrance/,
https://www.google.com/maps/search/etablissement+wellness+Villargoix%2BFrance/,
https://www.google.com/maps/search/etablissement+wellness+Villargondran%2BFrance/,
https://www.google.com/maps/search/etablissement+wellness+Villariès%2BFrance/,
https://www.google.com/maps/search/etablissement+wellness+Villarodin-Bourget%2BFrance/,
https://www.google.com/maps/search/etablissement+wellness+Villaroger%2BFrance/,
https://www.google.com/maps/search/etablissement+wellness+Villaroux%2BFrance/,
https://www.google.com/maps/search/etablissement+wellness+Villars%2BFrance/,
https://www.google.com/maps/search/etablissement+wellness+Villars%2BFrance/,
https://www.google.com/maps/search/etablissement+wellness+Villars%2BFrance/,
https://www.google.com/maps/search/etablissement+wellness+Le Villars%2BFrance/,
https://www.google.com/maps/search/etablissement+wellness+Villars%2BFrance/,
https://www.google.com/maps/search/etablissement+wellness+Villars-Colmars%2BFrance/,
https://www.google.com/maps/search/etablissement+wellness+Villars-en-Azois%2BFrance/,
https://www.google.com/maps/search/etablissement+wellness+Villars-en-Pons%2BFrance/,
https://www.google.com/maps/search/etablissement+wellness+Villars-et-Villenotte%2BFrance/,
https://www.google.com/maps/search/etablissement+wellness+Villars-Fontaine%2BFrance/,
https://www.google.com/maps/search/etablissement+wellness+Villars-le-Pautel%2BFrance/,
https://www.google.com/maps/search/etablissement+wellness+Villars-le-Sec%2BFrance/,
https://www.google.com/maps/search/etablissement+wellness+Villars-lès-Blamont%2BFrance/,
https://www.google.com/maps/search/etablissement+wellness+Villars-les-Bois%2BFrance/,
https://www.google.com/maps/search/etablissement+wellness+Villars-les-Dombes%2BFrance/,
https://www.google.com/maps/search/etablissement+wellness+Villars-Saint-Georges%2BFrance/,
https://www.google.com/maps/search/etablissement+wellness+Villars-Santenoge%2BFrance/,
https://www.google.com/maps/search/etablissement+wellness+Villars-sous-Dampjoux%2BFrance/,
https://www.google.com/maps/search/etablissement+wellness+Villars-sous-Écot%2BFrance/,
https://www.google.com/maps/search/etablissement+wellness+Villars-sur-Var%2BFrance/,
https://www.google.com/maps/search/etablissement+wellness+Villarzel-Cabardès%2BFrance/,
https://www.google.com/maps/search/etablissement+wellness+Villarzel-du-Razès%2BFrance/,
https://www.google.com/maps/search/etablissement+wellness+Villasavary%2BFrance/,
https://www.google.com/maps/search/etablissement+wellness+Villate%2BFrance/,
https://www.google.com/maps/search/etablissement+wellness+Villaudric%2BFrance/,
https://www.google.com/maps/search/etablissement+wellness+Villautou%2BFrance/,
https://www.google.com/maps/search/etablissement+wellness+Villavard%2BFrance/,
https://www.google.com/maps/search/etablissement+wellness+Villaz%2BFrance/,
https://www.google.com/maps/search/etablissement+wellness+Ville%2BFrance/,
https://www.google.com/maps/search/etablissement+wellness+Villé%2BFrance/,
https://www.google.com/maps/search/etablissement+wellness+Ville-au-Montois%2BFrance/,
https://www.google.com/maps/search/etablissement+wellness+Ville-au-Val%2BFrance/,
https://www.google.com/maps/search/etablissement+wellness+La Ville-aux-Bois%2BFrance/,
https://www.google.com/maps/search/etablissement+wellness+La Ville-aux-Bois-lès-Dizy%2BFrance/,
https://www.google.com/maps/search/etablissement+wellness+La Ville-aux-Bois-lès-Pontavert%2BFrance/,
https://www.google.com/maps/search/etablissement+wellness+La Ville-aux-Clercs%2BFrance/,
https://www.google.com/maps/search/etablissement+wellness+La Ville-aux-Dames%2BFrance/,
https://www.google.com/maps/search/etablissement+wellness+Ville-d'Avray%2BFrance/,
https://www.google.com/maps/search/etablissement+wellness+Ville-devant-Belrain%2BFrance/,
https://www.google.com/maps/search/etablissement+wellness+Ville-devant-Chaumont%2BFrance/,
https://www.google.com/maps/search/etablissement+wellness+Ville-di-Paraso%2BFrance/,
https://www.google.com/maps/search/etablissement+wellness+Ville-di-Pietrabugno%2BFrance/,
https://www.google.com/maps/search/etablissement+wellness+La Ville-Dieu-du-Temple%2BFrance/,
https://www.google.com/maps/search/etablissement+wellness+Ville-Dommange%2BFrance/,
https://www.google.com/maps/search/etablissement+wellness+La Ville-du-Bois%2BFrance/,
https://www.google.com/maps/search/etablissement+wellness+Ville-du-Pont%2BFrance/,
https://www.google.com/maps/search/etablissement+wellness+Ville-en-Blaisois%2BFrance/,
https://www.google.com/maps/search/etablissement+wellness+Ville-en-Sallaz%2BFrance/,
https://www.google.com/maps/search/etablissement+wellness+Ville-en-Selve%2BFrance/,
https://www.google.com/maps/search/etablissement+wellness+Ville-en-Tardenois%2BFrance/,
https://www.google.com/maps/search/etablissement+wellness+Ville-en-Vermois%2BFrance/,
https://www.google.com/maps/search/etablissement+wellness+Ville-en-Woëvre%2BFrance/,
https://www.google.com/maps/search/etablissement+wellness+La Ville-ès-Nonais%2BFrance/,
https://www.google.com/maps/search/etablissement+wellness+Ville-Houdlémont%2BFrance/,
https://www.google.com/maps/search/etablissement+wellness+Ville-la-Grand%2BFrance/,
https://www.google.com/maps/search/etablissement+wellness+Ville-Langy%2BFrance/,
https://www.google.com/maps/search/etablissement+wellness+Ville-le-Marclet%2BFrance/,
https://www.google.com/maps/search/etablissement+wellness+Ville-Saint-Jacques%2BFrance/,
https://www.google.com/maps/search/etablissement+wellness+Ville-Savoye%2BFrance/,
https://www.google.com/maps/search/etablissement+wellness+Ville-sous-Anjou%2BFrance/,
https://www.google.com/maps/search/etablissement+wellness+Ville-sous-la-Ferté%2BFrance/,
https://www.google.com/maps/search/etablissement+wellness+La Ville-sous-Orbais%2BFrance/,
https://www.google.com/maps/search/etablissement+wellness+Ville-sur-Ancre%2BFrance/,
https://www.google.com/maps/search/etablissement+wellness+Ville-sur-Arce%2BFrance/,
https://www.google.com/maps/search/etablissement+wellness+Ville-sur-Cousances%2BFrance/,
https://www.google.com/maps/search/etablissement+wellness+Ville-sur-Illon%2BFrance/,
https://www.google.com/maps/search/etablissement+wellness+Ville-sur-Jarnioux%2BFrance/,
https://www.google.com/maps/search/etablissement+wellness+Ville-sur-Lumes%2BFrance/,
https://www.google.com/maps/search/etablissement+wellness+Ville-sur-Retourne%2BFrance/,
https://www.google.com/maps/search/etablissement+wellness+Ville-sur-Saulx%2BFrance/,
https://www.google.com/maps/search/etablissement+wellness+Ville-sur-Terre%2BFrance/,
https://www.google.com/maps/search/etablissement+wellness+Ville-sur-Tourbe%2BFrance/,
https://www.google.com/maps/search/etablissement+wellness+Ville-sur-Yron%2BFrance/,
https://www.google.com/maps/search/etablissement+wellness+Villeau%2BFrance/,
https://www.google.com/maps/search/etablissement+wellness+Villebadin%2BFrance/,
https://www.google.com/maps/search/etablissement+wellness+Villebarou%2BFrance/,
https://www.google.com/maps/search/etablissement+wellness+Villebaudon%2BFrance/,
https://www.google.com/maps/search/etablissement+wellness+Villebazy%2BFrance/,
https://www.google.com/maps/search/etablissement+wellness+Villebéon%2BFrance/,
https://www.google.com/maps/search/etablissement+wellness+Villebernier%2BFrance/,
https://www.google.com/maps/search/etablissement+wellness+Villeberny%2BFrance/,
https://www.google.com/maps/search/etablissement+wellness+Villebichot%2BFrance/,
https://www.google.com/maps/search/etablissement+wellness+Villeblevin%2BFrance/,
https://www.google.com/maps/search/etablissement+wellness+Villebois%2BFrance/,
https://www.google.com/maps/search/etablissement+wellness+Villebois-Lavalette%2BFrance/,
https://www.google.com/maps/search/etablissement+wellness+Villebois-les-Pins%2BFrance/,
https://www.google.com/maps/search/etablissement+wellness+Villebon%2BFrance/,
https://www.google.com/maps/search/etablissement+wellness+Villebon-sur-Yvette%2BFrance/,
https://www.google.com/maps/search/etablissement+wellness+Villebougis%2BFrance/,
https://www.google.com/maps/search/etablissement+wellness+Villebourg%2BFrance/,
https://www.google.com/maps/search/etablissement+wellness+Villebout%2BFrance/,
https://www.google.com/maps/search/etablissement+wellness+Villebramar%2BFrance/,
https://www.google.com/maps/search/etablissement+wellness+Villebret%2BFrance/,
https://www.google.com/maps/search/etablissement+wellness+Villebrumier%2BFrance/,
https://www.google.com/maps/search/etablissement+wellness+Villecelin%2BFrance/,
https://www.google.com/maps/search/etablissement+wellness+Villecerf%2BFrance/,
https://www.google.com/maps/search/etablissement+wellness+Villecey-sur-Mad%2BFrance/,
https://www.google.com/maps/search/etablissement+wellness+Villechantria%2BFrance/,
https://www.google.com/maps/search/etablissement+wellness+Villechauve%2BFrance/,
https://www.google.com/maps/search/etablissement+wellness+Villechenève%2BFrance/,
https://www.google.com/maps/search/etablissement+wellness+Villechétif%2BFrance/,
https://www.google.com/maps/search/etablissement+wellness+Villechétive%2BFrance/,
https://www.google.com/maps/search/etablissement+wellness+Villecien%2BFrance/,
https://www.google.com/maps/search/etablissement+wellness+Villécloye%2BFrance/,
https://www.google.com/maps/search/etablissement+wellness+Villecomtal%2BFrance/,
https://www.google.com/maps/search/etablissement+wellness+Villecomtal-sur-Arros%2BFrance/,
https://www.google.com/maps/search/etablissement+wellness+Villecomte%2BFrance/,
https://www.google.com/maps/search/etablissement+wellness+Villeconin%2BFrance/,
https://www.google.com/maps/search/etablissement+wellness+Villecourt%2BFrance/,
https://www.google.com/maps/search/etablissement+wellness+Villecresnes%2BFrance/,
https://www.google.com/maps/search/etablissement+wellness+Villecroze%2BFrance/,
https://www.google.com/maps/search/etablissement+wellness+Villedaigne%2BFrance/,
https://www.google.com/maps/search/etablissement+wellness+Villedieu%2BFrance/,
https://www.google.com/maps/search/etablissement+wellness+La Villedieu%2BFrance/,
https://www.google.com/maps/search/etablissement+wellness+Villedieu%2BFrance/,
https://www.google.com/maps/search/etablissement+wellness+La Villedieu%2BFrance/,
https://www.google.com/maps/search/etablissement+wellness+Les Villedieu%2BFrance/,
https://www.google.com/maps/search/etablissement+wellness+La Villedieu%2BFrance/,
https://www.google.com/maps/search/etablissement+wellness+Villedieu%2BFrance/,
https://www.google.com/maps/search/etablissement+wellness+La Villedieu-du-Clain%2BFrance/,
https://www.google.com/maps/search/etablissement+wellness+La Villedieu-en-Fontenette%2BFrance/,
https://www.google.com/maps/search/etablissement+wellness+Villedieu-le-Château%2BFrance/,
https://www.google.com/maps/search/etablissement+wellness+Villedieu-lès-Bailleul%2BFrance/,
https://www.google.com/maps/search/etablissement+wellness+Villedieu-les-Poêles-Rouffigny%2BFrance/,
https://www.google.com/maps/search/etablissement+wellness+Villedieu-sur-Indre%2BFrance/,
https://www.google.com/maps/search/etablissement+wellness+Villedômain%2BFrance/,traité (2026-08-22 17:48)
https://www.google.com/maps/search/etablissement+wellness+Villedômer%2BFrance/,traité (2026-08-22 17:48)
https://www.google.com/maps/search/etablissement+wellness+Villedoux%2BFrance/,traité (2026-08-22 17:48)
https://www.google.com/maps/search/etablissement+wellness+Villedubert%2BFrance/,traité (2026-08-22 17:49)
https://www.google.com/maps/search/etablissement+wellness+Villefagnan%2BFrance/,traité (2026-08-22 17:49)
https://www.google.com/maps/search/etablissement+wellness+Villefargeau%2BFrance/,traité (2026-08-22 17:50)
https://www.google.com/maps/search/etablissement+wellness+Villefavard%2BFrance/,traité (2026-08-22 17:50)
https://www.google.com/maps/search/etablissement+wellness+Villeferry%2BFrance/,traité (2026-08-22 17:51)
https://www.google.com/maps/search/etablissement+wellness+Villefloure%2BFrance/,traité (2026-08-22 17:53)
https://www.google.com/maps/search/etablissement+wellness+Villefollet%2BFrance/,traité (2026-08-22 17:53)
https://www.google.com/maps/search/etablissement+wellness+Villefontaine%2BFrance/,traité (2026-08-22 17:53)
https://www.google.com/maps/search/etablissement+wellness+Villefort%2BFrance/,traité (2026-08-22 17:53)
https://www.google.com/maps/search/etablissement+wellness+Villefort%2BFrance/,traité (2026-08-22 17:53)
https://www.google.com/maps/search/etablissement+wellness+Villefranche%2BFrance/,traité (2026-08-22 17:53)
https://www.google.com/maps/search/etablissement+wellness+Villefranche-d'Albigeois%2BFrance/,traité (2026-08-22 17:54)
https://www.google.com/maps/search/etablissement+wellness+Villefranche-d'Allier%2BFrance/,traité (2026-08-22 17:54)
https://www.google.com/maps/search/etablissement+wellness+Villefranche-de-Conflent%2BFrance/,traité (2026-08-22 17:56)
https://www.google.com/maps/search/etablissement+wellness+Villefranche-de-Lauragais%2BFrance/,traité (2026-08-22 17:56)
https://www.google.com/maps/search/etablissement+wellness+Villefranche-de-Lonchat%2BFrance/,traité (2026-08-22 17:56)
https://www.google.com/maps/search/etablissement+wellness+Villefranche-de-Panat%2BFrance/,traité (2026-08-22 17:56)
https://www.google.com/maps/search/etablissement+wellness+Villefranche-de-Rouergue%2BFrance/,traité (2026-08-22 17:56)
https://www.google.com/maps/search/etablissement+wellness+Villefranche-du-Périgord%2BFrance/,traité (2026-08-22 17:57)
https://www.google.com/maps/search/etablissement+wellness+Villefranche-du-Queyran%2BFrance/,traité (2026-08-22 17:57)
https://www.google.com/maps/search/etablissement+wellness+Villefranche-le-Château%2BFrance/,échec (2026-08-22 17:58)
https://www.google.com/maps/search/etablissement+wellness+Villefranche-sur-Cher%2BFrance/,traité (2026-08-22 17:58)
https://www.google.com/maps/search/etablissement+wellness+Villefranche-sur-Mer%2BFrance/,traité (2026-08-22 18:00)
https://www.google.com/maps/search/etablissement+wellness+Villefranche-sur-Saône%2BFrance/,traité (2026-08-22 18:00)
https://www.google.com/maps/search/etablissement+wellness+Villefrancœur%2BFrance/,traité (2026-08-22 18:00)
https://www.google.com/maps/search/etablissement+wellness+Villefrancon%2BFrance/,traité (2026-08-22 18:00)
https://www.google.com/maps/search/etablissement+wellness+Villefranque%2BFrance/,traité (2026-08-22 18:00)
https://www.google.com/maps/search/etablissement+wellness+Villefranque%2BFrance/,traité (2026-08-22 18:00)
https://www.google.com/maps/search/etablissement+wellness+Villegailhenc%2BFrance/,traité (2026-08-22 18:01)
https://www.google.com/maps/search/etablissement+wellness+Villegats%2BFrance/,traité (2026-08-22 18:03)
https://www.google.com/maps/search/etablissement+wellness+Villegats%2BFrance/,traité (2026-08-22 18:03)
https://www.google.com/maps/search/etablissement+wellness+Villegaudin%2BFrance/,traité (2026-08-22 18:03)
https://www.google.com/maps/search/etablissement+wellness+Villegenon%2BFrance/,traité (2026-08-22 18:03)
https://www.google.com/maps/search/etablissement+wellness+Villegly%2BFrance/,traité (2026-08-22 18:04)
https://www.google.com/maps/search/etablissement+wellness+Villegongis%2BFrance/,traité (2026-08-22 18:04)
https://www.google.com/maps/search/etablissement+wellness+Villegouge%2BFrance/,traité (2026-08-22 18:04)
https://www.google.com/maps/search/etablissement+wellness+Villegouin%2BFrance/,traité (2026-08-22 18:04)
https://www.google.com/maps/search/etablissement+wellness+Villegusien-le-Lac%2BFrance/,traité (2026-08-22 18:05)
https://www.google.com/maps/search/etablissement+wellness+Villeherviers%2BFrance/,traité (2026-08-22 18:07)
https://www.google.com/maps/search/etablissement+wellness+Villejésus%2BFrance/,traité (2026-08-22 18:07)
https://www.google.com/maps/search/etablissement+wellness+Villejoubert%2BFrance/,traité (2026-08-22 18:07)
https://www.google.com/maps/search/etablissement+wellness+Villejuif%2BFrance/,traité (2026-08-22 18:07)
https://www.google.com/maps/search/etablissement+wellness+Villejust%2BFrance/,traité (2026-08-22 18:07)
https://www.google.com/maps/search/etablissement+wellness+Villelaure%2BFrance/,traité (2026-08-22 18:07)
https://www.google.com/maps/search/etablissement+wellness+Villeloin-Coulangé%2BFrance/,traité (2026-08-22 18:07)
https://www.google.com/maps/search/etablissement+wellness+Villelongue%2BFrance/,traité (2026-08-22 18:08)
https://www.google.com/maps/search/etablissement+wellness+Villelongue-d'Aude%2BFrance/,traité (2026-08-22 18:08)
https://www.google.com/maps/search/etablissement+wellness+Villelongue-de-la-Salanque%2BFrance/,traité (2026-08-22 18:10)
https://www.google.com/maps/search/etablissement+wellness+Villelongue-dels-Monts%2BFrance/,traité (2026-08-22 18:10)
https://www.google.com/maps/search/etablissement+wellness+Villeloup%2BFrance/,traité (2026-08-22 18:10)
https://www.google.com/maps/search/etablissement+wellness+Villemade%2BFrance/,traité (2026-08-22 18:10)
https://www.google.com/maps/search/etablissement+wellness+Villemagne%2BFrance/,traité (2026-08-22 18:10)
https://www.google.com/maps/search/etablissement+wellness+Villemagne-l'Argentière%2BFrance/,traité (2026-08-22 18:11)
https://www.google.com/maps/search/etablissement+wellness+Villemain%2BFrance/,traité (2026-08-22 18:11)
https://www.google.com/maps/search/etablissement+wellness+Villemandeur%2BFrance/,traité (2026-08-22 18:12)
https://www.google.com/maps/search/etablissement+wellness+Villemanoche%2BFrance/,traité (2026-08-22 18:14)
https://www.google.com/maps/search/etablissement+wellness+Villemardy%2BFrance/,traité (2026-08-22 18:14)
https://www.google.com/maps/search/etablissement+wellness+Villemaréchal%2BFrance/,traité (2026-08-22 18:14)
https://www.google.com/maps/search/etablissement+wellness+Villemareuil%2BFrance/,traité (2026-08-22 18:14)
https://www.google.com/maps/search/etablissement+wellness+Villematier%2BFrance/,traité (2026-08-22 18:14)
https://www.google.com/maps/search/etablissement+wellness+Villemaury%2BFrance/,traité (2026-08-22 18:14)
https://www.google.com/maps/search/etablissement+wellness+Villembits%2BFrance/,traité (2026-08-22 18:15)
https://www.google.com/maps/search/etablissement+wellness+Villembray%2BFrance/,traité (2026-08-22 18:15)
https://www.google.com/maps/search/etablissement+wellness+Villemer%2BFrance/,traité (2026-08-22 18:18)
https://www.google.com/maps/search/etablissement+wellness+Villemereuil%2BFrance/,traité (2026-08-22 18:18)
https://www.google.com/maps/search/etablissement+wellness+Villemeux-sur-Eure%2BFrance/,traité (2026-08-22 18:18)
https://www.google.com/maps/search/etablissement+wellness+Villemoirieu%2BFrance/,traité (2026-08-22 18:18)
https://www.google.com/maps/search/etablissement+wellness+Villemoiron-en-Othe%2BFrance/,traité (2026-08-22 18:18)
https://www.google.com/maps/search/etablissement+wellness+Villemoisan%2BFrance/,traité (2026-08-22 18:18)
https://www.google.com/maps/search/etablissement+wellness+Villemoisson-sur-Orge%2BFrance/,traité (2026-08-22 18:19)
https://www.google.com/maps/search/etablissement+wellness+Villemolaque%2BFrance/,traité (2026-08-22 18:19)
https://www.google.com/maps/search/etablissement+wellness+Villemomble%2BFrance/,traité (2026-08-22 18:20)
https://www.google.com/maps/search/etablissement+wellness+Villemontais%2BFrance/,traité (2026-08-22 18:22)
https://www.google.com/maps/search/etablissement+wellness+Villemontoire%2BFrance/,traité (2026-08-22 18:22)
https://www.google.com/maps/search/etablissement+wellness+Villemorien%2BFrance/,traité (2026-08-22 18:22)
https://www.google.com/maps/search/etablissement+wellness+Villemorin%2BFrance/,traité (2026-08-22 18:22)
https://www.google.com/maps/search/etablissement+wellness+Villemort%2BFrance/,traité (2026-08-22 18:22)
https://www.google.com/maps/search/etablissement+wellness+Villemotier%2BFrance/,traité (2026-08-22 18:23)
https://www.google.com/maps/search/etablissement+wellness+Villemoustaussou%2BFrance/,traité (2026-08-22 18:23)
https://www.google.com/maps/search/etablissement+wellness+Villemoutiers%2BFrance/,traité (2026-08-22 18:24)
https://www.google.com/maps/search/etablissement+wellness+Villemoyenne%2BFrance/,traité (2026-08-22 18:26)
https://www.google.com/maps/search/etablissement+wellness+Villemur%2BFrance/,traité (2026-08-22 18:26)
https://www.google.com/maps/search/etablissement+wellness+Villemur-sur-Tarn%2BFrance/,traité (2026-08-22 18:26)
https://www.google.com/maps/search/etablissement+wellness+Villemurlin%2BFrance/,traité (2026-08-22 18:26)
https://www.google.com/maps/search/etablissement+wellness+Villemus%2BFrance/,traité (2026-08-22 18:26)
https://www.google.com/maps/search/etablissement+wellness+Villenauxe-la-Grande%2BFrance/,traité (2026-08-22 18:26)
https://www.google.com/maps/search/etablissement+wellness+Villenauxe-la-Petite%2BFrance/,traité (2026-08-22 18:26)
https://www.google.com/maps/search/etablissement+wellness+Villenave%2BFrance/,traité (2026-08-22 18:26)
https://www.google.com/maps/search/etablissement+wellness+Villenave-d'Ornon%2BFrance/,traité (2026-08-22 18:29)
https://www.google.com/maps/search/etablissement+wellness+Villenave-de-Rions%2BFrance/,traité (2026-08-22 18:29)
https://www.google.com/maps/search/etablissement+wellness+Villenave-près-Béarn%2BFrance/,traité (2026-08-22 18:29)
https://www.google.com/maps/search/etablissement+wellness+Villenave-près-Marsac%2BFrance/,traité (2026-08-22 18:29)
https://www.google.com/maps/search/etablissement+wellness+Villenavotte%2BFrance/,traité (2026-08-22 18:29)
https://www.google.com/maps/search/etablissement+wellness+Villeneuve%2BFrance/,traité (2026-08-22 18:33)
https://www.google.com/maps/search/etablissement+wellness+Villeneuve%2BFrance/,traité (2026-08-22 18:33)
https://www.google.com/maps/search/etablissement+wellness+Villeneuve%2BFrance/,traité (2026-08-22 18:33)
https://www.google.com/maps/search/etablissement+wellness+Villeneuve%2BFrance/,traité (2026-08-22 18:33)
https://www.google.com/maps/search/etablissement+wellness+La Villeneuve%2BFrance/,traité (2026-08-22 18:33)
https://www.google.com/maps/search/etablissement+wellness+Villeneuve%2BFrance/,traité (2026-08-22 18:33)
https://www.google.com/maps/search/etablissement+wellness+Villeneuve%2BFrance/,traité (2026-08-22 18:33)
https://www.google.com/maps/search/etablissement+wellness+La Villeneuve-au-Châtelot%2BFrance/,traité (2026-08-22 18:33)
https://www.google.com/maps/search/etablissement+wellness+Villeneuve-au-Chemin%2BFrance/,traité (2026-08-22 18:33)
https://www.google.com/maps/search/etablissement+wellness+La Villeneuve-au-Chêne%2BFrance/,traité (2026-08-22 18:34)
https://www.google.com/maps/search/etablissement+wellness+La Villeneuve-Bellenoye-et-la-Maize%2BFrance/,traité (2026-08-22 18:34)
https://www.google.com/maps/search/etablissement+wellness+Villeneuve-d'Allier%2BFrance/,traité (2026-08-22 18:35)
https://www.google.com/maps/search/etablissement+wellness+Villeneuve-d'Amont%2BFrance/,traité (2026-08-22 18:37)
https://www.google.com/maps/search/etablissement+wellness+Villeneuve-d'Ascq%2BFrance/,traité (2026-08-22 18:37)
https://www.google.com/maps/search/etablissement+wellness+Villeneuve-d'Aval%2BFrance/,traité (2026-08-22 18:37)
https://www.google.com/maps/search/etablissement+wellness+Villeneuve-d'Entraunes%2BFrance/,traité (2026-08-22 18:37)
https://www.google.com/maps/search/etablissement+wellness+Villeneuve-d'Olmes%2BFrance/,traité (2026-08-22 18:37)
https://www.google.com/maps/search/etablissement+wellness+Villeneuve-de-Berg%2BFrance/,traité (2026-08-22 18:38)
https://www.google.com/maps/search/etablissement+wellness+Villeneuve-de-Duras%2BFrance/,traité (2026-08-22 18:38)
https://www.google.com/maps/search/etablissement+wellness+Villeneuve-de-la-Raho%2BFrance/,traité (2026-08-22 18:39)
https://www.google.com/maps/search/etablissement+wellness+Villeneuve-de-Marc%2BFrance/,traité (2026-08-22 18:41)
https://www.google.com/maps/search/etablissement+wellness+Villeneuve-de-Marsan%2BFrance/,traité (2026-08-22 18:41)
https://www.google.com/maps/search/etablissement+wellness+Villeneuve-de-Rivière%2BFrance/,traité (2026-08-22 18:41)
https://www.google.com/maps/search/etablissement+wellness+Villeneuve-du-Latou%2BFrance/,traité (2026-08-22 18:41)
https://www.google.com/maps/search/etablissement+wellness+Villeneuve-du-Paréage%2BFrance/,traité (2026-08-22 18:41)
https://www.google.com/maps/search/etablissement+wellness+La Villeneuve-en-Chevrie%2BFrance/,traité (2026-08-22 18:42)
https://www.google.com/maps/search/etablissement+wellness+Villeneuve-en-Montagne%2BFrance/,traité (2026-08-22 18:42)
https://www.google.com/maps/search/etablissement+wellness+Villeneuve-en-Perseigne%2BFrance/,traité (2026-08-22 18:43)
https://www.google.com/maps/search/etablissement+wellness+Villeneuve-en-Retz%2BFrance/,traité (2026-08-22 18:43)
https://www.google.com/maps/search/etablissement+wellness+Villeneuve-Frouville%2BFrance/,traité (2026-08-22 18:45)
https://www.google.com/maps/search/etablissement+wellness+Villeneuve-l'Archevêque%2BFrance/,traité (2026-08-22 18:45)
https://www.google.com/maps/search/etablissement+wellness+Villeneuve-la-Comptal%2BFrance/,traité (2026-08-22 18:45)
https://www.google.com/maps/search/etablissement+wellness+Villeneuve-la-Comtesse%2BFrance/,traité (2026-08-22 18:45)
https://www.google.com/maps/search/etablissement+wellness+Villeneuve-la-Dondagre%2BFrance/,traité (2026-08-22 18:45)
https://www.google.com/maps/search/etablissement+wellness+Villeneuve-la-Garenne%2BFrance/,traité (2026-08-22 18:46)
https://www.google.com/maps/search/etablissement+wellness+Villeneuve-la-Guyard%2BFrance/,traité (2026-08-22 18:46)
https://www.google.com/maps/search/etablissement+wellness+Villeneuve-la-Lionne%2BFrance/,traité (2026-08-22 18:47)
https://www.google.com/maps/search/etablissement+wellness+Villeneuve-la-Rivière%2BFrance/,traité (2026-08-22 18:49)
https://www.google.com/maps/search/etablissement+wellness+Villeneuve-le-Comte%2BFrance/,traité (2026-08-22 18:49)
https://www.google.com/maps/search/etablissement+wellness+Villeneuve-le-Roi%2BFrance/,traité (2026-08-22 18:49)
https://www.google.com/maps/search/etablissement+wellness+Villeneuve-Lécussan%2BFrance/,traité (2026-08-22 18:49)
https://www.google.com/maps/search/etablissement+wellness+Villeneuve-lès-Avignon%2BFrance/,traité (2026-08-22 18:49)
https://www.google.com/maps/search/etablissement+wellness+Villeneuve-lès-Béziers%2BFrance/,traité (2026-08-22 18:49)
https://www.google.com/maps/search/etablissement+wellness+Villeneuve-les-Bordes%2BFrance/,traité (2026-08-22 18:50)
https://www.google.com/maps/search/etablissement+wellness+Villeneuve-lès-Bouloc%2BFrance/,traité (2026-08-22 18:50)
https://www.google.com/maps/search/etablissement+wellness+Villeneuve-les-Cerfs%2BFrance/,traité (2026-08-22 18:53)
https://www.google.com/maps/search/etablissement+wellness+La Villeneuve-lès-Charleville%2BFrance/,traité (2026-08-22 18:53)
https://www.google.com/maps/search/etablissement+wellness+Villeneuve-lès-Charnod%2BFrance/,traité (2026-08-22 18:53)
https://www.google.com/maps/search/etablissement+wellness+La Villeneuve-les-Convers%2BFrance/,traité (2026-08-22 18:53)
https://www.google.com/maps/search/etablissement+wellness+Villeneuve-les-Corbières%2BFrance/,traité (2026-08-22 18:53)
https://www.google.com/maps/search/etablissement+wellness+Villeneuve-les-Genêts%2BFrance/,traité (2026-08-22 18:53)
https://www.google.com/maps/search/etablissement+wellness+Villeneuve-lès-Lavaur%2BFrance/,traité (2026-08-22 18:53)
https://www.google.com/maps/search/etablissement+wellness+Villeneuve-lès-Maguelone%2BFrance/,traité (2026-08-22 18:54)
https://www.google.com/maps/search/etablissement+wellness+Villeneuve-lès-Montréal%2BFrance/,traité (2026-08-22 18:54)
https://www.google.com/maps/search/etablissement+wellness+Villeneuve-les-Sablons%2BFrance/,traité (2026-08-22 18:56)
https://www.google.com/maps/search/etablissement+wellness+Villeneuve-Loubet%2BFrance/,traité (2026-08-22 18:56)
https://www.google.com/maps/search/etablissement+wellness+Villeneuve-Minervois%2BFrance/,traité (2026-08-22 18:56)
https://www.google.com/maps/search/etablissement+wellness+Villeneuve-Renneville-Chevigny%2BFrance/,traité (2026-08-22 18:56)
https://www.google.com/maps/search/etablissement+wellness+Villeneuve-Saint-Denis%2BFrance/,traité (2026-08-22 18:57)
https://www.google.com/maps/search/etablissement+wellness+Villeneuve-Saint-Georges%2BFrance/,traité (2026-08-22 18:57)
https://www.google.com/maps/search/etablissement+wellness+Villeneuve-Saint-Germain%2BFrance/,traité (2026-08-22 18:57)
https://www.google.com/maps/search/etablissement+wellness+Villeneuve-Saint-Salves%2BFrance/,traité (2026-08-22 18:58)
https://www.google.com/maps/search/etablissement+wellness+Villeneuve-Saint-Vistre-et-Villevotte%2BFrance/,traité (2026-08-22 19:00)
https://www.google.com/maps/search/etablissement+wellness+Villeneuve-sous-Charigny%2BFrance/,traité (2026-08-22 19:00)
https://www.google.com/maps/search/etablissement+wellness+Villeneuve-sous-Dammartin%2BFrance/,traité (2026-08-22 19:00)
https://www.google.com/maps/search/etablissement+wellness+Villeneuve-sous-Pymont%2BFrance/,traité (2026-08-22 19:00)
https://www.google.com/maps/search/etablissement+wellness+La Villeneuve-sous-Thury%2BFrance/,traité (2026-08-22 19:01)
https://www.google.com/maps/search/etablissement+wellness+Villeneuve-sur-Allier%2BFrance/,traité (2026-08-22 19:01)
https://www.google.com/maps/search/etablissement+wellness+Villeneuve-sur-Auvers%2BFrance/,traité (2026-08-22 19:02)
https://www.google.com/maps/search/etablissement+wellness+Villeneuve-sur-Bellot%2BFrance/,traité (2026-08-22 19:02)
https://www.google.com/maps/search/etablissement+wellness+Villeneuve-sur-Cher%2BFrance/,traité (2026-08-22 19:04)
https://www.google.com/maps/search/etablissement+wellness+Villeneuve-sur-Conie%2BFrance/,traité (2026-08-22 19:04)
https://www.google.com/maps/search/etablissement+wellness+Villeneuve-sur-Fère%2BFrance/,traité (2026-08-22 19:04)
https://www.google.com/maps/search/etablissement+wellness+Villeneuve-sur-Lot%2BFrance/,traité (2026-08-22 19:04)
https://www.google.com/maps/search/etablissement+wellness+Villeneuve-sur-Verberie%2BFrance/,traité (2026-08-22 19:05)
https://www.google.com/maps/search/etablissement+wellness+Villeneuve-sur-Vère%2BFrance/,traité (2026-08-22 19:05)
https://www.google.com/maps/search/etablissement+wellness+Villeneuve-sur-Yonne%2BFrance/,traité (2026-08-22 19:06)
https://www.google.com/maps/search/etablissement+wellness+Villeneuve-Tolosane%2BFrance/,traité (2026-08-22 19:06)
https://www.google.com/maps/search/etablissement+wellness+Villeneuvette%2BFrance/,traité (2026-08-22 19:07)
https://www.google.com/maps/search/etablissement+wellness+Villennes-sur-Seine%2BFrance/,traité (2026-08-22 19:09)
https://www.google.com/maps/search/etablissement+wellness+Villenouvelle%2BFrance/,traité (2026-08-22 19:09)
https://www.google.com/maps/search/etablissement+wellness+Villenoy%2BFrance/,traité (2026-08-22 19:09)
https://www.google.com/maps/search/etablissement+wellness+Villentrois%2BFrance/,traité (2026-08-22 19:09)
https://www.google.com/maps/search/etablissement+wellness+Villeny%2BFrance/,traité (2026-08-22 19:09)
https://www.google.com/maps/search/etablissement+wellness+Villepail%2BFrance/,traité (2026-08-22 19:10)
https://www.google.com/maps/search/etablissement+wellness+Villeparisis%2BFrance/,traité (2026-08-22 19:10)
https://www.google.com/maps/search/etablissement+wellness+Villeparois%2BFrance/,traité (2026-08-22 19:11)
https://www.google.com/maps/search/etablissement+wellness+Villeperdrix%2BFrance/,traité (2026-08-22 19:13)
https://www.google.com/maps/search/etablissement+wellness+Villeperdue%2BFrance/,traité (2026-08-22 19:13)
https://www.google.com/maps/search/etablissement+wellness+Villeperrot%2BFrance/,traité (2026-08-22 19:13)
https://www.google.com/maps/search/etablissement+wellness+Villepinte%2BFrance/,traité (2026-08-22 19:13)
https://www.google.com/maps/search/etablissement+wellness+Villepinte%2BFrance/,traité (2026-08-22 19:13)
https://www.google.com/maps/search/etablissement+wellness+Villeporcher%2BFrance/,traité (2026-08-22 19:13)
https://www.google.com/maps/search/etablissement+wellness+Villepot%2BFrance/,traité (2026-08-22 19:14)
https://www.google.com/maps/search/etablissement+wellness+Villepreux%2BFrance/,traité (2026-08-22 19:14)
https://www.google.com/maps/search/etablissement+wellness+Villequier-Aumont%2BFrance/,traité (2026-08-22 19:16)
https://www.google.com/maps/search/etablissement+wellness+Villequiers%2BFrance/,traité (2026-08-22 19:16)
https://www.google.com/maps/search/etablissement+wellness+Viller%2BFrance/,traité (2026-08-22 19:16)
https://www.google.com/maps/search/etablissement+wellness+Villerable%2BFrance/,traité (2026-08-22 19:16)
https://www.google.com/maps/search/etablissement+wellness+Villerbon%2BFrance/,traité (2026-08-22 19:17)
https://www.google.com/maps/search/etablissement+wellness+Villeréal%2BFrance/,
https://www.google.com/maps/search/etablissement+wellness+Villereau%2BFrance/,
https://www.google.com/maps/search/etablissement+wellness+Villereau%2BFrance/,
https://www.google.com/maps/search/etablissement+wellness+Villerest%2BFrance/,
https://www.google.com/maps/search/etablissement+wellness+Villeret%2BFrance/,
https://www.google.com/maps/search/etablissement+wellness+Villeret%2BFrance/,
https://www.google.com/maps/search/etablissement+wellness+Villereversure%2BFrance/,
https://www.google.com/maps/search/etablissement+wellness+Villermain%2BFrance/,
https://www.google.com/maps/search/etablissement+wellness+Villeromain%2BFrance/,
https://www.google.com/maps/search/etablissement+wellness+Villeron%2BFrance/,
https://www.google.com/maps/search/etablissement+wellness+Villerouge-Termenès%2BFrance/,
https://www.google.com/maps/search/etablissement+wellness+Villeroy%2BFrance/,
https://www.google.com/maps/search/etablissement+wellness+Villeroy%2BFrance/,
https://www.google.com/maps/search/etablissement+wellness+Villeroy%2BFrance/,
https://www.google.com/maps/search/etablissement+wellness+Villeroy-sur-Méholle%2BFrance/,
https://www.google.com/maps/search/etablissement+wellness+Villers%2BFrance/,
https://www.google.com/maps/search/etablissement+wellness+Villers%2BFrance/,
https://www.google.com/maps/search/etablissement+wellness+Villers-Agron-Aiguizy%2BFrance/,
https://www.google.com/maps/search/etablissement+wellness+Villers-Allerand%2BFrance/,
https://www.google.com/maps/search/etablissement+wellness+Villers-au-Bois%2BFrance/,
https://www.google.com/maps/search/etablissement+wellness+Villers-au-Flos%2BFrance/,
https://www.google.com/maps/search/etablissement+wellness+Villers-au-Tertre%2BFrance/,
https://www.google.com/maps/search/etablissement+wellness+Villers-aux-Bois%2BFrance/,
https://www.google.com/maps/search/etablissement+wellness+Villers-aux-Érables%2BFrance/,
https://www.google.com/maps/search/etablissement+wellness+Villers-aux-Nœuds%2BFrance/,
https://www.google.com/maps/search/etablissement+wellness+Villers-aux-Vents%2BFrance/,
https://www.google.com/maps/search/etablissement+wellness+Villers-Bocage%2BFrance/,
https://www.google.com/maps/search/etablissement+wellness+Villers-Bocage%2BFrance/,
https://www.google.com/maps/search/etablissement+wellness+Villers-Bouton%2BFrance/,
https://www.google.com/maps/search/etablissement+wellness+Villers-Bretonneux%2BFrance/,
https://www.google.com/maps/search/etablissement+wellness+Villers-Brûlin%2BFrance/,
https://www.google.com/maps/search/etablissement+wellness+Villers-Buzon%2BFrance/,
https://www.google.com/maps/search/etablissement+wellness+Villers-Campsart%2BFrance/,
https://www.google.com/maps/search/etablissement+wellness+Villers-Canivet%2BFrance/,
https://www.google.com/maps/search/etablissement+wellness+Villers-Carbonnel%2BFrance/,
https://www.google.com/maps/search/etablissement+wellness+Villers-Cernay%2BFrance/,
https://www.google.com/maps/search/etablissement+wellness+Villers-Châtel%2BFrance/,
https://www.google.com/maps/search/etablissement+wellness+Villers-Chemin-et-Mont-lès-Étrelles%2BFrance/,
https://www.google.com/maps/search/etablissement+wellness+Villers-Chief%2BFrance/,
https://www.google.com/maps/search/etablissement+wellness+Villers-Cotterêts%2BFrance/,
https://www.google.com/maps/search/etablissement+wellness+Villers-devant-Dun%2BFrance/,
https://www.google.com/maps/search/etablissement+wellness+Villers-devant-le-Thour%2BFrance/,
https://www.google.com/maps/search/etablissement+wellness+Villers-devant-Mouzon%2BFrance/,
https://www.google.com/maps/search/etablissement+wellness+Villers-Écalles%2BFrance/,
https://www.google.com/maps/search/etablissement+wellness+Villers-en-Argonne%2BFrance/,
https://www.google.com/maps/search/etablissement+wellness+Villers-en-Arthies%2BFrance/,
https://www.google.com/maps/search/etablissement+wellness+Villers-en-Cauchies%2BFrance/,
https://www.google.com/maps/search/etablissement+wellness+Villers-en-Haye%2BFrance/,
https://www.google.com/maps/search/etablissement+wellness+Villers-en-Vexin%2BFrance/,
https://www.google.com/maps/search/etablissement+wellness+Villers-Farlay%2BFrance/,
https://www.google.com/maps/search/etablissement+wellness+Villers-Faucon%2BFrance/,
https://www.google.com/maps/search/etablissement+wellness+Villers-Franqueux%2BFrance/,
https://www.google.com/maps/search/etablissement+wellness+Villers-Grélot%2BFrance/,
https://www.google.com/maps/search/etablissement+wellness+Villers-Guislain%2BFrance/,
https://www.google.com/maps/search/etablissement+wellness+Villers-Hélon%2BFrance/,
https://www.google.com/maps/search/etablissement+wellness+Villers-l'Hôpital%2BFrance/,
https://www.google.com/maps/search/etablissement+wellness+Villers-la-Chèvre%2BFrance/,
https://www.google.com/maps/search/etablissement+wellness+Villers-la-Combe%2BFrance/,
https://www.google.com/maps/search/etablissement+wellness+Villers-la-Faye%2BFrance/,
https://www.google.com/maps/search/etablissement+wellness+Villers-la-Montagne%2BFrance/,
https://www.google.com/maps/search/etablissement+wellness+Villers-la-Ville%2BFrance/,
https://www.google.com/maps/search/etablissement+wellness+Villers-le-Château%2BFrance/,
https://www.google.com/maps/search/etablissement+wellness+Villers-le-Lac%2BFrance/,
https://www.google.com/maps/search/etablissement+wellness+Villers-le-Rond%2BFrance/,
https://www.google.com/maps/search/etablissement+wellness+Villers-le-Sec%2BFrance/,
https://www.google.com/maps/search/etablissement+wellness+Villers-le-Sec%2BFrance/,
https://www.google.com/maps/search/etablissement+wellness+Villers-le-Sec%2BFrance/,
https://www.google.com/maps/search/etablissement+wellness+Villers-le-Sec%2BFrance/,
https://www.google.com/maps/search/etablissement+wellness+Villers-le-Tilleul%2BFrance/,
https://www.google.com/maps/search/etablissement+wellness+Villers-le-Tourneur%2BFrance/,
https://www.google.com/maps/search/etablissement+wellness+Villers-les-Bois%2BFrance/,
https://www.google.com/maps/search/etablissement+wellness+Villers-lès-Cagnicourt%2BFrance/,
https://www.google.com/maps/search/etablissement+wellness+Villers-lès-Guise%2BFrance/,
https://www.google.com/maps/search/etablissement+wellness+Villers-lès-Luxeuil%2BFrance/,
https://www.google.com/maps/search/etablissement+wellness+Villers-lès-Mangiennes%2BFrance/,
https://www.google.com/maps/search/etablissement+wellness+Villers-lès-Moivrons%2BFrance/,
https://www.google.com/maps/search/etablissement+wellness+Villers-lès-Nancy%2BFrance/,
https://www.google.com/maps/search/etablissement+wellness+Villers-les-Pots%2BFrance/,
https://www.google.com/maps/search/etablissement+wellness+Villers-lès-Roye%2BFrance/,
https://www.google.com/maps/search/etablissement+wellness+Villers-Marmery%2BFrance/,
https://www.google.com/maps/search/etablissement+wellness+Villers-Outréaux%2BFrance/,
https://www.google.com/maps/search/etablissement+wellness+Villers-Pater%2BFrance/,
https://www.google.com/maps/search/etablissement+wellness+Villers-Patras%2BFrance/,
https://www.google.com/maps/search/etablissement+wellness+Villers-Plouich%2BFrance/,
https://www.google.com/maps/search/etablissement+wellness+Villers-Pol%2BFrance/,
https://www.google.com/maps/search/etablissement+wellness+Villers-Robert%2BFrance/,
https://www.google.com/maps/search/etablissement+wellness+Villers-Rotin%2BFrance/,
https://www.google.com/maps/search/etablissement+wellness+Villers-Saint-Barthélemy%2BFrance/,
https://www.google.com/maps/search/etablissement+wellness+Villers-Saint-Christophe%2BFrance/,
https://www.google.com/maps/search/etablissement+wellness+Villers-Saint-Frambourg%2BFrance/,
https://www.google.com/maps/search/etablissement+wellness+Villers-Saint-Genest%2BFrance/,
https://www.google.com/maps/search/etablissement+wellness+Villers-Saint-Martin%2BFrance/,
https://www.google.com/maps/search/etablissement+wellness+Villers-Saint-Paul%2BFrance/,
https://www.google.com/maps/search/etablissement+wellness+Villers-Saint-Sépulcre%2BFrance/,
https://www.google.com/maps/search/etablissement+wellness+Villers-Semeuse%2BFrance/,
https://www.google.com/maps/search/etablissement+wellness+Villers-Sir-Simon%2BFrance/,
https://www.google.com/maps/search/etablissement+wellness+Villers-Sire-Nicole%2BFrance/,
https://www.google.com/maps/search/etablissement+wellness+Villers-sous-Ailly%2BFrance/,
https://www.google.com/maps/search/etablissement+wellness+Villers-sous-Chalamont%2BFrance/,
https://www.google.com/maps/search/etablissement+wellness+Villers-sous-Châtillon%2BFrance/,
https://www.google.com/maps/search/etablissement+wellness+Villers-sous-Foucarmont%2BFrance/,
https://www.google.com/maps/search/etablissement+wellness+Villers-sous-Montrond%2BFrance/,
https://www.google.com/maps/search/etablissement+wellness+Villers-sous-Pareid%2BFrance/,
https://www.google.com/maps/search/etablissement+wellness+Villers-sous-Prény%2BFrance/,
https://www.google.com/maps/search/etablissement+wellness+Villers-sous-Saint-Leu%2BFrance/,
https://www.google.com/maps/search/etablissement+wellness+Villers-Stoncourt%2BFrance/,
https://www.google.com/maps/search/etablissement+wellness+Villers-sur-Auchy%2BFrance/,
https://www.google.com/maps/search/etablissement+wellness+Villers-sur-Authie%2BFrance/,
https://www.google.com/maps/search/etablissement+wellness+Villers-sur-Bar%2BFrance/,
https://www.google.com/maps/search/etablissement+wellness+Villers-sur-Bonnières%2BFrance/,
https://www.google.com/maps/search/etablissement+wellness+Villers-sur-Coudun%2BFrance/,
https://www.google.com/maps/search/etablissement+wellness+Villers-sur-Fère%2BFrance/,
https://www.google.com/maps/search/etablissement+wellness+Villers-sur-le-Mont%2BFrance/,
https://www.google.com/maps/search/etablissement+wellness+Villers-sur-le-Roule%2BFrance/,
https://www.google.com/maps/search/etablissement+wellness+Villers-sur-Mer%2BFrance/,
https://www.google.com/maps/search/etablissement+wellness+Villers-sur-Meuse%2BFrance/,
https://www.google.com/maps/search/etablissement+wellness+Villers-sur-Nied%2BFrance/,
https://www.google.com/maps/search/etablissement+wellness+Villers-sur-Port%2BFrance/,
https://www.google.com/maps/search/etablissement+wellness+Villers-sur-Saulnot%2BFrance/,
https://www.google.com/maps/search/etablissement+wellness+Villers-sur-Trie%2BFrance/,
https://www.google.com/maps/search/etablissement+wellness+Villers-Tournelle%2BFrance/,
https://www.google.com/maps/search/etablissement+wellness+Villers-Vaudey%2BFrance/,
https://www.google.com/maps/search/etablissement+wellness+Villers-Vermont%2BFrance/,
https://www.google.com/maps/search/etablissement+wellness+Villers-Vicomte%2BFrance/,
https://www.google.com/maps/search/etablissement+wellness+Villerserine%2BFrance/,
https://www.google.com/maps/search/etablissement+wellness+Villersexel%2BFrance/,
https://www.google.com/maps/search/etablissement+wellness+Villerupt%2BFrance/,
https://www.google.com/maps/search/etablissement+wellness+Villerville%2BFrance/,
https://www.google.com/maps/search/etablissement+wellness+Villery%2BFrance/,
https://www.google.com/maps/search/etablissement+wellness+Villes%2BFrance/,
https://www.google.com/maps/search/etablissement+wellness+Villes-sur-Auzon%2BFrance/,
https://www.google.com/maps/search/etablissement+wellness+Villeselve%2BFrance/,
https://www.google.com/maps/search/etablissement+wellness+Villeseneux%2BFrance/,
https://www.google.com/maps/search/etablissement+wellness+Villesèque%2BFrance/,
https://www.google.com/maps/search/etablissement+wellness+Villesèque-des-Corbières%2BFrance/,
https://www.google.com/maps/search/etablissement+wellness+Villesèquelande%2BFrance/,
https://www.google.com/maps/search/etablissement+wellness+Villesiscle%2BFrance/,
https://www.google.com/maps/search/etablissement+wellness+Villespassans%2BFrance/,
https://www.google.com/maps/search/etablissement+wellness+Villespy%2BFrance/,
https://www.google.com/maps/search/etablissement+wellness+Villetaneuse%2BFrance/,
https://www.google.com/maps/search/etablissement+wellness+La Villetelle%2BFrance/,
https://www.google.com/maps/search/etablissement+wellness+Villetelle%2BFrance/,
https://www.google.com/maps/search/etablissement+wellness+Villethierry%2BFrance/,
https://www.google.com/maps/search/etablissement+wellness+Villeton%2BFrance/,
https://www.google.com/maps/search/etablissement+wellness+Villetoureix%2BFrance/,
https://www.google.com/maps/search/etablissement+wellness+Villetritouls%2BFrance/,
https://www.google.com/maps/search/etablissement+wellness+Villetrun%2BFrance/,
https://www.google.com/maps/search/etablissement+wellness+La Villette%2BFrance/,
https://www.google.com/maps/search/etablissement+wellness+Villette%2BFrance/,traité (2026-08-22 20:49)
https://www.google.com/maps/search/etablissement+wellness+Villette%2BFrance/,traité (2026-08-22 20:49)
https://www.google.com/maps/search/etablissement+wellness+Villette-d'Anthon%2BFrance/,traité (2026-08-22 20:49)
https://www.google.com/maps/search/etablissement+wellness+Villette-de-Vienne%2BFrance/,traité (2026-08-22 20:50)
https://www.google.com/maps/search/etablissement+wellness+Villette-lès-Arbois%2BFrance/,traité (2026-08-22 20:50)
https://www.google.com/maps/search/etablissement+wellness+Villette-lès-Dole%2BFrance/,traité (2026-08-22 20:50)
https://www.google.com/maps/search/etablissement+wellness+Villette-sur-Ain%2BFrance/,traité (2026-08-22 20:51)
https://www.google.com/maps/search/etablissement+wellness+Villette-sur-Aube%2BFrance/,traité (2026-08-22 20:51)
https://www.google.com/maps/search/etablissement+wellness+Villettes%2BFrance/,traité (2026-08-22 20:52)
https://www.google.com/maps/search/etablissement+wellness+Les Villettes%2BFrance/,traité (2026-08-22 20:52)
https://www.google.com/maps/search/etablissement+wellness+Villeurbanne%2BFrance/,traité (2026-08-22 20:54)
https://www.google.com/maps/search/etablissement+wellness+Villevallier%2BFrance/,traité (2026-08-22 20:54)
https://www.google.com/maps/search/etablissement+wellness+Villevaudé%2BFrance/,traité (2026-08-22 20:54)
https://www.google.com/maps/search/etablissement+wellness+Villevenard%2BFrance/,traité (2026-08-22 20:54)
https://www.google.com/maps/search/etablissement+wellness+Villevêque%2BFrance/,traité (2026-08-22 20:54)
https://www.google.com/maps/search/etablissement+wellness+Villeveyrac%2BFrance/,traité (2026-08-22 20:55)
https://www.google.com/maps/search/etablissement+wellness+Villevieille%2BFrance/,traité (2026-08-22 20:55)
https://www.google.com/maps/search/etablissement+wellness+Villevieux%2BFrance/,traité (2026-08-22 20:55)
https://www.google.com/maps/search/etablissement+wellness+Villevocance%2BFrance/,traité (2026-08-22 20:55)
https://www.google.com/maps/search/etablissement+wellness+Villevoques%2BFrance/,traité (2026-08-22 20:56)
https://www.google.com/maps/search/etablissement+wellness+Villexanton%2BFrance/,traité (2026-08-22 20:58)
https://www.google.com/maps/search/etablissement+wellness+Villexavier%2BFrance/,traité (2026-08-22 20:58)
https://www.google.com/maps/search/etablissement+wellness+Le Villey%2BFrance/,traité (2026-08-22 20:58)
https://www.google.com/maps/search/etablissement+wellness+Villey-le-Sec%2BFrance/,traité (2026-08-22 20:58)
https://www.google.com/maps/search/etablissement+wellness+Villey-Saint-Étienne%2BFrance/,traité (2026-08-22 20:58)
https://www.google.com/maps/search/etablissement+wellness+Villey-sur-Tille%2BFrance/,traité (2026-08-22 20:58)
https://www.google.com/maps/search/etablissement+wellness+Villez-sous-Bailleul%2BFrance/,traité (2026-08-22 20:58)
https://www.google.com/maps/search/etablissement+wellness+Villez-sur-le-Neubourg%2BFrance/,traité (2026-08-22 20:58)
https://www.google.com/maps/search/etablissement+wellness+Villié-Morgon%2BFrance/,traité (2026-08-22 20:59)
https://www.google.com/maps/search/etablissement+wellness+Villiers%2BFrance/,traité (2026-08-22 21:01)
https://www.google.com/maps/search/etablissement+wellness+Villiers%2BFrance/,traité (2026-08-22 21:01)
https://www.google.com/maps/search/etablissement+wellness+Villiers-Adam%2BFrance/,traité (2026-08-22 21:01)
https://www.google.com/maps/search/etablissement+wellness+Villiers-au-Bouin%2BFrance/,traité (2026-08-22 21:01)
https://www.google.com/maps/search/etablissement+wellness+Villiers-aux-Corneilles%2BFrance/,traité (2026-08-22 21:01)
https://www.google.com/maps/search/etablissement+wellness+Villiers-Charlemagne%2BFrance/,traité (2026-08-22 21:01)
https://www.google.com/maps/search/etablissement+wellness+Villiers-Couture%2BFrance/,traité (2026-08-22 21:01)
https://www.google.com/maps/search/etablissement+wellness+Villiers-en-Bière%2BFrance/,traité (2026-08-22 21:02)
https://www.google.com/maps/search/etablissement+wellness+Villiers-en-Bois%2BFrance/,traité (2026-08-22 21:02)
https://www.google.com/maps/search/etablissement+wellness+Villiers-en-Désœuvre%2BFrance/,traité (2026-08-22 21:02)
https://www.google.com/maps/search/etablissement+wellness+Villiers-en-Lieu%2BFrance/,traité (2026-08-22 21:05)
https://www.google.com/maps/search/etablissement+wellness+Villiers-en-Morvan%2BFrance/,traité (2026-08-22 21:05)
https://www.google.com/maps/search/etablissement+wellness+Villiers-en-Plaine%2BFrance/,traité (2026-08-22 21:05)
https://www.google.com/maps/search/etablissement+wellness+Villiers-Fossard%2BFrance/,traité (2026-08-22 21:05)
https://www.google.com/maps/search/etablissement+wellness+Villiers-Herbisse%2BFrance/,traité (2026-08-22 21:05)
https://www.google.com/maps/search/etablissement+wellness+Villiers-le-Bâcle%2BFrance/,traité (2026-08-22 21:05)
https://www.google.com/maps/search/etablissement+wellness+Villiers-le-Bel%2BFrance/,traité (2026-08-22 21:05)
https://www.google.com/maps/search/etablissement+wellness+Villiers-le-Bois%2BFrance/,traité (2026-08-22 21:06)
https://www.google.com/maps/search/etablissement+wellness+Villiers-le-Duc%2BFrance/,traité (2026-08-22 21:06)
https://www.google.com/maps/search/etablissement+wellness+Villiers-le-Mahieu%2BFrance/,traité (2026-08-22 21:07)
https://www.google.com/maps/search/etablissement+wellness+Villiers-le-Morhier%2BFrance/,traité (2026-08-22 21:07)
https://www.google.com/maps/search/etablissement+wellness+Villiers-le-Pré%2BFrance/,traité (2026-08-22 21:09)
https://www.google.com/maps/search/etablissement+wellness+Villiers-le-Roux%2BFrance/,traité (2026-08-22 21:09)
https://www.google.com/maps/search/etablissement+wellness+Villiers-le-Sec%2BFrance/,échec (2026-08-22 21:11)
https://www.google.com/maps/search/etablissement+wellness+Villiers-le-Sec%2BFrance/,échec (2026-08-22 21:11)
https://www.google.com/maps/search/etablissement+wellness+Villiers-le-Sec%2BFrance/,échec (2026-08-22 21:11)
https://www.google.com/maps/search/etablissement+wellness+Villiers-le-Sec%2BFrance/,échec (2026-08-22 21:11)
https://www.google.com/maps/search/etablissement+wellness+Villiers-lès-Aprey%2BFrance/,traité (2026-08-22 21:11)
https://www.google.com/maps/search/etablissement+wellness+Villiers-les-Hauts%2BFrance/,traité (2026-08-22 21:12)
https://www.google.com/maps/search/etablissement+wellness+Villiers-Louis%2BFrance/,traité (2026-08-22 21:12)
https://www.google.com/maps/search/etablissement+wellness+Villiers-Saint-Benoît%2BFrance/,traité (2026-08-22 21:12)
https://www.google.com/maps/search/etablissement+wellness+Villiers-Saint-Denis%2BFrance/,traité (2026-08-22 21:15)
https://www.google.com/maps/search/etablissement+wellness+Villiers-Saint-Frédéric%2BFrance/,traité (2026-08-22 21:15)
https://www.google.com/maps/search/etablissement+wellness+Villiers-Saint-Georges%2BFrance/,traité (2026-08-22 21:15)
https://www.google.com/maps/search/etablissement+wellness+Villiers-Saint-Orien%2BFrance/,traité (2026-08-22 21:15)
https://www.google.com/maps/search/etablissement+wellness+Villiers-sous-Grez%2BFrance/,traité (2026-08-22 21:15)
https://www.google.com/maps/search/etablissement+wellness+Villiers-sous-Mortagne%2BFrance/,traité (2026-08-22 21:15)
https://www.google.com/maps/search/etablissement+wellness+Villiers-sous-Praslin%2BFrance/,traité (2026-08-22 21:15)
https://www.google.com/maps/search/etablissement+wellness+Villiers-sur-Chizé%2BFrance/,échec (2026-08-22 21:15)
https://www.google.com/maps/search/etablissement+wellness+Villiers-sur-Loir%2BFrance/,traité (2026-08-22 21:16)
https://www.google.com/maps/search/etablissement+wellness+Villiers-sur-Marne%2BFrance/,traité (2026-08-22 21:16)
https://www.google.com/maps/search/etablissement+wellness+Villiers-sur-Morin%2BFrance/,traité (2026-08-22 21:18)
https://www.google.com/maps/search/etablissement+wellness+Villiers-sur-Orge%2BFrance/,traité (2026-08-22 21:18)
https://www.google.com/maps/search/etablissement+wellness+Villiers-sur-Seine%2BFrance/,traité (2026-08-22 21:18)
https://www.google.com/maps/search/etablissement+wellness+Villiers-sur-Suize%2BFrance/,traité (2026-08-22 21:18)
https://www.google.com/maps/search/etablissement+wellness+Villiers-sur-Tholon%2BFrance/,traité (2026-08-22 21:18)
https://www.google.com/maps/search/etablissement+wellness+Villiers-sur-Yonne%2BFrance/,traité (2026-08-22 21:18)
https://www.google.com/maps/search/etablissement+wellness+Villiers-Vineux%2BFrance/,traité (2026-08-22 21:18)
https://www.google.com/maps/search/etablissement+wellness+Villiersfaux%2BFrance/,traité (2026-08-22 21:19)
https://www.google.com/maps/search/etablissement+wellness+Villieu-Loyes-Mollon%2BFrance/,traité (2026-08-22 21:19)
https://www.google.com/maps/search/etablissement+wellness+Villing%2BFrance/,échec (2026-08-22 21:21)
https://www.google.com/maps/search/etablissement+wellness+Villognon%2BFrance/,traité (2026-08-22 21:21)
https://www.google.com/maps/search/etablissement+wellness+Villon%2BFrance/,traité (2026-08-22 21:21)
https://www.google.com/maps/search/etablissement+wellness+Villoncourt%2BFrance/,traité (2026-08-22 21:21)
https://www.google.com/maps/search/etablissement+wellness+Villons-les-Buissons%2BFrance/,traité (2026-08-22 21:21)
https://www.google.com/maps/search/etablissement+wellness+Villorceau%2BFrance/,traité (2026-08-22 21:21)
https://www.google.com/maps/search/etablissement+wellness+Villosanges%2BFrance/,traité (2026-08-22 21:21)
https://www.google.com/maps/search/etablissement+wellness+Villotran%2BFrance/,traité (2026-08-22 21:22)
https://www.google.com/maps/search/etablissement+wellness+Villotte%2BFrance/,traité (2026-08-22 21:22)
https://www.google.com/maps/search/etablissement+wellness+Villotte-devant-Louppy%2BFrance/,traité (2026-08-22 21:23)
https://www.google.com/maps/search/etablissement+wellness+Villotte-Saint-Seine%2BFrance/,traité (2026-08-22 21:23)
https://www.google.com/maps/search/etablissement+wellness+Villotte-sur-Aire%2BFrance/,traité (2026-08-22 21:25)
https://www.google.com/maps/search/etablissement+wellness+Villotte-sur-Ource%2BFrance/,traité (2026-08-22 21:25)
https://www.google.com/maps/search/etablissement+wellness+Villouxel%2BFrance/,traité (2026-08-22 21:25)
https://www.google.com/maps/search/etablissement+wellness+Villuis%2BFrance/,traité (2026-08-22 21:25)
https://www.google.com/maps/search/etablissement+wellness+Villy%2BFrance/,traité (2026-08-22 21:25)
https://www.google.com/maps/search/etablissement+wellness+Villy%2BFrance/,traité (2026-08-22 21:25)
https://www.google.com/maps/search/etablissement+wellness+Villy-Bocage%2BFrance/,traité (2026-08-22 21:26)
https://www.google.com/maps/search/etablissement+wellness+Villy-en-Auxois%2BFrance/,traité (2026-08-22 21:26)
https://www.google.com/maps/search/etablissement+wellness+Villy-en-Trodes%2BFrance/,traité (2026-08-22 21:26)
https://www.google.com/maps/search/etablissement+wellness+Villy-le-Bois%2BFrance/,traité (2026-08-22 21:27)
https://www.google.com/maps/search/etablissement+wellness+Villy-le-Bouveret%2BFrance/,traité (2026-08-22 21:29)
https://www.google.com/maps/search/etablissement+wellness+Villy-le-Maréchal%2BFrance/,traité (2026-08-22 21:29)
https://www.google.com/maps/search/etablissement+wellness+Villy-le-Moutier%2BFrance/,traité (2026-08-22 21:29)
https://www.google.com/maps/search/etablissement+wellness+Villy-le-Pelloux%2BFrance/,traité (2026-08-22 21:29)
https://www.google.com/maps/search/etablissement+wellness+Villy-lez-Falaise%2BFrance/,traité (2026-08-22 21:29)
https://www.google.com/maps/search/etablissement+wellness+Villy-sur-Yères%2BFrance/,traité (2026-08-22 21:29)
https://www.google.com/maps/search/etablissement+wellness+Vilory%2BFrance/,traité (2026-08-22 21:29)
https://www.google.com/maps/search/etablissement+wellness+Vilosnes-Haraumont%2BFrance/,traité (2026-08-22 21:29)
https://www.google.com/maps/search/etablissement+wellness+Vilsberg%2BFrance/,traité (2026-08-22 21:30)
https://www.google.com/maps/search/etablissement+wellness+Vimarcé%2BFrance/,traité (2026-08-22 21:30)
https://www.google.com/maps/search/etablissement+wellness+Vimenet%2BFrance/,traité (2026-08-22 21:32)
https://www.google.com/maps/search/etablissement+wellness+Viménil%2BFrance/,traité (2026-08-22 21:32)
https://www.google.com/maps/search/etablissement+wellness+Vimines%2BFrance/,traité (2026-08-22 21:32)
https://www.google.com/maps/search/etablissement+wellness+Vimont%2BFrance/,traité (2026-08-22 21:32)
https://www.google.com/maps/search/etablissement+wellness+Vimory%2BFrance/,traité (2026-08-22 21:32)
https://www.google.com/maps/search/etablissement+wellness+Vimoutiers%2BFrance/,traité (2026-08-22 21:32)
https://www.google.com/maps/search/etablissement+wellness+Vimpelles%2BFrance/,traité (2026-08-22 21:33)
https://www.google.com/maps/search/etablissement+wellness+Vimy%2BFrance/,traité (2026-08-22 21:33)
https://www.google.com/maps/search/etablissement+wellness+Vinantes%2BFrance/,traité (2026-08-22 21:33)
https://www.google.com/maps/search/etablissement+wellness+Vinassan%2BFrance/,traité (2026-08-22 21:34)
https://www.google.com/maps/search/etablissement+wellness+Vinax%2BFrance/,traité (2026-08-22 21:36)
https://www.google.com/maps/search/etablissement+wellness+Vinay%2BFrance/,traité (2026-08-22 21:36)
https://www.google.com/maps/search/etablissement+wellness+Vinay%2BFrance/,traité (2026-08-22 21:36)
https://www.google.com/maps/search/etablissement+wellness+Vinça%2BFrance/,traité (2026-08-22 21:36)
https://www.google.com/maps/search/etablissement+wellness+Vincelles%2BFrance/,traité (2026-08-22 21:37)
https://www.google.com/maps/search/etablissement+wellness+Vincelles%2BFrance/,traité (2026-08-22 21:37)
https://www.google.com/maps/search/etablissement+wellness+Vincelles%2BFrance/,traité (2026-08-22 21:37)
https://www.google.com/maps/search/etablissement+wellness+Vincelottes%2BFrance/,traité (2026-08-22 21:37)
https://www.google.com/maps/search/etablissement+wellness+Vincennes%2BFrance/,traité (2026-08-22 21:38)
https://www.google.com/maps/search/etablissement+wellness+Vincent-Froideville%2BFrance/,traité (2026-08-22 21:38)
https://www.google.com/maps/search/etablissement+wellness+Vincey%2BFrance/,traité (2026-08-22 21:40)
https://www.google.com/maps/search/etablissement+wellness+Vincly%2BFrance/,traité (2026-08-22 21:40)
https://www.google.com/maps/search/etablissement+wellness+Vincy-Manœuvre%2BFrance/,traité (2026-08-22 21:40)
https://www.google.com/maps/search/etablissement+wellness+Vincy-Reuil-et-Magny%2BFrance/,traité (2026-08-22 21:40)
https://www.google.com/maps/search/etablissement+wellness+Vindecy%2BFrance/,traité (2026-08-22 21:40)
https://www.google.com/maps/search/etablissement+wellness+Vindelle%2BFrance/,traité (2026-08-22 21:41)
https://www.google.com/maps/search/etablissement+wellness+Vindey%2BFrance/,traité (2026-08-22 21:41)
https://www.google.com/maps/search/etablissement+wellness+Vindrac-Alayrac%2BFrance/,traité (2026-08-22 21:41)
https://www.google.com/maps/search/etablissement+wellness+Vinets%2BFrance/,traité (2026-08-22 21:42)
https://www.google.com/maps/search/etablissement+wellness+Vineuil%2BFrance/,traité (2026-08-22 21:44)
https://www.google.com/maps/search/etablissement+wellness+Vineuil%2BFrance/,traité (2026-08-22 21:44)
https://www.google.com/maps/search/etablissement+wellness+Vineuil-Saint-Firmin%2BFrance/,traité (2026-08-22 21:44)
https://www.google.com/maps/search/etablissement+wellness+La Vineuse sur Fregande%2BFrance/,traité (2026-08-22 21:44)
https://www.google.com/maps/search/etablissement+wellness+Vinezac%2BFrance/,traité (2026-08-22 21:44)
https://www.google.com/maps/search/etablissement+wellness+Vingrau%2BFrance/,traité (2026-08-22 21:44)
https://www.google.com/maps/search/etablissement+wellness+Vinnemerville%2BFrance/,traité (2026-08-22 21:44)
https://www.google.com/maps/search/etablissement+wellness+Vinneuf%2BFrance/,traité (2026-08-22 21:44)
https://www.google.com/maps/search/etablissement+wellness+Vinon%2BFrance/,traité (2026-08-22 21:45)
https://www.google.com/maps/search/etablissement+wellness+Vinon-sur-Verdon%2BFrance/,traité (2026-08-22 21:45)
https://www.google.com/maps/search/etablissement+wellness+Vins-sur-Caramy%2BFrance/,traité (2026-08-22 21:45)
https://www.google.com/maps/search/etablissement+wellness+Vinsobres%2BFrance/,traité (2026-08-22 21:47)
https://www.google.com/maps/search/etablissement+wellness+Le Vintrou%2BFrance/,traité (2026-08-22 21:47)
https://www.google.com/maps/search/etablissement+wellness+Vinzelles%2BFrance/,traité (2026-08-22 21:47)
https://www.google.com/maps/search/etablissement+wellness+Vinzelles%2BFrance/,traité (2026-08-22 21:47)
https://www.google.com/maps/search/etablissement+wellness+Vinzier%2BFrance/,traité (2026-08-22 21:47)
https://www.google.com/maps/search/etablissement+wellness+Vinzieux%2BFrance/,traité (2026-08-22 21:47)
https://www.google.com/maps/search/etablissement+wellness+Viocourt%2BFrance/,traité (2026-08-22 21:48)
https://www.google.com/maps/search/etablissement+wellness+Viodos-Abense-de-Bas%2BFrance/,traité (2026-08-22 21:48)
https://www.google.com/maps/search/etablissement+wellness+Violaines%2BFrance/,traité (2026-08-22 21:48)
https://www.google.com/maps/search/etablissement+wellness+Violay%2BFrance/,traité (2026-08-22 21:48)
https://www.google.com/maps/search/etablissement+wellness+Violès%2BFrance/,traité (2026-08-22 21:50)
https://www.google.com/maps/search/etablissement+wellness+Violot%2BFrance/,traité (2026-08-22 21:50)
https://www.google.com/maps/search/etablissement+wellness+Viols-en-Laval%2BFrance/,traité (2026-08-22 21:50)
https://www.google.com/maps/search/etablissement+wellness+Viols-le-Fort%2BFrance/,traité (2026-08-22 21:50)
https://www.google.com/maps/search/etablissement+wellness+Vioménil%2BFrance/,traité (2026-08-22 21:50)
https://www.google.com/maps/search/etablissement+wellness+Vion%2BFrance/,traité (2026-08-22 21:51)
https://www.google.com/maps/search/etablissement+wellness+Vion%2BFrance/,traité (2026-08-22 21:51)
https://www.google.com/maps/search/etablissement+wellness+Vions%2BFrance/,traité (2026-08-22 21:51)
https://www.google.com/maps/search/etablissement+wellness+Vionville%2BFrance/,traité (2026-08-22 21:51)
https://www.google.com/maps/search/etablissement+wellness+Viozan%2BFrance/,traité (2026-08-22 21:52)
https://www.google.com/maps/search/etablissement+wellness+Viplaix%2BFrance/,traité (2026-08-22 21:54)
https://www.google.com/maps/search/etablissement+wellness+Vira%2BFrance/,traité (2026-08-22 21:54)
https://www.google.com/maps/search/etablissement+wellness+Vira%2BFrance/,traité (2026-08-22 21:54)
https://www.google.com/maps/search/etablissement+wellness+Virac%2BFrance/,traité (2026-08-22 21:54)
https://www.google.com/maps/search/etablissement+wellness+Virandeville%2BFrance/,traité (2026-08-22 21:54)
https://www.google.com/maps/search/etablissement+wellness+Virargues%2BFrance/,traité (2026-08-22 21:54)
https://www.google.com/maps/search/etablissement+wellness+Virazeil%2BFrance/,traité (2026-08-22 21:54)
https://www.google.com/maps/search/etablissement+wellness+Viré%2BFrance/,traité (2026-08-22 21:54)
https://www.google.com/maps/search/etablissement+wellness+Vire Normandie%2BFrance/,traité (2026-08-22 21:55)
https://www.google.com/maps/search/etablissement+wellness+Viré-en-Champagne%2BFrance/,traité (2026-08-22 21:57)
https://www.google.com/maps/search/etablissement+wellness+Vire-sur-Lot%2BFrance/,traité (2026-08-22 21:57)
https://www.google.com/maps/search/etablissement+wellness+Vireaux%2BFrance/,traité (2026-08-22 21:57)
https://www.google.com/maps/search/etablissement+wellness+Virecourt%2BFrance/,traité (2026-08-22 21:57)
https://www.google.com/maps/search/etablissement+wellness+Virelade%2BFrance/,traité (2026-08-22 21:57)
https://www.google.com/maps/search/etablissement+wellness+Vireux-Molhain%2BFrance/,traité (2026-08-22 21:57)
https://www.google.com/maps/search/etablissement+wellness+Vireux-Wallerand%2BFrance/,traité (2026-08-22 21:58)
https://www.google.com/maps/search/etablissement+wellness+Virey-le-Grand%2BFrance/,traité (2026-08-22 21:58)
https://www.google.com/maps/search/etablissement+wellness+Virey-sous-Bar%2BFrance/,traité (2026-08-22 21:59)
https://www.google.com/maps/search/etablissement+wellness+Virginy%2BFrance/,traité (2026-08-22 21:59)
https://www.google.com/maps/search/etablissement+wellness+Viriat%2BFrance/,traité (2026-08-22 21:59)
https://www.google.com/maps/search/etablissement+wellness+Viricelles%2BFrance/,traité (2026-08-22 22:02)
https://www.google.com/maps/search/etablissement+wellness+Virieu%2BFrance/,traité (2026-08-22 22:02)
https://www.google.com/maps/search/etablissement+wellness+Virieu-le-Grand%2BFrance/,traité (2026-08-22 22:02)
https://www.google.com/maps/search/etablissement+wellness+Virieu-le-Petit%2BFrance/,traité (2026-08-22 22:02)
https://www.google.com/maps/search/etablissement+wellness+Virigneux%2BFrance/,traité (2026-08-22 22:02)
https://www.google.com/maps/search/etablissement+wellness+Virignin%2BFrance/,traité (2026-08-22 22:02)
https://www.google.com/maps/search/etablissement+wellness+Viriville%2BFrance/,traité (2026-08-22 22:02)
https://www.google.com/maps/search/etablissement+wellness+Virlet%2BFrance/,traité (2026-08-22 22:03)
https://www.google.com/maps/search/etablissement+wellness+Virming%2BFrance/,traité (2026-08-22 22:04)
https://www.google.com/maps/search/etablissement+wellness+Viroflay%2BFrance/,traité (2026-08-22 22:04)
https://www.google.com/maps/search/etablissement+wellness+Virollet%2BFrance/,traité (2026-08-22 22:06)
https://www.google.com/maps/search/etablissement+wellness+Vironchaux%2BFrance/,traité (2026-08-22 22:06)
https://www.google.com/maps/search/etablissement+wellness+Vironvay%2BFrance/,traité (2026-08-22 22:06)
https://www.google.com/maps/search/etablissement+wellness+Virsac%2BFrance/,traité (2026-08-22 22:06)
https://www.google.com/maps/search/etablissement+wellness+Virson%2BFrance/,traité (2026-08-22 22:06)
https://www.google.com/maps/search/etablissement+wellness+Virville%2BFrance/,traité (2026-08-22 22:07)
https://www.google.com/maps/search/etablissement+wellness+Viry%2BFrance/,traité (2026-08-22 22:08)
https://www.google.com/maps/search/etablissement+wellness+Viry%2BFrance/,traité (2026-08-22 22:08)
https://www.google.com/maps/search/etablissement+wellness+Viry%2BFrance/,traité (2026-08-22 22:08)
https://www.google.com/maps/search/etablissement+wellness+Viry-Châtillon%2BFrance/,traité (2026-08-22 22:08)
https://www.google.com/maps/search/etablissement+wellness+Viry-Noureuil%2BFrance/,traité (2026-08-22 22:10)
https://www.google.com/maps/search/etablissement+wellness+Vis-en-Artois%2BFrance/,traité (2026-08-22 22:10)
https://www.google.com/maps/search/etablissement+wellness+Visan%2BFrance/,traité (2026-08-22 22:10)
https://www.google.com/maps/search/etablissement+wellness+Viscomtat%2BFrance/,traité (2026-08-22 22:10)
https://www.google.com/maps/search/etablissement+wellness+Viscos%2BFrance/,traité (2026-08-22 22:10)
https://www.google.com/maps/search/etablissement+wellness+Viserny%2BFrance/,traité (2026-08-22 22:10)
https://www.google.com/maps/search/etablissement+wellness+Visker%2BFrance/,traité (2026-08-22 22:11)
https://www.google.com/maps/search/etablissement+wellness+Vismes%2BFrance/,traité (2026-08-22 22:11)
https://www.google.com/maps/search/etablissement+wellness+Visoncourt%2BFrance/,traité (2026-08-22 22:11)
https://www.google.com/maps/search/etablissement+wellness+Vissac-Auteyrac%2BFrance/,traité (2026-08-22 22:12)
https://www.google.com/maps/search/etablissement+wellness+Vissec%2BFrance/,traité (2026-08-22 22:14)
https://www.google.com/maps/search/etablissement+wellness+Visseiche%2BFrance/,traité (2026-08-22 22:14)
https://www.google.com/maps/search/etablissement+wellness+Viterbe%2BFrance/,traité (2026-08-22 22:14)
https://www.google.com/maps/search/etablissement+wellness+Viterne%2BFrance/,traité (2026-08-22 22:14)
https://www.google.com/maps/search/etablissement+wellness+Vitot%2BFrance/,traité (2026-08-22 22:14)
https://www.google.com/maps/search/etablissement+wellness+Vitrac%2BFrance/,traité (2026-08-22 22:15)
https://www.google.com/maps/search/etablissement+wellness+Vitrac%2BFrance/,traité (2026-08-22 22:15)
https://www.google.com/maps/search/etablissement+wellness+Vitrac%2BFrance/,traité (2026-08-22 22:15)
https://www.google.com/maps/search/etablissement+wellness+Vitrac-Saint-Vincent%2BFrance/,traité (2026-08-22 22:16)
https://www.google.com/maps/search/etablissement+wellness+Vitrac-sur-Montane%2BFrance/,traité (2026-08-22 22:16)
https://www.google.com/maps/search/etablissement+wellness+Vitrai-sous-Laigle%2BFrance/,
https://www.google.com/maps/search/etablissement+wellness+Vitray%2BFrance/,
https://www.google.com/maps/search/etablissement+wellness+Vitray-en-Beauce%2BFrance/,
https://www.google.com/maps/search/etablissement+wellness+Vitré%2BFrance/,
https://www.google.com/maps/search/etablissement+wellness+Vitreux%2BFrance/,
https://www.google.com/maps/search/etablissement+wellness+Vitrey%2BFrance/,
https://www.google.com/maps/search/etablissement+wellness+Vitrey-sur-Mance%2BFrance/,
https://www.google.com/maps/search/etablissement+wellness+Vitrimont%2BFrance/,
https://www.google.com/maps/search/etablissement+wellness+Vitrolles%2BFrance/,
https://www.google.com/maps/search/etablissement+wellness+Vitrolles%2BFrance/,
https://www.google.com/maps/search/etablissement+wellness+Vitrolles-en-Lubéron%2BFrance/,
https://www.google.com/maps/search/etablissement+wellness+Vitry-aux-Loges%2BFrance/,
https://www.google.com/maps/search/etablissement+wellness+Vitry-en-Artois%2BFrance/,
https://www.google.com/maps/search/etablissement+wellness+Vitry-en-Charollais%2BFrance/,
https://www.google.com/maps/search/etablissement+wellness+Vitry-en-Montagne%2BFrance/,
https://www.google.com/maps/search/etablissement+wellness+Vitry-en-Perthois%2BFrance/,
https://www.google.com/maps/search/etablissement+wellness+Vitry-la-Ville%2BFrance/,
https://www.google.com/maps/search/etablissement+wellness+Vitry-Laché%2BFrance/,
https://www.google.com/maps/search/etablissement+wellness+Vitry-le-Croisé%2BFrance/,
https://www.google.com/maps/search/etablissement+wellness+Vitry-le-François%2BFrance/,
https://www.google.com/maps/search/etablissement+wellness+Vitry-lès-Cluny%2BFrance/,
https://www.google.com/maps/search/etablissement+wellness+Vitry-lès-Nogent%2BFrance/,
https://www.google.com/maps/search/etablissement+wellness+Vitry-sur-Loire%2BFrance/,
https://www.google.com/maps/search/etablissement+wellness+Vitry-sur-Orne%2BFrance/,
https://www.google.com/maps/search/etablissement+wellness+Vitry-sur-Seine%2BFrance/,
https://www.google.com/maps/search/etablissement+wellness+Vittarville%2BFrance/,
https://www.google.com/maps/search/etablissement+wellness+Vitteaux%2BFrance/,
https://www.google.com/maps/search/etablissement+wellness+Vittefleur%2BFrance/,
https://www.google.com/maps/search/etablissement+wellness+Vittel%2BFrance/,
https://www.google.com/maps/search/etablissement+wellness+Vittersbourg%2BFrance/,
https://www.google.com/maps/search/etablissement+wellness+Vittoncourt%2BFrance/,
https://www.google.com/maps/search/etablissement+wellness+Vittonville%2BFrance/,
https://www.google.com/maps/search/etablissement+wellness+Vitz-sur-Authie%2BFrance/,
https://www.google.com/maps/search/etablissement+wellness+Viuz-en-Sallaz%2BFrance/,
https://www.google.com/maps/search/etablissement+wellness+Viuz-la-Chiésaz%2BFrance/,
https://www.google.com/maps/search/etablissement+wellness+Vivaise%2BFrance/,
https://www.google.com/maps/search/etablissement+wellness+Vivans%2BFrance/,
https://www.google.com/maps/search/etablissement+wellness+Vivario%2BFrance/,
https://www.google.com/maps/search/etablissement+wellness+Viven%2BFrance/,
https://www.google.com/maps/search/etablissement+wellness+Viverols%2BFrance/,
https://www.google.com/maps/search/etablissement+wellness+Vivès%2BFrance/,
https://www.google.com/maps/search/etablissement+wellness+Vivey%2BFrance/,
https://www.google.com/maps/search/etablissement+wellness+Le Vivier%2BFrance/,
https://www.google.com/maps/search/etablissement+wellness+Vivier-au-Court%2BFrance/,
https://www.google.com/maps/search/etablissement+wellness+Le Vivier-sur-Mer%2BFrance/,
https://www.google.com/maps/search/etablissement+wellness+Vivières%2BFrance/,
https://www.google.com/maps/search/etablissement+wellness+Viviers%2BFrance/,
https://www.google.com/maps/search/etablissement+wellness+Viviers%2BFrance/,
https://www.google.com/maps/search/etablissement+wellness+Viviers%2BFrance/,
https://www.google.com/maps/search/etablissement+wellness+Viviers-du-Lac%2BFrance/,
https://www.google.com/maps/search/etablissement+wellness+Viviers-le-Gras%2BFrance/,
https://www.google.com/maps/search/etablissement+wellness+Viviers-lès-Lavaur%2BFrance/,
https://www.google.com/maps/search/etablissement+wellness+Viviers-lès-Montagnes%2BFrance/,
https://www.google.com/maps/search/etablissement+wellness+Viviers-lès-Offroicourt%2BFrance/,
https://www.google.com/maps/search/etablissement+wellness+Viviers-sur-Artaut%2BFrance/,
https://www.google.com/maps/search/etablissement+wellness+Viviers-sur-Chiers%2BFrance/,
https://www.google.com/maps/search/etablissement+wellness+Viviès%2BFrance/,
https://www.google.com/maps/search/etablissement+wellness+Viviez%2BFrance/,
https://www.google.com/maps/search/etablissement+wellness+Viville%2BFrance/,
https://www.google.com/maps/search/etablissement+wellness+Vivoin%2BFrance/,
https://www.google.com/maps/search/etablissement+wellness+Vivonne%2BFrance/,
https://www.google.com/maps/search/etablissement+wellness+Vivy%2BFrance/,
https://www.google.com/maps/search/etablissement+wellness+Vix%2BFrance/,
https://www.google.com/maps/search/etablissement+wellness+Vix%2BFrance/,
https://www.google.com/maps/search/etablissement+wellness+Vizille%2BFrance/,
https://www.google.com/maps/search/etablissement+wellness+Vizos%2BFrance/,
https://www.google.com/maps/search/etablissement+wellness+Vocance%2BFrance/,
https://www.google.com/maps/search/etablissement+wellness+Vodable%2BFrance/,
https://www.google.com/maps/search/etablissement+wellness+Vœgtlinshoffen%2BFrance/,
https://www.google.com/maps/search/etablissement+wellness+Vœlfling-lès-Bouzonville%2BFrance/,
https://www.google.com/maps/search/etablissement+wellness+Vœllerdingen%2BFrance/,
https://www.google.com/maps/search/etablissement+wellness+Vœuil-et-Giget%2BFrance/,
https://www.google.com/maps/search/etablissement+wellness+La Vôge-les-Bains%2BFrance/,
https://www.google.com/maps/search/etablissement+wellness+Vogelgrun%2BFrance/,
https://www.google.com/maps/search/etablissement+wellness+Voglans%2BFrance/,
https://www.google.com/maps/search/etablissement+wellness+Vogüé%2BFrance/,
https://www.google.com/maps/search/etablissement+wellness+Voharies%2BFrance/,
https://www.google.com/maps/search/etablissement+wellness+Void-Vacon%2BFrance/,
https://www.google.com/maps/search/etablissement+wellness+Voigny%2BFrance/,
https://www.google.com/maps/search/etablissement+wellness+Voilemont%2BFrance/,
https://www.google.com/maps/search/etablissement+wellness+Voillans%2BFrance/,
https://www.google.com/maps/search/etablissement+wellness+Voillecomte%2BFrance/,
https://www.google.com/maps/search/etablissement+wellness+Voimhaut%2BFrance/,
https://www.google.com/maps/search/etablissement+wellness+Voinémont%2BFrance/,
https://www.google.com/maps/search/etablissement+wellness+Voingt%2BFrance/,
https://www.google.com/maps/search/etablissement+wellness+Voinsles%2BFrance/,
https://www.google.com/maps/search/etablissement+wellness+Voipreux%2BFrance/,
https://www.google.com/maps/search/etablissement+wellness+Voires%2BFrance/,
https://www.google.com/maps/search/etablissement+wellness+Voiron%2BFrance/,
https://www.google.com/maps/search/etablissement+wellness+Voiscreville%2BFrance/,
https://www.google.com/maps/search/etablissement+wellness+Voise%2BFrance/,
https://www.google.com/maps/search/etablissement+wellness+Voisenon%2BFrance/,
https://www.google.com/maps/search/etablissement+wellness+Voisey%2BFrance/,
https://www.google.com/maps/search/etablissement+wellness+Voisines%2BFrance/,
https://www.google.com/maps/search/etablissement+wellness+Voisines%2BFrance/,
https://www.google.com/maps/search/etablissement+wellness+Voisins-le-Bretonneux%2BFrance/,
https://www.google.com/maps/search/etablissement+wellness+Voissant%2BFrance/,
https://www.google.com/maps/search/etablissement+wellness+Voissay%2BFrance/,
https://www.google.com/maps/search/etablissement+wellness+Voiteur%2BFrance/,
https://www.google.com/maps/search/etablissement+wellness+La Voivre%2BFrance/,
https://www.google.com/maps/search/etablissement+wellness+La Voivre%2BFrance/,
https://www.google.com/maps/search/etablissement+wellness+Les Voivres%2BFrance/,
https://www.google.com/maps/search/etablissement+wellness+Voivres-lès-le-Mans%2BFrance/,
https://www.google.com/maps/search/etablissement+wellness+Volckerinckhove%2BFrance/,
https://www.google.com/maps/search/etablissement+wellness+Volesvres%2BFrance/,
https://www.google.com/maps/search/etablissement+wellness+Volgelsheim%2BFrance/,
https://www.google.com/maps/search/etablissement+wellness+Volgré%2BFrance/,
https://www.google.com/maps/search/etablissement+wellness+Volksberg%2BFrance/,
https://www.google.com/maps/search/etablissement+wellness+Vollore-Montagne%2BFrance/,
https://www.google.com/maps/search/etablissement+wellness+Vollore-Ville%2BFrance/,
https://www.google.com/maps/search/etablissement+wellness+Volmerange-lès-Boulay%2BFrance/,
https://www.google.com/maps/search/etablissement+wellness+Volmerange-les-Mines%2BFrance/,
https://www.google.com/maps/search/etablissement+wellness+Volmunster%2BFrance/,
https://www.google.com/maps/search/etablissement+wellness+Volnay%2BFrance/,
https://www.google.com/maps/search/etablissement+wellness+Volnay%2BFrance/,
https://www.google.com/maps/search/etablissement+wellness+Volon%2BFrance/,
https://www.google.com/maps/search/etablissement+wellness+Volonne%2BFrance/,
https://www.google.com/maps/search/etablissement+wellness+Volpajola%2BFrance/,
https://www.google.com/maps/search/etablissement+wellness+Volstroff%2BFrance/,
https://www.google.com/maps/search/etablissement+wellness+Volvent%2BFrance/,
https://www.google.com/maps/search/etablissement+wellness+Volvic%2BFrance/,
https://www.google.com/maps/search/etablissement+wellness+Volx%2BFrance/,
https://www.google.com/maps/search/etablissement+wellness+Vomécourt%2BFrance/,
https://www.google.com/maps/search/etablissement+wellness+Vomécourt-sur-Madon%2BFrance/,
https://www.google.com/maps/search/etablissement+wellness+Voncourt%2BFrance/,
https://www.google.com/maps/search/etablissement+wellness+Voncq%2BFrance/,
https://www.google.com/maps/search/etablissement+wellness+Vonges%2BFrance/,
https://www.google.com/maps/search/etablissement+wellness+Vongnes%2BFrance/,
https://www.google.com/maps/search/etablissement+wellness+Vonnas%2BFrance/,
https://www.google.com/maps/search/etablissement+wellness+Voray-sur-l'Ognon%2BFrance/,
https://www.google.com/maps/search/etablissement+wellness+Voreppe%2BFrance/,
https://www.google.com/maps/search/etablissement+wellness+Vorey%2BFrance/,
https://www.google.com/maps/search/etablissement+wellness+Vorges%2BFrance/,
https://www.google.com/maps/search/etablissement+wellness+Vorges-les-Pins%2BFrance/,
https://www.google.com/maps/search/etablissement+wellness+Vorly%2BFrance/,
https://www.google.com/maps/search/etablissement+wellness+Vornay%2BFrance/,
https://www.google.com/maps/search/etablissement+wellness+Vosbles-Valfin%2BFrance/,
https://www.google.com/maps/search/etablissement+wellness+Vosne-Romanée%2BFrance/,
https://www.google.com/maps/search/etablissement+wellness+Vosnon%2BFrance/,
https://www.google.com/maps/search/etablissement+wellness+Vou%2BFrance/,
https://www.google.com/maps/search/etablissement+wellness+Vouarces%2BFrance/,
https://www.google.com/maps/search/etablissement+wellness+Voudenay%2BFrance/,
https://www.google.com/maps/search/etablissement+wellness+Voué%2BFrance/,
https://www.google.com/maps/search/etablissement+wellness+Vouécourt%2BFrance/,
https://www.google.com/maps/search/etablissement+wellness+Vougécourt%2BFrance/,
https://www.google.com/maps/search/etablissement+wellness+Vougeot%2BFrance/,
https://www.google.com/maps/search/etablissement+wellness+Vougrey%2BFrance/,
https://www.google.com/maps/search/etablissement+wellness+Vougy%2BFrance/,
https://www.google.com/maps/search/etablissement+wellness+Vougy%2BFrance/,
https://www.google.com/maps/search/etablissement+wellness+Vouharte%2BFrance/,
https://www.google.com/maps/search/etablissement+wellness+Vouhé%2BFrance/,
https://www.google.com/maps/search/etablissement+wellness+Vouhé%2BFrance/,
https://www.google.com/maps/search/etablissement+wellness+Vouhenans%2BFrance/,
https://www.google.com/maps/search/etablissement+wellness+Vouillé%2BFrance/,
https://www.google.com/maps/search/etablissement+wellness+Vouillé%2BFrance/,
https://www.google.com/maps/search/etablissement+wellness+Vouillé-les-Marais%2BFrance/,
https://www.google.com/maps/search/etablissement+wellness+Vouillers%2BFrance/,
https://www.google.com/maps/search/etablissement+wellness+Vouillon%2BFrance/,
https://www.google.com/maps/search/etablissement+wellness+Vouilly%2BFrance/,
https://www.google.com/maps/search/etablissement+wellness+Voujeaucourt%2BFrance/,
https://www.google.com/maps/search/etablissement+wellness+Voulaines-les-Templiers%2BFrance/,
https://www.google.com/maps/search/etablissement+wellness+Voulangis%2BFrance/,
https://www.google.com/maps/search/etablissement+wellness+Voulême%2BFrance/,
https://www.google.com/maps/search/etablissement+wellness+Voulgézac%2BFrance/,
https://www.google.com/maps/search/etablissement+wellness+Voulmentin%2BFrance/,
https://www.google.com/maps/search/etablissement+wellness+Voulon%2BFrance/,
https://www.google.com/maps/search/etablissement+wellness+Voulpaix%2BFrance/,
https://www.google.com/maps/search/etablissement+wellness+La Voulte-sur-Rhône%2BFrance/,
https://www.google.com/maps/search/etablissement+wellness+Voulton%2BFrance/,
https://www.google.com/maps/search/etablissement+wellness+Voulx%2BFrance/,
https://www.google.com/maps/search/etablissement+wellness+Vouneuil-sous-Biard%2BFrance/,
https://www.google.com/maps/search/etablissement+wellness+Vouneuil-sur-Vienne%2BFrance/,
https://www.google.com/maps/search/etablissement+wellness+Vourey%2BFrance/,
https://www.google.com/maps/search/etablissement+wellness+Vourles%2BFrance/,
https://www.google.com/maps/search/etablissement+wellness+Voussac%2BFrance/,
https://www.google.com/maps/search/etablissement+wellness+Voutenay-sur-Cure%2BFrance/,
https://www.google.com/maps/search/etablissement+wellness+Voutezac%2BFrance/,
https://www.google.com/maps/search/etablissement+wellness+Vouthon%2BFrance/,
https://www.google.com/maps/search/etablissement+wellness+Vouthon-Bas%2BFrance/,
https://www.google.com/maps/search/etablissement+wellness+Vouthon-Haut%2BFrance/,
https://www.google.com/maps/search/etablissement+wellness+Voutré%2BFrance/,
https://www.google.com/maps/search/etablissement+wellness+Vouvant%2BFrance/,
https://www.google.com/maps/search/etablissement+wellness+Vouvray%2BFrance/,
https://www.google.com/maps/search/etablissement+wellness+Vouvray-sur-Huisne%2BFrance/,
https://www.google.com/maps/search/etablissement+wellness+Vouvray-sur-Loir%2BFrance/,
https://www.google.com/maps/search/etablissement+wellness+Vouxey%2BFrance/,
https://www.google.com/maps/search/etablissement+wellness+Vouzailles%2BFrance/,
https://www.google.com/maps/search/etablissement+wellness+Vouzan%2BFrance/,
https://www.google.com/maps/search/etablissement+wellness+Vouzeron%2BFrance/,
https://www.google.com/maps/search/etablissement+wellness+Vouziers%2BFrance/,
https://www.google.com/maps/search/etablissement+wellness+Vouzon%2BFrance/,
https://www.google.com/maps/search/etablissement+wellness+Vouzy%2BFrance/,
https://www.google.com/maps/search/etablissement+wellness+Vovray-en-Bornes%2BFrance/,
https://www.google.com/maps/search/etablissement+wellness+Voyenne%2BFrance/,
https://www.google.com/maps/search/etablissement+wellness+Voyennes%2BFrance/,
https://www.google.com/maps/search/etablissement+wellness+Voyer%2BFrance/,
https://www.google.com/maps/search/etablissement+wellness+La Vraie-Croix%2BFrance/,
https://www.google.com/maps/search/etablissement+wellness+Vraignes-en-Vermandois%2BFrance/,
https://www.google.com/maps/search/etablissement+wellness+Vraignes-lès-Hornoy%2BFrance/,
https://www.google.com/maps/search/etablissement+wellness+Vraincourt%2BFrance/,
https://www.google.com/maps/search/etablissement+wellness+Vraiville%2BFrance/,
https://www.google.com/maps/search/etablissement+wellness+Vraux%2BFrance/,
https://www.google.com/maps/search/etablissement+wellness+Vrécourt%2BFrance/,
https://www.google.com/maps/search/etablissement+wellness+Vred%2BFrance/,
https://www.google.com/maps/search/etablissement+wellness+Vregille%2BFrance/,
https://www.google.com/maps/search/etablissement+wellness+Vregny%2BFrance/,
https://www.google.com/maps/search/etablissement+wellness+Vrély%2BFrance/,
https://www.google.com/maps/search/etablissement+wellness+Vriange%2BFrance/,
https://www.google.com/maps/search/etablissement+wellness+Vrigne aux Bois%2BFrance/,
https://www.google.com/maps/search/etablissement+wellness+Vrigne-Meuse%2BFrance/,
https://www.google.com/maps/search/etablissement+wellness+Vrigny%2BFrance/,
https://www.google.com/maps/search/etablissement+wellness+Vrigny%2BFrance/,
https://www.google.com/maps/search/etablissement+wellness+Vritz%2BFrance/,
https://www.google.com/maps/search/etablissement+wellness+Vrizy%2BFrance/,
https://www.google.com/maps/search/etablissement+wellness+Vrocourt%2BFrance/,
https://www.google.com/maps/search/etablissement+wellness+Vroil%2BFrance/,
https://www.google.com/maps/search/etablissement+wellness+Vron%2BFrance/,
https://www.google.com/maps/search/etablissement+wellness+Vroncourt%2BFrance/,
https://www.google.com/maps/search/etablissement+wellness+Vroncourt-la-Côte%2BFrance/,
https://www.google.com/maps/search/etablissement+wellness+Vroville%2BFrance/,
https://www.google.com/maps/search/etablissement+wellness+Vry%2BFrance/,
https://www.google.com/maps/search/etablissement+wellness+Vue%2BFrance/,
https://www.google.com/maps/search/etablissement+wellness+Vuillafans%2BFrance/,
https://www.google.com/maps/search/etablissement+wellness+Vuillecin%2BFrance/,
https://www.google.com/maps/search/etablissement+wellness+Vuillery%2BFrance/,
https://www.google.com/maps/search/etablissement+wellness+Vulaines%2BFrance/,
https://www.google.com/maps/search/etablissement+wellness+Vulaines-lès-Provins%2BFrance/,
https://www.google.com/maps/search/etablissement+wellness+Vulaines-sur-Seine%2BFrance/,
https://www.google.com/maps/search/etablissement+wellness+Vulbens%2BFrance/,
https://www.google.com/maps/search/etablissement+wellness+Vulmont%2BFrance/,
https://www.google.com/maps/search/etablissement+wellness+Vulvoz%2BFrance/,
https://www.google.com/maps/search/etablissement+wellness+Vy-le-Ferroux%2BFrance/,
https://www.google.com/maps/search/etablissement+wellness+Vy-lès-Filain%2BFrance/,
https://www.google.com/maps/search/etablissement+wellness+Vy-lès-Lure%2BFrance/,
https://www.google.com/maps/search/etablissement+wellness+Vy-lès-Rupt%2BFrance/,
https://www.google.com/maps/search/etablissement+wellness+Vyans-le-Val%2BFrance/,
https://www.google.com/maps/search/etablissement+wellness+Vyt-lès-Belvoir%2BFrance/,
https://www.google.com/maps/search/etablissement+wellness+Waben%2BFrance/,
https://www.google.com/maps/search/etablissement+wellness+Wacquemoulin%2BFrance/,
https://www.google.com/maps/search/etablissement+wellness+Wacquinghen%2BFrance/,
https://www.google.com/maps/search/etablissement+wellness+Wadelincourt%2BFrance/,
https://www.google.com/maps/search/etablissement+wellness+Wagnon%2BFrance/,
https://www.google.com/maps/search/etablissement+wellness+Wahagnies%2BFrance/,
https://www.google.com/maps/search/etablissement+wellness+Wahlbach%2BFrance/,
https://www.google.com/maps/search/etablissement+wellness+Wahlenheim%2BFrance/,
https://www.google.com/maps/search/etablissement+wellness+Wail%2BFrance/,
https://www.google.com/maps/search/etablissement+wellness+Wailly%2BFrance/,
https://www.google.com/maps/search/etablissement+wellness+Wailly-Beaucamp%2BFrance/,
https://www.google.com/maps/search/etablissement+wellness+Walbach%2BFrance/,
https://www.google.com/maps/search/etablissement+wellness+Walbourg%2BFrance/,
https://www.google.com/maps/search/etablissement+wellness+Waldersbach%2BFrance/,
https://www.google.com/maps/search/etablissement+wellness+Waldhambach%2BFrance/,
https://www.google.com/maps/search/etablissement+wellness+Waldhouse%2BFrance/,
https://www.google.com/maps/search/etablissement+wellness+Waldighofen%2BFrance/,
https://www.google.com/maps/search/etablissement+wellness+Waldolwisheim%2BFrance/,
https://www.google.com/maps/search/etablissement+wellness+Waldweistroff%2BFrance/,
https://www.google.com/maps/search/etablissement+wellness+Waldwisse%2BFrance/,
https://www.google.com/maps/search/etablissement+wellness+Walheim%2BFrance/,
https://www.google.com/maps/search/etablissement+wellness+Walincourt-Selvigny%2BFrance/,
https://www.google.com/maps/search/etablissement+wellness+Wallers%2BFrance/,
https://www.google.com/maps/search/etablissement+wellness+Wallers-en-Fagne%2BFrance/,
https://www.google.com/maps/search/etablissement+wellness+Wallon-Cappel%2BFrance/,
https://www.google.com/maps/search/etablissement+wellness+Walschbronn%2BFrance/,
https://www.google.com/maps/search/etablissement+wellness+Walscheid%2BFrance/,
https://www.google.com/maps/search/etablissement+wellness+Waltembourg%2BFrance/,
https://www.google.com/maps/search/etablissement+wellness+Waltenheim%2BFrance/,
https://www.google.com/maps/search/etablissement+wellness+Waltenheim-sur-Zorn%2BFrance/,
https://www.google.com/maps/search/etablissement+wellness+Waly%2BFrance/,
https://www.google.com/maps/search/etablissement+wellness+Wambaix%2BFrance/,
https://www.google.com/maps/search/etablissement+wellness+Wambercourt%2BFrance/,
https://www.google.com/maps/search/etablissement+wellness+Wambez%2BFrance/,
https://www.google.com/maps/search/etablissement+wellness+Wambrechies%2BFrance/,
https://www.google.com/maps/search/etablissement+wellness+Wamin%2BFrance/,
https://www.google.com/maps/search/etablissement+wellness+Wanchy-Capval%2BFrance/,
https://www.google.com/maps/search/etablissement+wellness+Wancourt%2BFrance/,
https://www.google.com/maps/search/etablissement+wellness+Wandignies-Hamage%2BFrance/,
https://www.google.com/maps/search/etablissement+wellness+Wangen%2BFrance/,
https://www.google.com/maps/search/etablissement+wellness+Wangenbourg-Engenthal%2BFrance/,
https://www.google.com/maps/search/etablissement+wellness+Wannehain%2BFrance/,
https://www.google.com/maps/search/etablissement+wellness+Wanquetin%2BFrance/,
https://www.google.com/maps/search/etablissement+wellness+La Wantzenau%2BFrance/,
https://www.google.com/maps/search/etablissement+wellness+Warcq%2BFrance/,
https://www.google.com/maps/search/etablissement+wellness+Warcq%2BFrance/,
https://www.google.com/maps/search/etablissement+wellness+Wardrecques%2BFrance/,
https://www.google.com/maps/search/etablissement+wellness+Wargemoulin-Hurlus%2BFrance/,
https://www.google.com/maps/search/etablissement+wellness+Wargnies%2BFrance/,
https://www.google.com/maps/search/etablissement+wellness+Wargnies-le-Grand%2BFrance/,
https://www.google.com/maps/search/etablissement+wellness+Wargnies-le-Petit%2BFrance/,
https://www.google.com/maps/search/etablissement+wellness+Warhem%2BFrance/,
https://www.google.com/maps/search/etablissement+wellness+Warlaing%2BFrance/,
https://www.google.com/maps/search/etablissement+wellness+Warlencourt-Eaucourt%2BFrance/,
https://www.google.com/maps/search/etablissement+wellness+Warlincourt-lès-Pas%2BFrance/,
https://www.google.com/maps/search/etablissement+wellness+Warloy-Baillon%2BFrance/,
https://www.google.com/maps/search/etablissement+wellness+Warluis%2BFrance/,
https://www.google.com/maps/search/etablissement+wellness+Warlus%2BFrance/,
https://www.google.com/maps/search/etablissement+wellness+Warlus%2BFrance/,
https://www.google.com/maps/search/etablissement+wellness+Warluzel%2BFrance/,
https://www.google.com/maps/search/etablissement+wellness+Warmeriville%2BFrance/,
https://www.google.com/maps/search/etablissement+wellness+Warnécourt%2BFrance/,
https://www.google.com/maps/search/etablissement+wellness+Warneton%2BFrance/,
https://www.google.com/maps/search/etablissement+wellness+Warsy%2BFrance/,
https://www.google.com/maps/search/etablissement+wellness+Warvillers%2BFrance/,
https://www.google.com/maps/search/etablissement+wellness+Wasigny%2BFrance/,
https://www.google.com/maps/search/etablissement+wellness+Wasnes-au-Bac%2BFrance/,
https://www.google.com/maps/search/etablissement+wellness+Wasquehal%2BFrance/,
https://www.google.com/maps/search/etablissement+wellness+Wasselonne%2BFrance/,
https://www.google.com/maps/search/etablissement+wellness+Wasserbourg%2BFrance/,
https://www.google.com/maps/search/etablissement+wellness+Wassigny%2BFrance/,
https://www.google.com/maps/search/etablissement+wellness+Wassy%2BFrance/,
https://www.google.com/maps/search/etablissement+wellness+Le Wast%2BFrance/,
https://www.google.com/maps/search/etablissement+wellness+Watigny%2BFrance/,
https://www.google.com/maps/search/etablissement+wellness+Watronville%2BFrance/,
https://www.google.com/maps/search/etablissement+wellness+Watten%2BFrance/,
https://www.google.com/maps/search/etablissement+wellness+Wattignies%2BFrance/,
https://www.google.com/maps/search/etablissement+wellness+Wattignies-la-Victoire%2BFrance/,
https://www.google.com/maps/search/etablissement+wellness+Wattrelos%2BFrance/,
https://www.google.com/maps/search/etablissement+wellness+Wattwiller%2BFrance/,
https://www.google.com/maps/search/etablissement+wellness+Wavignies%2BFrance/,
https://www.google.com/maps/search/etablissement+wellness+Waville%2BFrance/,
https://www.google.com/maps/search/etablissement+wellness+Wavrans-sur-l'Aa%2BFrance/,
https://www.google.com/maps/search/etablissement+wellness+Wavrans-sur-Ternoise%2BFrance/,
https://www.google.com/maps/search/etablissement+wellness+Wavrechain-sous-Denain%2BFrance/,
https://www.google.com/maps/search/etablissement+wellness+Wavrechain-sous-Faulx%2BFrance/,
https://www.google.com/maps/search/etablissement+wellness+Wavrille%2BFrance/,
https://www.google.com/maps/search/etablissement+wellness+Wavrin%2BFrance/,
https://www.google.com/maps/search/etablissement+wellness+Waziers%2BFrance/,
https://www.google.com/maps/search/etablissement+wellness+Weckolsheim%2BFrance/,
https://www.google.com/maps/search/etablissement+wellness+Wegscheid%2BFrance/,
https://www.google.com/maps/search/etablissement+wellness+Weinbourg%2BFrance/,
https://www.google.com/maps/search/etablissement+wellness+Weislingen%2BFrance/,
https://www.google.com/maps/search/etablissement+wellness+Weitbruch%2BFrance/,
https://www.google.com/maps/search/etablissement+wellness+Weiterswiller%2BFrance/,
https://www.google.com/maps/search/etablissement+wellness+Welles-Pérennes%2BFrance/,
https://www.google.com/maps/search/etablissement+wellness+Wemaers-Cappel%2BFrance/,
https://www.google.com/maps/search/etablissement+wellness+Wentzwiller%2BFrance/,
https://www.google.com/maps/search/etablissement+wellness+Werentzhouse%2BFrance/,
https://www.google.com/maps/search/etablissement+wellness+Wervicq-Sud%2BFrance/,
https://www.google.com/maps/search/etablissement+wellness+West-Cappel%2BFrance/,
https://www.google.com/maps/search/etablissement+wellness+Westhalten%2BFrance/,
https://www.google.com/maps/search/etablissement+wellness+Westhoffen%2BFrance/,
https://www.google.com/maps/search/etablissement+wellness+Westhouse%2BFrance/,
https://www.google.com/maps/search/etablissement+wellness+Westhouse-Marmoutier%2BFrance/,
https://www.google.com/maps/search/etablissement+wellness+Westrehem%2BFrance/,
https://www.google.com/maps/search/etablissement+wellness+Wettolsheim%2BFrance/,
https://www.google.com/maps/search/etablissement+wellness+Weyer%2BFrance/,
https://www.google.com/maps/search/etablissement+wellness+Weyersheim%2BFrance/,
https://www.google.com/maps/search/etablissement+wellness+Wickerschwihr%2BFrance/,
https://www.google.com/maps/search/etablissement+wellness+Wickersheim-Wilshausen%2BFrance/,
https://www.google.com/maps/search/etablissement+wellness+Wicquinghem%2BFrance/,
https://www.google.com/maps/search/etablissement+wellness+Wicres%2BFrance/,
https://www.google.com/maps/search/etablissement+wellness+Widehem%2BFrance/,
https://www.google.com/maps/search/etablissement+wellness+Widensolen%2BFrance/,
https://www.google.com/maps/search/etablissement+wellness+Wiège-Faty%2BFrance/,
https://www.google.com/maps/search/etablissement+wellness+Wiencourt-l'Équipée%2BFrance/,
https://www.google.com/maps/search/etablissement+wellness+Wierre-au-Bois%2BFrance/,
https://www.google.com/maps/search/etablissement+wellness+Wierre-Effroy%2BFrance/,
https://www.google.com/maps/search/etablissement+wellness+Wiesviller%2BFrance/,
https://www.google.com/maps/search/etablissement+wellness+Wignehies%2BFrance/,
https://www.google.com/maps/search/etablissement+wellness+Wignicourt%2BFrance/,
https://www.google.com/maps/search/etablissement+wellness+Wihr-au-Val%2BFrance/,
https://www.google.com/maps/search/etablissement+wellness+Wildenstein%2BFrance/,
https://www.google.com/maps/search/etablissement+wellness+Wildersbach%2BFrance/,
https://www.google.com/maps/search/etablissement+wellness+Willeman%2BFrance/,
https://www.google.com/maps/search/etablissement+wellness+Willems%2BFrance/,
https://www.google.com/maps/search/etablissement+wellness+Willencourt%2BFrance/,
https://www.google.com/maps/search/etablissement+wellness+Willer%2BFrance/,
https://www.google.com/maps/search/etablissement+wellness+Willer-sur-Thur%2BFrance/,
https://www.google.com/maps/search/etablissement+wellness+Willeroncourt%2BFrance/,
https://www.google.com/maps/search/etablissement+wellness+Willerval%2BFrance/,
https://www.google.com/maps/search/etablissement+wellness+Willerwald%2BFrance/,
https://www.google.com/maps/search/etablissement+wellness+Willgottheim%2BFrance/,
https://www.google.com/maps/search/etablissement+wellness+Williers%2BFrance/,
https://www.google.com/maps/search/etablissement+wellness+Willies%2BFrance/,
https://www.google.com/maps/search/etablissement+wellness+Wilwisheim%2BFrance/,
https://www.google.com/maps/search/etablissement+wellness+Wimereux%2BFrance/,
https://www.google.com/maps/search/etablissement+wellness+Wimille%2BFrance/,
https://www.google.com/maps/search/etablissement+wellness+Wimmenau%2BFrance/,
https://www.google.com/maps/search/etablissement+wellness+Wimy%2BFrance/,
https://www.google.com/maps/search/etablissement+wellness+Windstein%2BFrance/,
https://www.google.com/maps/search/etablissement+wellness+Wingen%2BFrance/,
https://www.google.com/maps/search/etablissement+wellness+Wingen-sur-Moder%2BFrance/,
https://www.google.com/maps/search/etablissement+wellness+Wingersheim les Quatre Bans%2BFrance/,
https://www.google.com/maps/search/etablissement+wellness+Wingles%2BFrance/,
https://www.google.com/maps/search/etablissement+wellness+Winkel%2BFrance/,
https://www.google.com/maps/search/etablissement+wellness+Winnezeele%2BFrance/,
https://www.google.com/maps/search/etablissement+wellness+Wintersbourg%2BFrance/,
https://www.google.com/maps/search/etablissement+wellness+Wintershouse%2BFrance/,
https://www.google.com/maps/search/etablissement+wellness+Wintzenbach%2BFrance/,
https://www.google.com/maps/search/etablissement+wellness+Wintzenheim%2BFrance/,
https://www.google.com/maps/search/etablissement+wellness+Wintzenheim-Kochersberg%2BFrance/,
https://www.google.com/maps/search/etablissement+wellness+Wirwignes%2BFrance/,
https://www.google.com/maps/search/etablissement+wellness+Wiry-au-Mont%2BFrance/,
https://www.google.com/maps/search/etablissement+wellness+Wisches%2BFrance/,
https://www.google.com/maps/search/etablissement+wellness+Wisembach%2BFrance/,
https://www.google.com/maps/search/etablissement+wellness+Wiseppe%2BFrance/,
https://www.google.com/maps/search/etablissement+wellness+Wismes%2BFrance/,
https://www.google.com/maps/search/etablissement+wellness+Wisques%2BFrance/,
https://www.google.com/maps/search/etablissement+wellness+Wissant%2BFrance/,
https://www.google.com/maps/search/etablissement+wellness+Wissembourg%2BFrance/,
https://www.google.com/maps/search/etablissement+wellness+Wissignicourt%2BFrance/,
https://www.google.com/maps/search/etablissement+wellness+Wissous%2BFrance/,
https://www.google.com/maps/search/etablissement+wellness+Witry-lès-Reims%2BFrance/,
https://www.google.com/maps/search/etablissement+wellness+Wittelsheim%2BFrance/,
https://www.google.com/maps/search/etablissement+wellness+Wittenheim%2BFrance/,
https://www.google.com/maps/search/etablissement+wellness+Witternesse%2BFrance/,
https://www.google.com/maps/search/etablissement+wellness+Witternheim%2BFrance/,
https://www.google.com/maps/search/etablissement+wellness+Wittersdorf%2BFrance/,
https://www.google.com/maps/search/etablissement+wellness+Wittersheim%2BFrance/,
https://www.google.com/maps/search/etablissement+wellness+Wittes%2BFrance/,
https://www.google.com/maps/search/etablissement+wellness+Wittisheim%2BFrance/,
https://www.google.com/maps/search/etablissement+wellness+Wittring%2BFrance/,
https://www.google.com/maps/search/etablissement+wellness+Wiwersheim%2BFrance/,
https://www.google.com/maps/search/etablissement+wellness+Wizernes%2BFrance/,
https://www.google.com/maps/search/etablissement+wellness+Woël%2BFrance/,
https://www.google.com/maps/search/etablissement+wellness+Wœlfling-lès-Sarreguemines%2BFrance/,
https://www.google.com/maps/search/etablissement+wellness+Wœrth%2BFrance/,
https://www.google.com/maps/search/etablissement+wellness+Woignarue%2BFrance/,
https://www.google.com/maps/search/etablissement+wellness+Woimbey%2BFrance/,
https://www.google.com/maps/search/etablissement+wellness+Woincourt%2BFrance/,
https://www.google.com/maps/search/etablissement+wellness+Woippy%2BFrance/,
https://www.google.com/maps/search/etablissement+wellness+Woirel%2BFrance/,
https://www.google.com/maps/search/etablissement+wellness+Wolfersdorf%2BFrance/,
https://www.google.com/maps/search/etablissement+wellness+Wolfgantzen%2BFrance/,
https://www.google.com/maps/search/etablissement+wellness+Wolfisheim%2BFrance/,
https://www.google.com/maps/search/etablissement+wellness+Wolfskirchen%2BFrance/,
https://www.google.com/maps/search/etablissement+wellness+Wolschheim%2BFrance/,
https://www.google.com/maps/search/etablissement+wellness+Wolschwiller%2BFrance/,
https://www.google.com/maps/search/etablissement+wellness+Wolxheim%2BFrance/,
https://www.google.com/maps/search/etablissement+wellness+Wormhout%2BFrance/,
https://www.google.com/maps/search/etablissement+wellness+Woustviller%2BFrance/,
https://www.google.com/maps/search/etablissement+wellness+Wuenheim%2BFrance/,
https://www.google.com/maps/search/etablissement+wellness+Wuisse%2BFrance/,
https://www.google.com/maps/search/etablissement+wellness+Wulverdinghe%2BFrance/,
https://www.google.com/maps/search/etablissement+wellness+Wy-dit-Joli-Village%2BFrance/,
https://www.google.com/maps/search/etablissement+wellness+Wylder%2BFrance/,
https://www.google.com/maps/search/etablissement+wellness+Xaffévillers%2BFrance/,
https://www.google.com/maps/search/etablissement+wellness+Xaintrailles%2BFrance/,
https://www.google.com/maps/search/etablissement+wellness+Xaintray%2BFrance/,
https://www.google.com/maps/search/etablissement+wellness+Xambes%2BFrance/,
https://www.google.com/maps/search/etablissement+wellness+Xammes%2BFrance/,
https://www.google.com/maps/search/etablissement+wellness+Xamontarupt%2BFrance/,
https://www.google.com/maps/search/etablissement+wellness+Xanrey%2BFrance/,
https://www.google.com/maps/search/etablissement+wellness+Xanton-Chassenon%2BFrance/,
https://www.google.com/maps/search/etablissement+wellness+Xaronval%2BFrance/,
https://www.google.com/maps/search/etablissement+wellness+Xermaménil%2BFrance/,
https://www.google.com/maps/search/etablissement+wellness+Xertigny%2BFrance/,
https://www.google.com/maps/search/etablissement+wellness+Xeuilley%2BFrance/,
https://www.google.com/maps/search/etablissement+wellness+Xirocourt%2BFrance/,
https://www.google.com/maps/search/etablissement+wellness+Xivray-et-Marvoisin%2BFrance/,
https://www.google.com/maps/search/etablissement+wellness+Xivry-Circourt%2BFrance/,
https://www.google.com/maps/search/etablissement+wellness+Xocourt%2BFrance/,
https://www.google.com/maps/search/etablissement+wellness+Xonrupt-Longemer%2BFrance/,
https://www.google.com/maps/search/etablissement+wellness+Xonville%2BFrance/,
https://www.google.com/maps/search/etablissement+wellness+Xouaxange%2BFrance/,
https://www.google.com/maps/search/etablissement+wellness+Xousse%2BFrance/,
https://www.google.com/maps/search/etablissement+wellness+Xures%2BFrance/,
https://www.google.com/maps/search/etablissement+wellness+Y%2BFrance/,
https://www.google.com/maps/search/etablissement+wellness+Yainville%2BFrance/,
https://www.google.com/maps/search/etablissement+wellness+Yaucourt-Bussus%2BFrance/,
https://www.google.com/maps/search/etablissement+wellness+Ychoux%2BFrance/,
https://www.google.com/maps/search/etablissement+wellness+Ydes%2BFrance/,
https://www.google.com/maps/search/etablissement+wellness+Yébleron%2BFrance/,
https://www.google.com/maps/search/etablissement+wellness+Yèbles%2BFrance/,
https://www.google.com/maps/search/etablissement+wellness+Yenne%2BFrance/,
https://www.google.com/maps/search/etablissement+wellness+Yermenonville%2BFrance/,
https://www.google.com/maps/search/etablissement+wellness+Yerres%2BFrance/,
https://www.google.com/maps/search/etablissement+wellness+Yerville%2BFrance/,
https://www.google.com/maps/search/etablissement+wellness+Yèvre-la-Ville%2BFrance/,
https://www.google.com/maps/search/etablissement+wellness+Yèvres%2BFrance/,
https://www.google.com/maps/search/etablissement+wellness+Yèvres-le-Petit%2BFrance/,
https://www.google.com/maps/search/etablissement+wellness+Yffiniac%2BFrance/,
https://www.google.com/maps/search/etablissement+wellness+Ygos-Saint-Saturnin%2BFrance/,
https://www.google.com/maps/search/etablissement+wellness+Ygrande%2BFrance/,
https://www.google.com/maps/search/etablissement+wellness+Ymare%2BFrance/,
https://www.google.com/maps/search/etablissement+wellness+Ymeray%2BFrance/,
https://www.google.com/maps/search/etablissement+wellness+Ymonville%2BFrance/,
https://www.google.com/maps/search/etablissement+wellness+Yolet%2BFrance/,
https://www.google.com/maps/search/etablissement+wellness+Yoncq%2BFrance/,
https://www.google.com/maps/search/etablissement+wellness+Yonval%2BFrance/,
https://www.google.com/maps/search/etablissement+wellness+Youx%2BFrance/,
https://www.google.com/maps/search/etablissement+wellness+Yport%2BFrance/,
https://www.google.com/maps/search/etablissement+wellness+Ypreville-Biville%2BFrance/,
https://www.google.com/maps/search/etablissement+wellness+Yquebeuf%2BFrance/,
https://www.google.com/maps/search/etablissement+wellness+Yquelon%2BFrance/,
https://www.google.com/maps/search/etablissement+wellness+Yronde-et-Buron%2BFrance/,
https://www.google.com/maps/search/etablissement+wellness+Yrouerre%2BFrance/,
https://www.google.com/maps/search/etablissement+wellness+Yssac-la-Tourette%2BFrance/,
https://www.google.com/maps/search/etablissement+wellness+Yssandon%2BFrance/,
https://www.google.com/maps/search/etablissement+wellness+Yssingeaux%2BFrance/,
https://www.google.com/maps/search/etablissement+wellness+Ytrac%2BFrance/,
https://www.google.com/maps/search/etablissement+wellness+Ytres%2BFrance/,
https://www.google.com/maps/search/etablissement+wellness+Yutz%2BFrance/,
https://www.google.com/maps/search/etablissement+wellness+Yvecrique%2BFrance/,
https://www.google.com/maps/search/etablissement+wellness+Yvernaumont%2BFrance/,
https://www.google.com/maps/search/etablissement+wellness+Yversay%2BFrance/,
https://www.google.com/maps/search/etablissement+wellness+Yves%2BFrance/,
https://www.google.com/maps/search/etablissement+wellness+Les Yveteaux%2BFrance/,
https://www.google.com/maps/search/etablissement+wellness+Yvetot%2BFrance/,
https://www.google.com/maps/search/etablissement+wellness+Yvetot-Bocage%2BFrance/,
https://www.google.com/maps/search/etablissement+wellness+Yvias%2BFrance/,
https://www.google.com/maps/search/etablissement+wellness+Yviers%2BFrance/,
https://www.google.com/maps/search/etablissement+wellness+Yvignac-la-Tour%2BFrance/,
https://www.google.com/maps/search/etablissement+wellness+Yville-sur-Seine%2BFrance/,
https://www.google.com/maps/search/etablissement+wellness+Yvoire%2BFrance/,
https://www.google.com/maps/search/etablissement+wellness+Yvoy-le-Marron%2BFrance/,
https://www.google.com/maps/search/etablissement+wellness+Yvrac%2BFrance/,
https://www.google.com/maps/search/etablissement+wellness+Yvrac-et-Malleyrand%2BFrance/,
https://www.google.com/maps/search/etablissement+wellness+Yvré-l'Évêque%2BFrance/,
https://www.google.com/maps/search/etablissement+wellness+Yvré-le-Pôlin%2BFrance/,
https://www.google.com/maps/search/etablissement+wellness+Yvrench%2BFrance/,
https://www.google.com/maps/search/etablissement+wellness+Yvrencheux%2BFrance/,
https://www.google.com/maps/search/etablissement+wellness+Yzengremer%2BFrance/,
https://www.google.com/maps/search/etablissement+wellness+Yzernay%2BFrance/,
https://www.google.com/maps/search/etablissement+wellness+Yzeron%2BFrance/,
https://www.google.com/maps/search/etablissement+wellness+Yzeure%2BFrance/,
https://www.google.com/maps/search/etablissement+wellness+Yzeures-sur-Creuse%2BFrance/,
https://www.google.com/maps/search/etablissement+wellness+Yzeux%2BFrance/,
https://www.google.com/maps/search/etablissement+wellness+Yzosse%2BFrance/,
https://www.google.com/maps/search/etablissement+wellness+Zaessingue%2BFrance/,
https://www.google.com/maps/search/etablissement+wellness+Zalana%2BFrance/,
https://www.google.com/maps/search/etablissement+wellness+Zarbeling%2BFrance/,
https://www.google.com/maps/search/etablissement+wellness+Zegerscappel%2BFrance/,
https://www.google.com/maps/search/etablissement+wellness+Zehnacker%2BFrance/,
https://www.google.com/maps/search/etablissement+wellness+Zeinheim%2BFrance/,
https://www.google.com/maps/search/etablissement+wellness+Zellenberg%2BFrance/,
https://www.google.com/maps/search/etablissement+wellness+Zellwiller%2BFrance/,
https://www.google.com/maps/search/etablissement+wellness+Zermezeele%2BFrance/,
https://www.google.com/maps/search/etablissement+wellness+Zérubia%2BFrance/,
https://www.google.com/maps/search/etablissement+wellness+Zetting%2BFrance/,
https://www.google.com/maps/search/etablissement+wellness+Zévaco%2BFrance/,
https://www.google.com/maps/search/etablissement+wellness+Zicavo%2BFrance/,
https://www.google.com/maps/search/etablissement+wellness+Zigliara%2BFrance/,
https://www.google.com/maps/search/etablissement+wellness+Zilia%2BFrance/,
https://www.google.com/maps/search/etablissement+wellness+Zilling%2BFrance/,
https://www.google.com/maps/search/etablissement+wellness+Zillisheim%2BFrance/,
https://www.google.com/maps/search/etablissement+wellness+Zimmerbach%2BFrance/,
https://www.google.com/maps/search/etablissement+wellness+Zimmersheim%2BFrance/,
https://www.google.com/maps/search/etablissement+wellness+Zimming%2BFrance/,
https://www.google.com/maps/search/etablissement+wellness+Zincourt%2BFrance/,
https://www.google.com/maps/search/etablissement+wellness+Zinswiller%2BFrance/,
https://www.google.com/maps/search/etablissement+wellness+Zittersheim%2BFrance/,
https://www.google.com/maps/search/etablissement+wellness+Zœbersdorf%2BFrance/,
https://www.google.com/maps/search/etablissement+wellness+Zommange%2BFrance/,
https://www.google.com/maps/search/etablissement+wellness+Zonza%2BFrance/,
https://www.google.com/maps/search/etablissement+wellness+Zoteux%2BFrance/,
https://www.google.com/maps/search/etablissement+wellness+Zouafques%2BFrance/,
https://www.google.com/maps/search/etablissement+wellness+Zoufftgen%2BFrance/,
https://www.google.com/maps/search/etablissement+wellness+Zoza%2BFrance/,
https://www.google.com/maps/search/etablissement+wellness+Zuani%2BFrance/,
https://www.google.com/maps/search/etablissement+wellness+Zudausques%2BFrance/,
https://www.google.com/maps/search/etablissement+wellness+Zutkerque%2BFrance/,
https://www.google.com/maps/search/etablissement+wellness+Zuydcoote%2BFrance/,
https://www.google.com/maps/search/etablissement+wellness+Zuytpeene%2BFrance/,
